{"mean_test_balanced_accuracy": [0.8211477068348937, 0.8211477068348937, 0.8211477068348937, 0.8211477068348937, 0.9844393113264953, 0.9844393113264953, 0.9844393113264953, 0.9844393113264953, 0.986323509907858, 0.986323509907858, 0.986323509907858, 0.986323509907858, 0.986323509907858, 0.986323509907858, 0.986323509907858, 0.986323509907858, 0.986323509907858, 0.986323509907858, 0.986323509907858, 0.986323509907858, 0.986323509907858, 0.986323509907858, 0.986323509907858, 0.986323509907858, 0.986323509907858, 0.986323509907858, 0.986323509907858, 0.986323509907858], "mean_train_precision": [0.059415494226719164, 0.059415494226719164, 0.059415494226719164, 0.059415494226719164, 0.48361044475637444, 0.48361044475637444, 0.48361044475637444, 0.48361044475637444, 0.5435496587810226, 0.5435496587810226, 0.5435496587810226, 0.5435496587810226, 0.5435570358844557, 0.5435570358844557, 0.5435570358844557, 0.5435570358844557, 0.5435570358844557, 0.5435570358844557, 0.5435570358844557, 0.5435570358844557, 0.5435570358844557, 0.5435570358844557, 0.5435570358844557, 0.5435570358844557, 0.5435570358844557, 0.5435570358844557, 0.5435570358844557, 0.5435570358844557], "mean_test_roc_auc": [0.9731849467230528, 0.9731849467230528, 0.9731849467230528, 0.9731849467230528, 0.9955640923813618, 0.9955640923813618, 0.9955640923813618, 0.9955640923813618, 0.9961202135107946, 0.9961202135107946, 0.9961202135107946, 0.9961202135107946, 0.9961170425987085, 0.9961170425987085, 0.9961170425987085, 0.9961170425987085, 0.9961170425987085, 0.9961170425987085, 0.9961170425987085, 0.9961170425987085, 0.9961170425987085, 0.9961170425987085, 0.9961170425987085, 0.9961170425987085, 0.9961170425987085, 0.9961170425987085, 0.9961170425987085, 0.9961170425987085], "mean_score_time": [1.1429215049743653, 1.3885410022735596, 1.2875923061370849, 1.4245639991760255, 1.764272871017456, 1.5844065380096435, 1.4346353912353516, 1.6771183681488038, 2.137553377151489, 2.1393065643310547, 2.305449953079224, 2.162226228713989, 2.2008800220489504, 2.2351998805999758, 2.1203531932830813, 2.1601759338378907, 2.170318784713745, 2.1609427165985107, 2.196906785964966, 2.283684883117676, 2.171139497756958, 2.3584851169586183, 2.293707695007324, 2.1047462749481203, 2.3402201175689696, 2.1879027462005616, 2.4196889877319334, 1.1847192287445067], "mean_test_f1": [0.11215323979910077, 0.11215323979910077, 0.11215323979910077, 0.11215323979910077, 0.6493228673701721, 0.6493228673701721, 0.6493228673701721, 0.6493228673701721, 0.7011782152953274, 0.7011782152953274, 0.7011782152953274, 0.7011782152953274, 0.7011791117865668, 0.7011791117865668, 0.7011791117865668, 0.7011791117865668, 0.7011791117865668, 0.7011791117865668, 0.7011791117865668, 0.7011791117865668, 0.7011791117865668, 0.7011791117865668, 0.7011791117865668, 0.7011791117865668, 0.7011791117865668, 0.7011791117865668, 0.7011791117865668, 0.7011791117865668], "mean_train_roc_auc": [0.9732249846702915, 0.9732249846702915, 0.9732249846702915, 0.9732249846702915, 0.9957733578501738, 0.9957733578501738, 0.9957733578501738, 0.9957733578501738, 0.9965096874674155, 0.9965096874674155, 0.9965096874674155, 0.9965096874674155, 0.9965103333839856, 0.9965103333839856, 0.9965103333839856, 0.9965103333839856, 0.9965103333839856, 0.9965103333839856, 0.9965103333839856, 0.9965103333839856, 0.9965103333839856, 0.9965103333839856, 0.9965103333839856, 0.9965103333839856, 0.9965103333839856, 0.9965103333839856, 0.9965103333839856, 0.9965103333839856], "mean_test_recall": [0.9984110081967635, 0.9984110081967635, 0.9984110081967635, 0.9984110081967635, 0.9929019133768814, 0.9929019133768814, 0.9929019133768814, 0.9929019133768814, 0.9915248486334317, 0.9915248486334317, 0.9915248486334317, 0.9915248486334317, 0.9915248486334317, 0.9915248486334317, 0.9915248486334317, 0.9915248486334317, 0.9915248486334317, 0.9915248486334317, 0.9915248486334317, 0.9915248486334317, 0.9915248486334317, 0.9915248486334317, 0.9915248486334317, 0.9915248486334317, 0.9915248486334317, 0.9915248486334317, 0.9915248486334317, 0.9915248486334317], "mean_train_recall": [0.9984110167820092, 0.9984110167820092, 0.9984110167820092, 0.9984110167820092, 0.9937235373267125, 0.9937235373267125, 0.9937235373267125, 0.9937235373267125, 0.9927436503171008, 0.9927436503171008, 0.9927436503171008, 0.9927436503171008, 0.9927436503171008, 0.9927436503171008, 0.9927436503171008, 0.9927436503171008, 0.9927436503171008, 0.9927436503171008, 0.9927436503171008, 0.9927436503171008, 0.9927436503171008, 0.9927436503171008, 0.9927436503171008, 0.9927436503171008, 0.9927436503171008, 0.9927436503171008, 0.9927436503171008, 0.9927436503171008], "mean_fit_time": [1.0099002838134765, 1.7823099327087402, 2.025447826385498, 1.9938370990753174, 4.806034774780273, 4.573539962768555, 4.433451833724976, 4.812665767669678, 39.12517770767212, 38.71733974456787, 38.16638732910156, 39.20413269996643, 44.87399941444397, 45.41303351402283, 44.177966108322146, 44.50025359153747, 44.63507967948914, 45.62486999511719, 45.89859697341919, 44.39504859924316, 45.138871612548826, 43.872989387512206, 45.589131135940555, 45.79265093803406, 43.583929500579835, 45.417268171310425, 44.35902540206909, 35.362133798599245], "mean_train_balanced_accuracy": [0.8211614284000791, 0.8211614284000791, 0.8211614284000791, 0.8211614284000791, 0.9849056099658783, 0.9849056099658783, 0.9849056099658783, 0.9849056099658783, 0.986974077930939, 0.986974077930939, 0.986974077930939, 0.986974077930939, 0.9869743762780939, 0.9869743762780939, 0.9869743762780939, 0.9869743762780939, 0.9869743762780939, 0.9869743762780939, 0.9869743762780939, 0.9869743762780939, 0.9869743762780939, 0.9869743762780939, 0.9869743762780939, 0.9869743762780939, 0.9869743762780939, 0.9869743762780939, 0.9869743762780939, 0.9869743762780939], "mean_train_f1": [0.11215651155393784, 0.11215651155393784, 0.11215651155393784, 0.11215651155393784, 0.6505766173400115, 0.6505766173400115, 0.6505766173400115, 0.6505766173400115, 0.7024254940560895, 0.7024254940560895, 0.7024254940560895, 0.7024254940560895, 0.702431797276907, 0.702431797276907, 0.702431797276907, 0.702431797276907, 0.702431797276907, 0.702431797276907, 0.702431797276907, 0.702431797276907, 0.702431797276907, 0.702431797276907, 0.702431797276907, 0.702431797276907, 0.702431797276907, 0.702431797276907, 0.702431797276907, 0.702431797276907], "mean_test_precision": [0.059413816275269794, 0.059413816275269794, 0.059413816275269794, 0.059413816275269794, 0.48251275413704003, 0.48251275413704003, 0.48251275413704003, 0.48251275413704003, 0.5425820942607538, 0.5425820942607538, 0.5425820942607538, 0.5425820942607538, 0.542583764479955, 0.542583764479955, 0.542583764479955, 0.542583764479955, 0.542583764479955, 0.542583764479955, 0.542583764479955, 0.542583764479955, 0.542583764479955, 0.542583764479955, 0.542583764479955, 0.542583764479955, 0.542583764479955, 0.542583764479955, 0.542583764479955, 0.542583764479955], "params": [{"max_iter": 1.0, "tol": 0.001}, {"max_iter": 1.0, "tol": 0.0001}, {"max_iter": 1.0, "tol": 1e-05}, {"max_iter": 1.0, "tol": 1e-06}, {"max_iter": 10.0, "tol": 0.001}, {"max_iter": 10.0, "tol": 0.0001}, {"max_iter": 10.0, "tol": 1e-05}, {"max_iter": 10.0, "tol": 1e-06}, {"max_iter": 100.0, "tol": 0.001}, {"max_iter": 100.0, "tol": 0.0001}, {"max_iter": 100.0, "tol": 1e-05}, {"max_iter": 100.0, "tol": 1e-06}, {"max_iter": 1000.0, "tol": 0.001}, {"max_iter": 1000.0, "tol": 0.0001}, {"max_iter": 1000.0, "tol": 1e-05}, {"max_iter": 1000.0, "tol": 1e-06}, {"max_iter": 10000.0, "tol": 0.001}, {"max_iter": 10000.0, "tol": 0.0001}, {"max_iter": 10000.0, "tol": 1e-05}, {"max_iter": 10000.0, "tol": 1e-06}, {"max_iter": 100000.0, "tol": 0.001}, {"max_iter": 100000.0, "tol": 0.0001}, {"max_iter": 100000.0, "tol": 1e-05}, {"max_iter": 100000.0, "tol": 1e-06}, {"max_iter": 1000000.0, "tol": 0.001}, {"max_iter": 1000000.0, "tol": 0.0001}, {"max_iter": 1000000.0, "tol": 1e-05}, {"max_iter": 1000000.0, "tol": 1e-06}],