{"mean_test_recall": [1.0, 1.0, 1.0, 1.0, 0.9652173568814996, 0.9652173568814996, 0.9652173568814996, 0.9652173568814996, 0.9652173568814996, 0.9652173568814996, 0.9652173568814996, 0.9652173568814996, 0.9652173568814996, 0.9652173568814996, 0.9652173568814996, 0.9652173568814996, 0.9652173568814996, 0.9652173568814996, 0.9652173568814996, 0.9652173568814996, 0.9652173568814996, 0.9652173568814996, 0.9652173568814996, 0.9652173568814996, 0.9652173568814996, 0.9652173568814996, 0.9652173568814996, 0.9652173568814996], "mean_test_balanced_accuracy": [0.5, 0.5, 0.5, 0.5, 0.7077685265027884, 0.7077685265027884, 0.7077685265027884, 0.7077685265027884, 0.7077685265027884, 0.7077685265027884, 0.7077685265027884, 0.7077685265027884, 0.7077685265027884, 0.7077685265027884, 0.7077685265027884, 0.7077685265027884, 0.7077685265027884, 0.7077685265027884, 0.7077685265027884, 0.7077685265027884, 0.7077685265027884, 0.7077685265027884, 0.7077685265027884, 0.7077685265027884, 0.7077685265027884, 0.7077685265027884, 0.7077685265027884, 0.7077685265027884], "mean_fit_time": [2.286259078979492, 3.711457357406616, 3.7100759410858153, 3.8016174983978273, 7.773723611831665, 7.134363746643066, 7.304468564987182, 7.673197259902954, 7.8171686172485355, 7.849799108505249, 7.686827354431152, 7.556755876541137, 7.887920770645142, 7.477215690612793, 7.497864627838135, 7.185636415481567, 7.002240991592407, 7.621772623062133, 7.809476442337036, 7.605886688232422, 7.869960117340088, 7.583006982803345, 7.17628589630127, 8.01529507637024, 7.453376722335816, 7.670703182220459, 7.434017753601074, 7.0615947055816655], "mean_score_time": [1.2145232105255126, 1.5613045120239257, 1.392046937942505, 1.4661103534698485, 1.9093044185638428, 1.6157438945770264, 1.612545051574707, 1.729377317428589, 1.7389119625091554, 1.7573493003845215, 1.6875831699371338, 1.5272061157226562, 1.516230640411377, 1.662630090713501, 1.5994163799285888, 1.8002704524993896, 1.5271453094482421, 1.7501712131500244, 1.6787913036346436, 1.6568890857696532, 1.6939463901519776, 1.595182180404663, 1.5812199306488037, 1.6756111526489257, 1.6113548278808594, 1.7203614234924316, 1.606804084777832, 1.3020465755462647], "mean_test_precision": [0.02203372117327388, 0.02203372117327388, 0.02203372117327388, 0.02203372117327388, 0.03805650970807082, 0.03805650970807082, 0.03805650970807082, 0.03805650970807082, 0.03805650970807082, 0.03805650970807082, 0.03805650970807082, 0.03805650970807082, 0.03805650970807082, 0.03805650970807082, 0.03805650970807082, 0.03805650970807082, 0.03805650970807082, 0.03805650970807082, 0.03805650970807082, 0.03805650970807082, 0.03805650970807082, 0.03805650970807082, 0.03805650970807082, 0.03805650970807082, 0.03805650970807082, 0.03805650970807082, 0.03805650970807082, 0.03805650970807082], "mean_train_precision": [0.022033721173691675, 0.022033721173691675, 0.022033721173691675, 0.022033721173691675, 0.03805946536605118, 0.03805946536605118, 0.03805946536605118, 0.03805946536605118, 0.03805946536605118, 0.03805946536605118, 0.03805946536605118, 0.03805946536605118, 0.03805946536605118, 0.03805946536605118, 0.03805946536605118, 0.03805946536605118, 0.03805946536605118, 0.03805946536605118, 0.03805946536605118, 0.03805946536605118, 0.03805946536605118, 0.03805946536605118, 0.03805946536605118, 0.03805946536605118, 0.03805946536605118, 0.03805946536605118, 0.03805946536605118, 0.03805946536605118], "mean_train_balanced_accuracy": [0.5, 0.5, 0.5, 0.5, 0.7077905840959912, 0.7077905840959912, 0.7077905840959912, 0.7077905840959912, 0.7077905840959912, 0.7077905840959912, 0.7077905840959912, 0.7077905840959912, 0.7077905840959912, 0.7077905840959912, 0.7077905840959912, 0.7077905840959912, 0.7077905840959912, 0.7077905840959912, 0.7077905840959912, 0.7077905840959912, 0.7077905840959912, 0.7077905840959912, 0.7077905840959912, 0.7077905840959912, 0.7077905840959912, 0.7077905840959912, 0.7077905840959912, 0.7077905840959912], "mean_train_f1": [0.04311740545777607, 0.04311740545777607, 0.04311740545777607, 0.04311740545777607, 0.07323134444616893, 0.07323134444616893, 0.07323134444616893, 0.07323134444616893, 0.07323134444616893, 0.07323134444616893, 0.07323134444616893, 0.07323134444616893, 0.07323134444616893, 0.07323134444616893, 0.07323134444616893, 0.07323134444616893, 0.07323134444616893, 0.07323134444616893, 0.07323134444616893, 0.07323134444616893, 0.07323134444616893, 0.07323134444616893, 0.07323134444616893, 0.07323134444616893, 0.07323134444616893, 0.07323134444616893, 0.07323134444616893, 0.07323134444616893], "mean_train_recall": [1.0, 1.0, 1.0, 1.0, 0.9652173913043479, 0.9652173913043479, 0.9652173913043479, 0.9652173913043479, 0.9652173913043479, 0.9652173913043479, 0.9652173913043479, 0.9652173913043479, 0.9652173913043479, 0.9652173913043479, 0.9652173913043479, 0.9652173913043479, 0.9652173913043479, 0.9652173913043479, 0.9652173913043479, 0.9652173913043479, 0.9652173913043479, 0.9652173913043479, 0.9652173913043479, 0.9652173913043479, 0.9652173913043479, 0.9652173913043479, 0.9652173913043479, 0.9652173913043479], "mean_test_f1": [0.04311740545671743, 0.04311740545671743, 0.04311740545671743, 0.04311740545671743, 0.07322583145678198, 0.07322583145678198, 0.07322583145678198, 0.07322583145678198, 0.07322583145678198, 0.07322583145678198, 0.07322583145678198, 0.07322583145678198, 0.07322583145678198, 0.07322583145678198, 0.07322583145678198, 0.07322583145678198, 0.07322583145678198, 0.07322583145678198, 0.07322583145678198, 0.07322583145678198, 0.07322583145678198, 0.07322583145678198, 0.07322583145678198, 0.07322583145678198, 0.07322583145678198, 0.07322583145678198, 0.07322583145678198, 0.07322583145678198], "mean_test_roc_auc": [0.5480356493611259, 0.5480356493611259, 0.5480356493611259, 0.5480356493611259, 0.5591284869292913, 0.5591284869292913, 0.5591284869292913, 0.5591284869292913, 0.5591381629690985, 0.5591381629690985, 0.5591381629690985, 0.5591381629690985, 0.5591381629690985, 0.5591381629690985, 0.5591381629690985, 0.5591381629690985, 0.5591381629690985, 0.5591381629690985, 0.5591381629690985, 0.5591381629690985, 0.5591381629690985, 0.5591381629690985, 0.5591381629690985, 0.5591381629690985, 0.5591381629690985, 0.5591381629690985, 0.5591381629690985, 0.5591381629690985], "mean_train_roc_auc": [0.5480370081546428, 0.5480370081546428, 0.5480370081546428, 0.5480370081546428, 0.5591227573786901, 0.5591227573786901, 0.5591227573786901, 0.5591227573786901, 0.5591307830457178, 0.5591307830457178, 0.5591307830457178, 0.5591307830457178, 0.5591307830457178, 0.5591307830457178, 0.5591307830457178, 0.5591307830457178, 0.5591307830457178, 0.5591307830457178, 0.5591307830457178, 0.5591307830457178, 0.5591307830457178, 0.5591307830457178, 0.5591307830457178, 0.5591307830457178, 0.5591307830457178, 0.5591307830457178, 0.5591307830457178, 0.5591307830457178], "params": [{"max_iter": 1.0, "tol": 0.001}, {"max_iter": 1.0, "tol": 0.0001}, {"max_iter": 1.0, "tol": 1e-05}, {"max_iter": 1.0, "tol": 1e-06}, {"max_iter": 10.0, "tol": 0.001}, {"max_iter": 10.0, "tol": 0.0001}, {"max_iter": 10.0, "tol": 1e-05}, {"max_iter": 10.0, "tol": 1e-06}, {"max_iter": 100.0, "tol": 0.001}, {"max_iter": 100.0, "tol": 0.0001}, {"max_iter": 100.0, "tol": 1e-05}, {"max_iter": 100.0, "tol": 1e-06}, {"max_iter": 1000.0, "tol": 0.001}, {"max_iter": 1000.0, "tol": 0.0001}, {"max_iter": 1000.0, "tol": 1e-05}, {"max_iter": 1000.0, "tol": 1e-06}, {"max_iter": 10000.0, "tol": 0.001}, {"max_iter": 10000.0, "tol": 0.0001}, {"max_iter": 10000.0, "tol": 1e-05}, {"max_iter": 10000.0, "tol": 1e-06}, {"max_iter": 100000.0, "tol": 0.001}, {"max_iter": 100000.0, "tol": 0.0001}, {"max_iter": 100000.0, "tol": 1e-05}, {"max_iter": 100000.0, "tol": 1e-06}, {"max_iter": 1000000.0, "tol": 0.001}, {"max_iter": 1000000.0, "tol": 0.0001}, {"max_iter": 1000000.0, "tol": 1e-05}, {"max_iter": 1000000.0, "tol": 1e-06}], "optimal_params": {"max_iter": 10.0, "tol": 0.001}, "cv_search_time": "0:04:53.631950"}