{"mean_test_roc_auc": [0.9155997260434839, 0.9155997260434839, 0.9155997260434839, 0.9155997260434839, 0.981471096587548, 0.981471096587548, 0.981471096587548, 0.981471096587548, 0.9945452641183943, 0.9945452641183943, 0.9945452641183943, 0.9945452641183943, 0.9945464250962315, 0.9945464250962315, 0.9945464250962315, 0.9945464250962315, 0.9945464250962315, 0.9945464250962315, 0.9945464250962315, 0.9945464250962315, 0.9945464250962315, 0.9945464250962315, 0.9945464250962315, 0.9945464250962315, 0.9945464250962315, 0.9945464250962315, 0.9945464250962315, 0.9945464250962315], "mean_test_precision": [0.028665473687778158, 0.028665473687778158, 0.028665473687778158, 0.028665473687778158, 0.3036080353589466, 0.3036080353589466, 0.3036080353589466, 0.3036080353589466, 0.40573714728592036, 0.40573714728592036, 0.40573714728592036, 0.40573714728592036, 0.40568689153655174, 0.40568689153655174, 0.40568689153655174, 0.40568689153655174, 0.40568689153655174, 0.40568689153655174, 0.40568689153655174, 0.40568689153655174, 0.40568689153655174, 0.40568689153655174, 0.40568689153655174, 0.40568689153655174, 0.40568689153655174, 0.40568689153655174, 0.40568689153655174, 0.40568689153655174], "mean_fit_time": [1.2261628913879394, 1.6049497318267822, 2.069817008972168, 2.250629940032959, 4.34629108428955, 4.70941463470459, 4.523297100067139, 4.7804833602905275, 41.40452236175537, 40.42894625663757, 40.752528524398805, 41.07099391937256, 45.7981506729126, 44.501118927001954, 45.22671598434448, 45.784683589935305, 44.38888385772705, 45.840116586685184, 45.5096928691864, 44.86161584854126, 45.362112607955936, 44.963150119781496, 45.89134948730469, 46.76193428039551, 45.30030288696289, 44.68637062072754, 46.65260468482971, 36.867232189178466], "mean_train_f1": [0.055733467544587835, 0.055733467544587835, 0.055733467544587835, 0.055733467544587835, 0.46177995881574213, 0.46177995881574213, 0.46177995881574213, 0.46177995881574213, 0.5768457683566727, 0.5768457683566727, 0.5768457683566727, 0.5768457683566727, 0.5768373274958338, 0.5768373274958338, 0.5768373274958338, 0.5768373274958338, 0.5768373274958338, 0.5768373274958338, 0.5768373274958338, 0.5768373274958338, 0.5768373274958338, 0.5768373274958338, 0.5768373274958338, 0.5768373274958338, 0.5768373274958338, 0.5768373274958338, 0.5768373274958338, 0.5768373274958338], "mean_train_recall": [1.0, 1.0, 1.0, 1.0, 0.9646716485288898, 0.9646716485288898, 0.9646716485288898, 0.9646716485288898, 0.9930879861150679, 0.9930879861150679, 0.9930879861150679, 0.9930879861150679, 0.9930879861150679, 0.9930879861150679, 0.9930879861150679, 0.9930879861150679, 0.9930879861150679, 0.9930879861150679, 0.9930879861150679, 0.9930879861150679, 0.9930879861150679, 0.9930879861150679, 0.9930879861150679, 0.9930879861150679, 0.9930879861150679, 0.9930879861150679, 0.9930879861150679, 0.9930879861150679], "mean_test_recall": [1.0, 1.0, 1.0, 1.0, 0.9648258399446925, 0.9648258399446925, 0.9648258399446925, 0.9648258399446925, 0.9925858255542644, 0.9925858255542644, 0.9925858255542644, 0.9925858255542644, 0.9925858255542644, 0.9925858255542644, 0.9925858255542644, 0.9925858255542644, 0.9925858255542644, 0.9925858255542644, 0.9925858255542644, 0.9925858255542644, 0.9925858255542644, 0.9925858255542644, 0.9925858255542644, 0.9925858255542644, 0.9925858255542644, 0.9925858255542644, 0.9925858255542644, 0.9925858255542644], "mean_test_balanced_accuracy": [0.6182883598523916, 0.6182883598523916, 0.6182883598523916, 0.6182883598523916, 0.9574314080532181, 0.9574314080532181, 0.9574314080532181, 0.9574314080532181, 0.9798983145650398, 0.9798983145650398, 0.9798983145650398, 0.9798983145650398, 0.9798947346839728, 0.9798947346839728, 0.9798947346839728, 0.9798947346839728, 0.9798947346839728, 0.9798947346839728, 0.9798947346839728, 0.9798947346839728, 0.9798947346839728, 0.9798947346839728, 0.9798947346839728, 0.9798947346839728, 0.9798947346839728, 0.9798947346839728, 0.9798947346839728, 0.9798947346839728], "mean_train_balanced_accuracy": [0.6182940133458438, 0.6182940133458438, 0.6182940133458438, 0.6182940133458438, 0.9573832552567763, 0.9573832552567763, 0.9573832552567763, 0.9573832552567763, 0.9802072713603169, 0.9802072713603169, 0.9802072713603169, 0.9802072713603169, 0.9802066747149556, 0.9802066747149556, 0.9802066747149556, 0.9802066747149556, 0.9802066747149556, 0.9802066747149556, 0.9802066747149556, 0.9802066747149556, 0.9802066747149556, 0.9802066747149556, 0.9802066747149556, 0.9802066747149556, 0.9802066747149556, 0.9802066747149556, 0.9802066747149556, 0.9802066747149556], "mean_score_time": [1.5306341171264648, 1.6622086811065673, 1.3833327865600586, 1.4920220184326172, 1.828457498550415, 1.6163510990142822, 1.4858442974090575, 1.6486765193939208, 2.0992296504974366, 2.050124807357788, 2.017598342895508, 2.3221496295928956, 2.210353527069092, 2.2513462257385255, 2.3674120616912844, 1.871934070587158, 2.280815896987915, 2.2434833908081053, 2.1829676246643066, 2.1629576778411863, 2.2549101066589357, 2.3462296962738036, 1.8742002964019775, 1.8633673477172852, 2.13173752784729, 2.136653757095337, 2.152081708908081, 1.2173859119415282], "mean_test_f1": [0.055733293285748504, 0.055733293285748504, 0.055733293285748504, 0.055733293285748504, 0.46174176581380844, 0.46174176581380844, 0.46174176581380844, 0.46174176581380844, 0.5759317195222168, 0.5759317195222168, 0.5759317195222168, 0.5759317195222168, 0.5758803419007364, 0.5758803419007364, 0.5758803419007364, 0.5758803419007364, 0.5758803419007364, 0.5758803419007364, 0.5758803419007364, 0.5758803419007364, 0.5758803419007364, 0.5758803419007364, 0.5758803419007364, 0.5758803419007364, 0.5758803419007364, 0.5758803419007364, 0.5758803419007364, 0.5758803419007364], "mean_train_precision": [0.028665554278376363, 0.028665554278376363, 0.028665554278376363, 0.028665554278376363, 0.30359831597949744, 0.30359831597949744, 0.30359831597949744, 0.30359831597949744, 0.406487960398296, 0.406487960398296, 0.406487960398296, 0.406487960398296, 0.4064797733977108, 0.4064797733977108, 0.4064797733977108, 0.4064797733977108, 0.4064797733977108, 0.4064797733977108, 0.4064797733977108, 0.4064797733977108, 0.4064797733977108, 0.4064797733977108, 0.4064797733977108, 0.4064797733977108, 0.4064797733977108, 0.4064797733977108, 0.4064797733977108, 0.4064797733977108], "mean_train_roc_auc": [0.9156472898909148, 0.9156472898909148, 0.9156472898909148, 0.9156472898909148, 0.9815827676981038, 0.9815827676981038, 0.9815827676981038, 0.9815827676981038, 0.9947014576317155, 0.9947014576317155, 0.9947014576317155, 0.9947014576317155, 0.9947027820114732, 0.9947027820114732, 0.9947027820114732, 0.9947027820114732, 0.9947027820114732, 0.9947027820114732, 0.9947027820114732, 0.9947027820114732, 0.9947027820114732, 0.9947027820114732, 0.9947027820114732, 0.9947027820114732, 0.9947027820114732, 0.9947027820114732, 0.9947027820114732, 0.9947027820114732], "params": [{"max_iter": 1.0, "tol": 0.001}, {"max_iter": 1.0, "tol": 0.0001}, {"max_iter": 1.0, "tol": 1e-05}, {"max_iter": 1.0, "tol": 1e-06}, {"max_iter": 10.0, "tol": 0.001}, {"max_iter": 10.0, "tol": 0.0001}, {"max_iter": 10.0, "tol": 1e-05}, {"max_iter": 10.0, "tol": 1e-06}, {"max_iter": 100.0, "tol": 0.001}, {"max_iter": 100.0, "tol": 0.0001}, {"max_iter": 100.0, "tol": 1e-05}, {"max_iter": 100.0, "tol": 1e-06}, {"max_iter": 1000.0, "tol": 0.001}, {"max_iter": 1000.0, "tol": 0.0001}, {"max_iter": 1000.0, "tol": 1e-05}, {"max_iter": 1000.0, "tol": 1e-06}, {"max_iter": 10000.0, "tol": 0.001}, {"max_iter": 10000.0, "tol": 0.0001}, {"max_iter": 10000.0, "tol": 1e-05}, {"max_iter": 10000.0, "tol": 1e-06}, {"max_iter": 100000.0, "tol": 0.001}, {"max_iter": 100000.0, "tol": 0.0001}, {"max_iter": 100000.0, "tol": 1e-05}, {"max_iter": 100000.0, "tol": 1e-06}, {"max_iter": 1000000.0, "tol": 0.001}, {"max_iter": 1000000.0, "tol": 0.0001}, {"max_iter": 1000000.0, "tol": 1e-05}, {"max_iter": 1000000.0, "tol": 1e-06}], "optimal_params": {"max_iter": 100.0, "tol": 0.001},