{"mean_test_f1": [0.2154468101527672, 0.2154468101527672, 0.2154468101527672, 0.2154468101527672, 0.8316346460428548, 0.8316346460428548, 0.8316346460428548, 0.8316346460428548, 0.8519205297652194, 0.8519205297652194, 0.8519205297652194, 0.8519205297652194, 0.8519134681874871, 0.8519134681874871, 0.8519134681874871, 0.8519134681874871, 0.8519134681874871, 0.8519134681874871, 0.8519134681874871, 0.8519134681874871, 0.8519134681874871, 0.8519134681874871, 0.8519134681874871, 0.8519134681874871, 0.8519134681874871, 0.8519134681874871, 0.8519134681874871, 0.8519134681874871], "mean_test_roc_auc": [0.9872925015072396, 0.9872925015072396, 0.9872925015072396, 0.9872925015072396, 0.9901254178515233, 0.9901254178515233, 0.9901254178515233, 0.9901254178515233, 0.9908538399692245, 0.9908538399692245, 0.9908538399692245, 0.9908538399692245, 0.9908650761140967, 0.9908650761140967, 0.9908650761140967, 0.9908650761140967, 0.9908650761140967, 0.9908650761140967, 0.9908650761140967, 0.9908650761140967, 0.9908650761140967, 0.9908650761140967, 0.9908650761140967, 0.9908650761140967, 0.9908650761140967, 0.9908650761140967, 0.9908650761140967, 0.9908650761140967], "mean_score_time": [2.994256954193115, 2.4131640720367433, 2.3120935344696045, 2.320111312866211, 3.025527973175049, 3.2468070125579835, 2.8252437496185303, 2.791842432022095, 4.230103950500489, 3.6745190525054934, 4.346455011367798, 3.587138319015503, 4.192962064743042, 4.449410457611084, 4.258921842575074, 4.6628780174255375, 4.258490571975708, 4.6852248001098635, 4.949783544540406, 4.719594144821167, 4.629860038757324, 4.722485189437866, 4.912845888137817, 4.676599855422974, 4.75360107421875, 4.390283527374268, 5.164286022186279, 2.418341026306152], "mean_train_precision": [0.12076022604437503, 0.12076022604437503, 0.12076022604437503, 0.12076022604437503, 0.7148607717152551, 0.7148607717152551, 0.7148607717152551, 0.7148607717152551, 0.745151799350131, 0.745151799350131, 0.745151799350131, 0.745151799350131, 0.745083681903113, 0.745083681903113, 0.745083681903113, 0.745083681903113, 0.745083681903113, 0.745083681903113, 0.745083681903113, 0.745083681903113, 0.745083681903113, 0.745083681903113, 0.745083681903113, 0.745083681903113, 0.745083681903113, 0.745083681903113, 0.745083681903113, 0.745083681903113], "mean_train_recall": [0.9978643886812599, 0.9978643886812599, 0.9978643886812599, 0.9978643886812599, 0.994057661505606, 0.994057661505606, 0.994057661505606, 0.994057661505606, 0.9946075814201815, 0.9946075814201815, 0.9946075814201815, 0.9946075814201815, 0.9946075814201815, 0.9946075814201815, 0.9946075814201815, 0.9946075814201815, 0.9946075814201815, 0.9946075814201815, 0.9946075814201815, 0.9946075814201815, 0.9946075814201815, 0.9946075814201815, 0.9946075814201815, 0.9946075814201815, 0.9946075814201815, 0.9946075814201815, 0.9946075814201815, 0.9946075814201815], "mean_test_precision": [0.1207600231957106, 0.1207600231957106, 0.1207600231957106, 0.1207600231957106, 0.7149111657864362, 0.7149111657864362, 0.7149111657864362, 0.7149111657864362, 0.7450532982421635, 0.7450532982421635, 0.7450532982421635, 0.7450532982421635, 0.7450432809139692, 0.7450432809139692, 0.7450432809139692, 0.7450432809139692, 0.7450432809139692, 0.7450432809139692, 0.7450432809139692, 0.7450432809139692, 0.7450432809139692, 0.7450432809139692, 0.7450432809139692, 0.7450432809139692, 0.7450432809139692, 0.7450432809139692, 0.7450432809139692, 0.7450432809139692], "mean_test_recall": [0.9978643883077041, 0.9978643883077041, 0.9978643883077041, 0.9978643883077041, 0.9939775744375076, 0.9939775744375076, 0.9939775744375076, 0.9939775744375076, 0.9946075823540712, 0.9946075823540712, 0.9946075823540712, 0.9946075823540712, 0.9946075823540712, 0.9946075823540712, 0.9946075823540712, 0.9946075823540712, 0.9946075823540712, 0.9946075823540712, 0.9946075823540712, 0.9946075823540712, 0.9946075823540712, 0.9946075823540712, 0.9946075823540712, 0.9946075823540712, 0.9946075823540712, 0.9946075823540712, 0.9946075823540712, 0.9946075823540712], "mean_fit_time": [1.6949337100982667, 2.262443046569824, 2.524707250595093, 2.30576153755188, 6.8502563381195065, 6.127141103744507, 6.45130874633789, 6.533914480209351, 71.31097784996032, 69.27794779777527, 70.07703161239624, 68.57572751045227, 139.74173833847047, 134.5454631137848, 135.7349966430664, 136.30350790023803, 136.47943717956542, 136.5404734134674, 134.21120425224305, 136.82070137023925, 135.77872722625733, 135.09626896858217, 136.3540008354187, 136.2880166721344, 136.77324227333068, 134.9800667285919, 136.94902419090272, 113.64938183784484], "mean_train_f1": [0.21544729804635762, 0.21544729804635762, 0.21544729804635762, 0.21544729804635762, 0.8316416417923618, 0.8316416417923618, 0.8316416417923618, 0.8316416417923618, 0.8519936886763049, 0.8519936886763049, 0.8519936886763049, 0.8519936886763049, 0.8519494557003481, 0.8519494557003481, 0.8519494557003481, 0.8519494557003481, 0.8519494557003481, 0.8519494557003481, 0.8519494557003481, 0.8519494557003481, 0.8519494557003481, 0.8519494557003481, 0.8519494557003481, 0.8519494557003481, 0.8519494557003481, 0.8519494557003481, 0.8519494557003481, 0.8519494557003481], "mean_train_roc_auc": [0.9872922152602952, 0.9872922152602952, 0.9872922152602952, 0.9872922152602952, 0.9902063369415203, 0.9902063369415203, 0.9902063369415203, 0.9902063369415203, 0.9908809643501202, 0.9908809643501202, 0.9908809643501202, 0.9908809643501202, 0.990889311542806, 0.990889311542806, 0.990889311542806, 0.990889311542806, 0.990889311542806, 0.990889311542806, 0.990889311542806, 0.990889311542806, 0.990889311542806, 0.990889311542806, 0.990889311542806, 0.990889311542806, 0.990889311542806, 0.990889311542806, 0.990889311542806, 0.990889311542806], "mean_test_balanced_accuracy": [0.7442123875329073, 0.7442123875329073, 0.7442123875329073, 0.7442123875329073, 0.9830867435804613, 0.9830867435804613, 0.9830867435804613, 0.9830867435804613, 0.9853694099102184, 0.9853694099102184, 0.9853694099102184, 0.9853694099102184, 0.9853686611813536, 0.9853686611813536, 0.9853686611813536, 0.9853686611813536, 0.9853686611813536, 0.9853686611813536, 0.9853686611813536, 0.9853686611813536, 0.9853686611813536, 0.9853686611813536, 0.9853686611813536, 0.9853686611813536, 0.9853686611813536, 0.9853686611813536, 0.9853686611813536, 0.9853686611813536], "mean_train_balanced_accuracy": [0.7442151019527854, 0.7442151019527854, 0.7442151019527854, 0.7442151019527854, 0.983125476950535, 0.983125476950535, 0.983125476950535, 0.983125476950535, 0.985377458261555, 0.985377458261555, 0.985377458261555, 0.985377458261555, 0.9853732466581197, 0.9853732466581197, 0.9853732466581197, 0.9853732466581197, 0.9853732466581197, 0.9853732466581197, 0.9853732466581197, 0.9853732466581197, 0.9853732466581197, 0.9853732466581197, 0.9853732466581197, 0.9853732466581197, 0.9853732466581197, 0.9853732466581197, 0.9853732466581197, 0.9853732466581197], "params": [{"max_iter": 1.0, "tol": 0.001}, {"max_iter": 1.0, "tol": 0.0001}, {"max_iter": 1.0, "tol": 1e-05}, {"max_iter": 1.0, "tol": 1e-06}, {"max_iter": 10.0, "tol": 0.001}, {"max_iter": 10.0, "tol": 0.0001}, {"max_iter": 10.0, "tol": 1e-05}, {"max_iter": 10.0, "tol": 1e-06}, {"max_iter": 100.0, "tol": 0.001}, {"max_iter": 100.0, "tol": 0.0001}, {"max_iter": 100.0, "tol": 1e-05}, {"max_iter": 100.0, "tol": 1e-06}, {"max_iter": 1000.0, "tol": 0.001}, {"max_iter": 1000.0, "tol": 0.0001}, {"max_iter": 1000.0, "tol": 1e-05}, {"max_iter": 1000.0, "tol": 1e-06}, {"max_iter": 10000.0, "tol": 0.001}, {"max_iter": 10000.0, "tol": 0.0001}, {"max_iter": 10000.0, "tol": 1e-05}, {"max_iter": 10000.0, "tol": 1e-06}, {"max_iter": 100000.0, "tol": 0.001}, {"max_iter": 100000.0, "tol": 0.0001}, {"max_iter": 100000.0, "tol": 1e-05}, {"max_iter": 100000.0, "tol": 1e-06}, {"max_iter": 1000000.0, "tol": 0.001}, {"max_iter": 1000000.0, "tol": 0.0001}, {"max_iter": 1000000.0, "tol": 1e-05}, {"max_iter": 1000000.0, "tol": 1e-06}], "optimal_params": {"max_iter": 100.0,