{"mean_train_f1": [0.12299082640042684, 0.12299082640042684, 0.12299082640042684, 0.12299082640042684, 0.20938264691736105, 0.20938264691736105, 0.20938264691736105, 0.20938264691736105, 0.7113748370403272, 0.7113748370403272, 0.7113748370403272, 0.7113748370403272, 0.7113748370403272, 0.7113748370403272, 0.7113748370403272, 0.7113748370403272, 0.7113748370403272, 0.7113748370403272, 0.7113748370403272, 0.7113748370403272, 0.7113748370403272, 0.7113748370403272, 0.7113748370403272, 0.7113748370403272, 0.7113748370403272, 0.7113748370403272, 0.7113748370403272, 0.7113748370403272], "mean_test_f1": [0.122990826396, 0.122990826396, 0.122990826396, 0.122990826396, 0.2093842745081791, 0.2093842745081791, 0.2093842745081791, 0.2093842745081791, 0.7114164752819696, 0.7114164752819696, 0.7114164752819696, 0.7114164752819696, 0.7114164752819696, 0.7114164752819696, 0.7114164752819696, 0.7114164752819696, 0.7114164752819696, 0.7114164752819696, 0.7114164752819696, 0.7114164752819696, 0.7114164752819696, 0.7114164752819696, 0.7114164752819696, 0.7114164752819696, 0.7114164752819696, 0.7114164752819696, 0.7114164752819696, 0.7114164752819696], "mean_train_recall": [1.0, 1.0, 1.0, 1.0, 0.9977289024023996, 0.9977289024023996, 0.9977289024023996, 0.9977289024023996, 0.9906367011376881, 0.9906367011376881, 0.9906367011376881, 0.9906367011376881, 0.9906367011376881, 0.9906367011376881, 0.9906367011376881, 0.9906367011376881, 0.9906367011376881, 0.9906367011376881, 0.9906367011376881, 0.9906367011376881, 0.9906367011376881, 0.9906367011376881, 0.9906367011376881, 0.9906367011376881, 0.9906367011376881, 0.9906367011376881, 0.9906367011376881, 0.9906367011376881], "mean_train_roc_auc": [0.5679658509777894, 0.5679658509777894, 0.5679658509777894, 0.5679658509777894, 0.5517593661572648, 0.5517593661572648, 0.5517593661572648, 0.5517593661572648, 0.9680693916502393, 0.9680693916502393, 0.9680693916502393, 0.9680693916502393, 0.9680693916502393, 0.9680693916502393, 0.9680693916502393, 0.9680693916502393, 0.9680693916502393, 0.9680693916502393, 0.9680693916502393, 0.9680693916502393, 0.9680693916502393, 0.9680693916502393, 0.9680693916502393, 0.9680693916502393, 0.9680693916502393, 0.9680693916502393, 0.9680693916502393, 0.9680693916502393], "mean_test_balanced_accuracy": [0.5000097782126044, 0.5000097782126044, 0.5000097782126044, 0.5000097782126044, 0.7347831388611386, 0.7347831388611386, 0.7347831388611386, 0.7347831388611386, 0.9673058835924528, 0.9673058835924528, 0.9673058835924528, 0.9673058835924528, 0.9673058835924528, 0.9673058835924528, 0.9673058835924528, 0.9673058835924528, 0.9673058835924528, 0.9673058835924528, 0.9673058835924528, 0.9673058835924528, 0.9673058835924528, 0.9673058835924528, 0.9673058835924528, 0.9673058835924528, 0.9673058835924528, 0.9673058835924528, 0.9673058835924528, 0.9673058835924528], "mean_fit_time": [5.9288637161254885, 6.4032985210418705, 5.870361223220825, 5.930182666778564, 11.781462726593018, 11.033421506881714, 10.954963302612304, 10.831473255157471, 34.30641736030579, 32.644910707473755, 32.82806893348694, 33.29983057975769, 34.03025326728821, 33.15078093528748, 32.46829019546509, 32.627988529205325, 32.022302570343015, 32.51050614356995, 33.187387008666995, 31.831726922988892, 32.0281609249115, 32.010243301391604, 32.109597787857055, 32.13662101745606, 32.4286199760437, 31.91712342262268, 32.1598659324646, 29.727200593948364], "mean_test_precision": [0.06552489363906001, 0.06552489363906001, 0.06552489363906001, 0.06552489363906001, 0.11696549246642303, 0.11696549246642303, 0.11696549246642303, 0.11696549246642303, 0.5556821323634189, 0.5556821323634189, 0.5556821323634189, 0.5556821323634189, 0.5556821323634189, 0.5556821323634189, 0.5556821323634189, 0.5556821323634189, 0.5556821323634189, 0.5556821323634189, 0.5556821323634189, 0.5556821323634189, 0.5556821323634189, 0.5556821323634189, 0.5556821323634189, 0.5556821323634189, 0.5556821323634189, 0.5556821323634189, 0.5556821323634189, 0.5556821323634189], "mean_train_precision": [0.06552489360963619, 0.06552489360963619, 0.06552489360963619, 0.06552489360963619, 0.11696435715805376, 0.11696435715805376, 0.11696435715805376, 0.11696435715805376, 0.5556474734486387, 0.5556474734486387, 0.5556474734486387, 0.5556474734486387, 0.5556474734486387, 0.5556474734486387, 0.5556474734486387, 0.5556474734486387, 0.5556474734486387, 0.5556474734486387, 0.5556474734486387, 0.5556474734486387, 0.5556474734486387, 0.5556474734486387, 0.5556474734486387, 0.5556474734486387, 0.5556474734486387, 0.5556474734486387, 0.5556474734486387, 0.5556474734486387], "mean_train_balanced_accuracy": [0.5000097782016995, 0.5000097782016995, 0.5000097782016995, 0.5000097782016995, 0.7347831413365704, 0.7347831413365704, 0.7347831413365704, 0.7347831413365704, 0.9672899704577237, 0.9672899704577237, 0.9672899704577237, 0.9672899704577237, 0.9672899704577237, 0.9672899704577237, 0.9672899704577237, 0.9672899704577237, 0.9672899704577237, 0.9672899704577237, 0.9672899704577237, 0.9672899704577237, 0.9672899704577237, 0.9672899704577237, 0.9672899704577237, 0.9672899704577237, 0.9672899704577237, 0.9672899704577237, 0.9672899704577237, 0.9672899704577237], "mean_test_roc_auc": [0.5679656287838625, 0.5679656287838625, 0.5679656287838625, 0.5679656287838625, 0.5517591749841757, 0.5517591749841757, 0.5517591749841757, 0.5517591749841757, 0.9680863709051029, 0.9680863709051029, 0.9680863709051029, 0.9680863709051029, 0.9680863709051029, 0.9680863709051029, 0.9680863709051029, 0.9680863709051029, 0.9680863709051029, 0.9680863709051029, 0.9680863709051029, 0.9680863709051029, 0.9680863709051029, 0.9680863709051029, 0.9680863709051029, 0.9680863709051029, 0.9680863709051029, 0.9680863709051029, 0.9680863709051029, 0.9680863709051029], "mean_test_recall": [1.0, 1.0, 1.0, 1.0, 0.9977288980231211, 0.9977288980231211, 0.9977288980231211, 0.9977288980231211, 0.9906525983319362, 0.9906525983319362, 0.9906525983319362, 0.9906525983319362, 0.9906525983319362, 0.9906525983319362, 0.9906525983319362, 0.9906525983319362, 0.9906525983319362, 0.9906525983319362, 0.9906525983319362, 0.9906525983319362, 0.9906525983319362, 0.9906525983319362, 0.9906525983319362, 0.9906525983319362, 0.9906525983319362, 0.9906525983319362, 0.9906525983319362, 0.9906525983319362], "mean_score_time": [3.354345607757568, 3.1763105487823484, 2.8849012088775634, 2.6722638607025146, 3.3273096752166746, 3.627498426437378, 3.0106509494781495, 3.114428653717041, 3.8072118091583254, 3.647457628250122, 3.955573329925537, 3.756441841125488, 3.721286277770996, 3.9113463020324706, 3.7002365303039553, 4.077631464004517, 3.7707903480529783, 3.4463955688476564, 4.001745271682739, 4.017266216278077, 4.163866233825684, 4.106369123458863, 3.8595766639709472, 3.7726859569549562, 3.8364617824554443, 3.977464590072632, 3.890557918548584, 2.967498950958252], "params": [{"max_iter": 1.0, "tol": 0.001}, {"max_iter": 1.0, "tol": 0.0001}, {"max_iter": 1.0, "tol": 1e-05}, {"max_iter": 1.0, "tol": 1e-06}, {"max_iter": 10.0, "tol": 0.001}, {"max_iter": 10.0, "tol": 0.0001}, {"max_iter": 10.0, "tol": 1e-05}, {"max_iter": 10.0, "tol": 1e-06}, {"max_iter": 100.0, "tol": 0.001}, {"max_iter": 100.0, "tol": 0.0001}, {"max_iter": 100.0, "tol": 1e-05}, {"max_iter": 100.0, "tol": 1e-06}, {"max_iter": 1000.0, "tol": 0.001}, {"max_iter": 1000.0, "tol": 0.0001}, {"max_iter": 1000.0, "tol": 1e-05}, {"max_iter": 1000.0, "tol": 1e-06}, {"max_iter": 10000.0, "tol": 0.001}, {"max_iter": 10000.0, "tol": 0.0001}, {"max_iter": 10000.0, "tol": 1e-05}, {"max_iter": 10000.0, "tol": 1e-06}, {"max_iter": 100000.0, "tol": 0.001}, {"max_iter": 100000.0, "tol": 0.0001}, {"max_iter": 100000.0, "tol": 1e-05}, {"max_iter": 100000.0, "tol": 1e-06}, {"max_iter": 1000000.0, "tol": 0.001}, {"max_iter": 1000000.0, "tol": 0.0001}, {"max_iter": 1000000.0, "tol": 1e-05}, {"max_iter": 1000000.0, "tol": 1e-06}], "optimal_params": {"max_iter": 100.0, "tol": 0.001}, "cv_search_time": "0:15:06.872453"}