{"mean_test_balanced_accuracy": [0.5708548221420204, 0.5708548221420204, 0.5708548221420204, 0.5708548221420204, 0.9806641656524522, 0.9806641656524522, 0.9806641656524522, 0.9806641656524522, 0.9818881495182145, 0.9818881495182145, 0.9818881495182145, 0.9818881495182145, 0.9819134452320144, 0.9819134452320144, 0.9819134452320144, 0.9819134452320144, 0.9819134452320144, 0.9819134452320144, 0.9819134452320144, 0.9819134452320144, 0.9819134452320144, 0.9819134452320144, 0.9819134452320144, 0.9819134452320144, 0.9819134452320144, 0.9819134452320144, 0.9819134452320144, 0.9819134452320144], "mean_test_precision": [0.07552624753473904, 0.07552624753473904, 0.07552624753473904, 0.07552624753473904, 0.6942171184676614, 0.6942171184676614, 0.6942171184676614, 0.6942171184676614, 0.710019608660703, 0.710019608660703, 0.710019608660703, 0.710019608660703, 0.7099353717516552, 0.7099353717516552, 0.7099353717516552, 0.7099353717516552, 0.7099353717516552, 0.7099353717516552, 0.7099353717516552, 0.7099353717516552, 0.7099353717516552, 0.7099353717516552, 0.7099353717516552, 0.7099353717516552, 0.7099353717516552, 0.7099353717516552, 0.7099353717516552, 0.7099353717516552], "mean_train_balanced_accuracy": [0.5708619348896026, 0.5708619348896026, 0.5708619348896026, 0.5708619348896026, 0.9806428810021889, 0.9806428810021889, 0.9806428810021889, 0.9806428810021889, 0.9818773843076518, 0.9818773843076518, 0.9818773843076518, 0.9818773843076518, 0.9818937800801667, 0.9818937800801667, 0.9818937800801667, 0.9818937800801667, 0.9818937800801667, 0.9818937800801667, 0.9818937800801667, 0.9818937800801667, 0.9818937800801667, 0.9818937800801667, 0.9818937800801667, 0.9818937800801667, 0.9818937800801667, 0.9818937800801667, 0.9818937800801667, 0.9818937800801667], "mean_train_precision": [0.07552730208793484, 0.07552730208793484, 0.07552730208793484, 0.07552730208793484, 0.6941305449475831, 0.6941305449475831, 0.6941305449475831, 0.6941305449475831, 0.7098354302950848, 0.7098354302950848, 0.7098354302950848, 0.7098354302950848, 0.7097725578356257, 0.7097725578356257, 0.7097725578356257, 0.7097725578356257, 0.7097725578356257, 0.7097725578356257, 0.7097725578356257, 0.7097725578356257, 0.7097725578356257, 0.7097725578356257, 0.7097725578356257, 0.7097725578356257, 0.7097725578356257, 0.7097725578356257, 0.7097725578356257, 0.7097725578356257], "mean_train_f1": [0.14044649138040724, 0.14044649138040724, 0.14044649138040724, 0.14044649138040724, 0.8167308946756187, 0.8167308946756187, 0.8167308946756187, 0.8167308946756187, 0.8275929877672178, 0.8275929877672178, 0.8275929877672178, 0.8275929877672178, 0.8275650781163414, 0.8275650781163414, 0.8275650781163414, 0.8275650781163414, 0.8275650781163414, 0.8275650781163414, 0.8275650781163414, 0.8275650781163414, 0.8275650781163414, 0.8275650781163414, 0.8275650781163414, 0.8275650781163414, 0.8275650781163414, 0.8275650781163414, 0.8275650781163414, 0.8275650781163414], "mean_train_recall": [0.9999466097170315, 0.9999466097170315, 0.9999466097170315, 0.9999466097170315, 0.991935397757608, 0.991935397757608, 0.991935397757608, 0.991935397757608, 0.9921943406300053, 0.9921943406300053, 0.9921943406300053, 0.9921943406300053, 0.9922370528563801, 0.9922370528563801, 0.9922370528563801, 0.9922370528563801, 0.9922370528563801, 0.9922370528563801, 0.9922370528563801, 0.9922370528563801, 0.9922370528563801, 0.9922370528563801, 0.9922370528563801, 0.9922370528563801, 0.9922370528563801, 0.9922370528563801, 0.9922370528563801, 0.9922370528563801], "mean_train_roc_auc": [0.975063854170117, 0.975063854170117, 0.975063854170117, 0.975063854170117, 0.9897999552872189, 0.9897999552872189, 0.9897999552872189, 0.9897999552872189, 0.9903994244634169, 0.9903994244634169, 0.9903994244634169, 0.9903994244634169, 0.9903944217486133, 0.9903944217486133, 0.9903944217486133, 0.9903944217486133, 0.9903944217486133, 0.9903944217486133, 0.9903944217486133, 0.9903944217486133, 0.9903944217486133, 0.9903944217486133, 0.9903944217486133, 0.9903944217486133, 0.9903944217486133, 0.9903944217486133, 0.9903944217486133, 0.9903944217486133], "mean_test_f1": [0.14044465597790345, 0.14044465597790345, 0.14044465597790345, 0.14044465597790345, 0.8167940187744522, 0.8167940187744522, 0.8167940187744522, 0.8167940187744522, 0.8277086305645542, 0.8277086305645542, 0.8277086305645542, 0.8277086305645542, 0.8276736553276092, 0.8276736553276092, 0.8276736553276092, 0.8276736553276092, 0.8276736553276092, 0.8276736553276092, 0.8276736553276092, 0.8276736553276092, 0.8276736553276092, 0.8276736553276092, 0.8276736553276092, 0.8276736553276092, 0.8276736553276092, 0.8276736553276092, 0.8276736553276092, 0.8276736553276092], "mean_score_time": [3.1155147838592527, 2.7697731971740724, 2.3773322677612305, 2.382570343017578, 2.6969526386260987, 2.6760321140289305, 2.4971173572540284, 2.7119358730316163, 3.764458646774292, 3.841906566619873, 4.2028610897064205, 3.9482038688659666, 4.027871894836426, 4.283880558013916, 4.423529844284058, 4.446521062850952, 4.242448434829712, 4.091381950378418, 4.176625089645386, 4.18456696510315, 4.3102034568786625, 4.501917219161987, 4.220627565383911, 4.2865538406372075, 4.080265464782715, 4.201616497039795, 4.1573161792755124, 2.494203872680664], "mean_fit_time": [1.5765216445922852, 2.216459665298462, 2.3543868350982664, 2.3195224952697755, 6.696526947021485, 6.053507528305054, 6.020524921417237, 5.849969577789307, 63.553546028137205, 64.48625710487366, 61.01545090675354, 62.67451198577881, 75.31157661437989, 76.89240277290344, 76.85731733322143, 75.26739572525024, 77.96611434936523, 74.88365975379944, 76.87307025909423, 76.06469341278076, 75.36263760566712, 76.54572073936463, 77.25142597198486, 76.88306221961975, 76.24234983444214, 77.73878610610961, 77.9151683998108, 64.36209009170533], "mean_test_recall": [0.9999466099038095, 0.9999466099038095, 0.9999466099038095, 0.9999466099038095, 0.9919701051023849, 0.9919701051023849, 0.9919701051023849, 0.9919701051023849, 0.9921943448885421, 0.9921943448885421, 0.9921943448885421, 0.9921943448885421, 0.9922584134522376, 0.9922584134522376, 0.9922584134522376, 0.9922584134522376, 0.9922584134522376, 0.9922584134522376, 0.9922584134522376, 0.9922584134522376, 0.9922584134522376, 0.9922584134522376, 0.9922584134522376, 0.9922584134522376, 0.9922584134522376, 0.9922584134522376, 0.9922584134522376, 0.9922584134522376], "mean_test_roc_auc": [0.9750594650664649, 0.9750594650664649, 0.9750594650664649, 0.9750594650664649, 0.9897902718982915, 0.9897902718982915, 0.9897902718982915, 0.9897902718982915, 0.9903077322806723, 0.9903077322806723, 0.9903077322806723, 0.9903077322806723, 0.9903018573705074, 0.9903018573705074, 0.9903018573705074, 0.9903018573705074, 0.9903018573705074, 0.9903018573705074, 0.9903018573705074, 0.9903018573705074, 0.9903018573705074, 0.9903018573705074, 0.9903018573705074, 0.9903018573705074, 0.9903018573705074, 0.9903018573705074, 0.9903018573705074, 0.9903018573705074], "params": [{"max_iter": 1.0, "tol": 0.001}, {"max_iter": 1.0, "tol": 0.0001}, {"max_iter": 1.0, "tol": 1e-05}, {"max_iter": 1.0, "tol": 1e-06}, {"max_iter": 10.0, "tol": 0.001}, {"max_iter": 10.0, "tol": 0.0001}, {"max_iter": 10.0, "tol": 1e-05}, {"max_iter": 10.0, "tol": 1e-06}, {"max_iter": 100.0, "tol": 0.001}, {"max_iter": 100.0, "tol": 0.0001}, {"max_iter": 100.0, "tol": 1e-05}, {"max_iter": 100.0, "tol": 1e-06}, {"max_iter": 1000.0, "tol": 0.001}, {"max_iter": 1000.0, "tol": 0.0001}, {"max_iter": 1000.0, "tol": 1e-05}, {"max_iter": 1000.0, "tol": 1e-06}, {"max_iter": 10000.0, "tol": 0.001}, {"max_iter": 10000.0, "tol": 0.0001}, {"max_iter": 10000.0, "tol": 1e-05}, {"max_iter": 10000.0, "tol": 1e-06}, {"max_iter": 100000.0, "tol": 0.001}, {"max_iter": 100000.0, "tol": 0.0001}, {"max_iter": 100000.0, "tol": 1e-05}, {"max_iter": 100000.0, "tol": 1e-06}, {"max_iter": 1000000.0, "tol": 0.001}, {"max_iter": 1000000.0, "tol": 0.0001}, {"max_iter": 1000000.0, "tol": 1e-05}, {"max_iter": 1000000.0, "tol": 1e-06}],