{"mean_test_roc_auc": [0.9998383921938143, 0.9998383921938143, 0.9998383921938143, 0.9998383921938143, 0.9996599342845938, 0.9996599342845938, 0.9996599342845938, 0.9996599342845938, 0.9999823839832119, 0.9999823839832119, 0.9999823839832119, 0.9999823839832119, 0.9999823839832119, 0.9999823839832119, 0.9999823839832119, 0.9999823839832119, 0.9999823839832119, 0.9999823839832119, 0.9999823839832119, 0.9999823839832119, 0.9999823839832119, 0.9999823839832119, 0.9999823839832119, 0.9999823839832119, 0.9999823839832119, 0.9999823839832119, 0.9999823839832119, 0.9999823839832119], "mean_score_time": [2.676338539123535, 2.587038822174072, 2.3996304798126222, 2.416423006057739, 3.0971835327148436, 2.9069251728057863, 2.6340088844299316, 2.5075541591644286, 3.801420555114746, 3.675981197357178, 3.449552068710327, 3.419803342819214, 3.4853081607818606, 3.777314805984497, 3.6392129135131834, 3.7416240978240967, 3.4819251251220704, 3.397505702972412, 3.2742727470397948, 3.8156970977783202, 3.7350579929351806, 3.7700086307525633, 3.6978264331817625, 3.742344913482666, 3.8516383934020997, 3.3387500476837157, 3.9784098052978516, 2.505798568725586], "mean_train_balanced_accuracy": [0.5034891189250001, 0.5034891189250001, 0.5034891189250001, 0.5034891189250001, 0.9982644393800577, 0.9982644393800577, 0.9982644393800577, 0.9982644393800577, 0.9996084266089987, 0.9996084266089987, 0.9996084266089987, 0.9996084266089987, 0.9996084266089987, 0.9996084266089987, 0.9996084266089987, 0.9996084266089987, 0.9996084266089987, 0.9996084266089987, 0.9996084266089987, 0.9996084266089987, 0.9996084266089987, 0.9996084266089987, 0.9996084266089987, 0.9996084266089987, 0.9996084266089987, 0.9996084266089987, 0.9996084266089987, 0.9996084266089987], "mean_test_balanced_accuracy": [0.5035323943231427, 0.5035323943231427, 0.5035323943231427, 0.5035323943231427, 0.9982632905187506, 0.9982632905187506, 0.9982632905187506, 0.9982632905187506, 0.999608235104888, 0.999608235104888, 0.999608235104888, 0.999608235104888, 0.999608235104888, 0.999608235104888, 0.999608235104888, 0.999608235104888, 0.999608235104888, 0.999608235104888, 0.999608235104888, 0.999608235104888, 0.999608235104888, 0.999608235104888, 0.999608235104888, 0.999608235104888, 0.999608235104888, 0.999608235104888, 0.999608235104888, 0.999608235104888], "mean_test_f1": [3.856800581681442e-05, 3.856800581681442e-05, 3.856800581681442e-05, 3.856800581681442e-05, 0.010982275769156983, 0.010982275769156983, 0.010982275769156983, 0.010982275769156983, 0.048685913871054726, 0.048685913871054726, 0.048685913871054726, 0.048685913871054726, 0.048685913871054726, 0.048685913871054726, 0.048685913871054726, 0.048685913871054726, 0.048685913871054726, 0.048685913871054726, 0.048685913871054726, 0.048685913871054726, 0.048685913871054726, 0.048685913871054726, 0.048685913871054726, 0.048685913871054726, 0.048685913871054726, 0.048685913871054726, 0.048685913871054726, 0.048685913871054726], "mean_train_precision": [1.9282679664450794e-05, 1.9282679664450794e-05, 1.9282679664450794e-05, 1.9282679664450794e-05, 0.005501413047980932, 0.005501413047980932, 0.005501413047980932, 0.005501413047980932, 0.024774682637276384, 0.024774682637276384, 0.024774682637276384, 0.024774682637276384, 0.024774682637276384, 0.024774682637276384, 0.024774682637276384, 0.024774682637276384, 0.024774682637276384, 0.024774682637276384, 0.024774682637276384, 0.024774682637276384, 0.024774682637276384, 0.024774682637276384, 0.024774682637276384, 0.024774682637276384, 0.024774682637276384, 0.024774682637276384, 0.024774682637276384, 0.024774682637276384], "mean_train_recall": [1.0, 1.0, 1.0, 1.0, 1.0, 1.0, 1.0, 1.0, 1.0, 1.0, 1.0, 1.0, 1.0, 1.0, 1.0, 1.0, 1.0, 1.0, 1.0, 1.0, 1.0, 1.0, 1.0, 1.0, 1.0, 1.0, 1.0, 1.0], "mean_train_f1": [3.856461567475618e-05, 3.856461567475618e-05, 3.856461567475618e-05, 3.856461567475618e-05, 0.010942462985652384, 0.010942462985652384, 0.010942462985652384, 0.010942462985652384, 0.04829681707281341, 0.04829681707281341, 0.04829681707281341, 0.04829681707281341, 0.04829681707281341, 0.04829681707281341, 0.04829681707281341, 0.04829681707281341, 0.04829681707281341, 0.04829681707281341, 0.04829681707281341, 0.04829681707281341, 0.04829681707281341, 0.04829681707281341, 0.04829681707281341, 0.04829681707281341, 0.04829681707281341, 0.04829681707281341, 0.04829681707281341, 0.04829681707281341], "mean_fit_time": [1.6086311912536622, 2.2606123065948487, 2.2237437915802003, 2.371983194351196, 6.764243240356445, 6.481694326400757, 6.178403005599976, 6.284399061203003, 37.56180006980896, 36.61912405014038, 36.430813274383546, 36.029084024429324, 37.36407286643982, 35.57718514442444, 35.46840552330017, 35.42155433654785, 36.20377640724182, 35.72761952400207, 35.39323432922363, 35.50262635231018, 36.465581541061404, 36.559041824340824, 36.78091670036316, 35.56267768859863, 35.569432249069216, 34.76246419906616, 36.21741659164429, 33.00526347160339], "mean_train_roc_auc": [0.9999265680173848, 0.9999265680173848, 0.9999265680173848, 0.9999265680173848, 0.9997027775676912, 0.9997027775676912, 0.9997027775676912, 0.9997027775676912, 0.9999900431219996, 0.9999900431219996, 0.9999900431219996, 0.9999900431219996, 0.9999900431219996, 0.9999900431219996, 0.9999900431219996, 0.9999900431219996, 0.9999900431219996, 0.9999900431219996, 0.9999900431219996, 0.9999900431219996, 0.9999900431219996, 0.9999900431219996, 0.9999900431219996, 0.9999900431219996, 0.9999900431219996, 0.9999900431219996, 0.9999900431219996, 0.9999900431219996], "mean_test_recall": [1.0, 1.0, 1.0, 1.0, 1.0, 1.0, 1.0, 1.0, 1.0, 1.0, 1.0, 1.0, 1.0, 1.0, 1.0, 1.0, 1.0, 1.0, 1.0, 1.0, 1.0, 1.0, 1.0, 1.0, 1.0, 1.0, 1.0, 1.0], "mean_test_precision": [1.9284374801136633e-05, 1.9284374801136633e-05, 1.9284374801136633e-05, 1.9284374801136633e-05, 0.005521674054191749, 0.005521674054191749, 0.005521674054191749, 0.005521674054191749, 0.024985577222233858, 0.024985577222233858, 0.024985577222233858, 0.024985577222233858, 0.024985577222233858, 0.024985577222233858, 0.024985577222233858, 0.024985577222233858, 0.024985577222233858, 0.024985577222233858, 0.024985577222233858, 0.024985577222233858, 0.024985577222233858, 0.024985577222233858, 0.024985577222233858, 0.024985577222233858, 0.024985577222233858, 0.024985577222233858, 0.024985577222233858, 0.024985577222233858], "params": [{"max_iter": 1.0, "tol": 0.001}, {"max_iter": 1.0, "tol": 0.0001}, {"max_iter": 1.0, "tol": 1e-05}, {"max_iter": 1.0, "tol": 1e-06}, {"max_iter": 10.0, "tol": 0.001}, {"max_iter": 10.0, "tol": 0.0001}, {"max_iter": 10.0, "tol": 1e-05}, {"max_iter": 10.0, "tol": 1e-06}, {"max_iter": 100.0, "tol": 0.001}, {"max_iter": 100.0, "tol": 0.0001}, {"max_iter": 100.0, "tol": 1e-05}, {"max_iter": 100.0, "tol": 1e-06}, {"max_iter": 1000.0, "tol": 0.001}, {"max_iter": 1000.0, "tol": 0.0001}, {"max_iter": 1000.0, "tol": 1e-05}, {"max_iter": 1000.0, "tol": 1e-06}, {"max_iter": 10000.0, "tol": 0.001}, {"max_iter": 10000.0, "tol": 0.0001}, {"max_iter": 10000.0, "tol": 1e-05}, {"max_iter": 10000.0, "tol": 1e-06}, {"max_iter": 100000.0, "tol": 0.001}, {"max_iter": 100000.0, "tol": 0.0001}, {"max_iter": 100000.0, "tol": 1e-05}, {"max_iter": 100000.0, "tol": 1e-06}, {"max_iter": 1000000.0, "tol": 0.001}, {"max_iter": 1000000.0, "tol": 0.0001}, {"max_iter": 1000000.0, "tol": 1e-05}, {"max_iter": 1000000.0, "tol": 1e-06}], "optimal_params": {"max_iter": 100.0, "tol": 0.001}, "cv_search_time": "0:15:01.226479"}