{"mean_score_time": [2.782348756790161, 2.5624468994140623, 2.567298469543457, 2.364130153656006, 2.727689619064331, 2.686169137954712, 2.502533349990845, 2.5800208759307863, 3.551875228881836, 3.4404889297485353, 3.464235210418701, 3.531166019439697, 4.157305183410645, 4.0603542900085445, 3.9595391082763673, 4.248856716156006, 4.669177284240723, 4.000808877944946, 4.3989888858795165, 3.979546890258789, 4.42711443901062, 4.21205587387085, 4.2463834190368654, 4.2191768074035645, 3.8788970947265624, 4.44965859413147, 4.416390218734741, 2.525420513153076], "mean_train_precision": [3.474253524351898e-05, 3.474253524351898e-05, 3.474253524351898e-05, 3.474253524351898e-05, 0.01593443644899777, 0.01593443644899777, 0.01593443644899777, 0.01593443644899777, 0.2572547122640002, 0.2572547122640002, 0.2572547122640002, 0.2572547122640002, 0.2568336596324212, 0.2568336596324212, 0.2568336596324212, 0.2568336596324212, 0.2568336596324212, 0.2568336596324212, 0.2568336596324212, 0.2568336596324212, 0.2568336596324212, 0.2568336596324212, 0.2568336596324212, 0.2568336596324212, 0.2568336596324212, 0.2568336596324212, 0.2568336596324212, 0.2568336596324212], "mean_test_precision": [3.472286923106826e-05, 3.472286923106826e-05, 3.472286923106826e-05, 3.472286923106826e-05, 0.016070612950286035, 0.016070612950286035, 0.016070612950286035, 0.016070612950286035, 0.27225372012697147, 0.27225372012697147, 0.27225372012697147, 0.27225372012697147, 0.27225372012697147, 0.27225372012697147, 0.27225372012697147, 0.27225372012697147, 0.27225372012697147, 0.27225372012697147, 0.27225372012697147, 0.27225372012697147, 0.27225372012697147, 0.27225372012697147, 0.27225372012697147, 0.27225372012697147, 0.27225372012697147, 0.27225372012697147, 0.27225372012697147, 0.27225372012697147], "mean_train_balanced_accuracy": [0.7233026467948682, 0.7233026467948682, 0.7233026467948682, 0.7233026467948682, 0.9994045977614977, 0.9994045977614977, 0.9994045977614977, 0.9994045977614977, 0.9999710867625692, 0.9999710867625692, 0.9999710867625692, 0.9999710867625692, 0.9999709910234392, 0.9999709910234392, 0.9999709910234392, 0.9999709910234392, 0.9999709910234392, 0.9999709910234392, 0.9999709910234392, 0.9999709910234392, 0.9999709910234392, 0.9999709910234392, 0.9999709910234392, 0.9999709910234392, 0.9999709910234392, 0.9999709910234392, 0.9999709910234392, 0.9999709910234392], "mean_test_roc_auc": [0.9916071168706687, 0.9916071168706687, 0.9916071168706687, 0.9916071168706687, 0.9992409794505382, 0.9992409794505382, 0.9992409794505382, 0.9992409794505382, 0.9999923408622655, 0.9999923408622655, 0.9999923408622655, 0.9999923408622655, 0.9999923408622655, 0.9999923408622655, 0.9999923408622655, 0.9999923408622655, 0.9999923408622655, 0.9999923408622655, 0.9999923408622655, 0.9999923408622655, 0.9999923408622655, 0.9999923408622655, 0.9999923408622655, 0.9999923408622655, 0.9999923408622655, 0.9999923408622655, 0.9999923408622655, 0.9999923408622655], "mean_test_f1": [6.944331692037863e-05, 6.944331692037863e-05, 6.944331692037863e-05, 6.944331692037863e-05, 0.03162228256013264, 0.03162228256013264, 0.03162228256013264, 0.03162228256013264, 0.4069521117935515, 0.4069521117935515, 0.4069521117935515, 0.4069521117935515, 0.4069521117935515, 0.4069521117935515, 0.4069521117935515, 0.4069521117935515, 0.4069521117935515, 0.4069521117935515, 0.4069521117935515, 0.4069521117935515, 0.4069521117935515, 0.4069521117935515, 0.4069521117935515, 0.4069521117935515, 0.4069521117935515, 0.4069521117935515, 0.4069521117935515, 0.4069521117935515], "mean_test_balanced_accuracy": [0.7231773166971225, 0.7231773166971225, 0.7231773166971225, 0.7231773166971225, 0.99940258725673, 0.99940258725673, 0.99940258725673, 0.99940258725673, 0.9999662997939699, 0.9999662997939699, 0.9999662997939699, 0.9999662997939699, 0.9999662997939699, 0.9999662997939699, 0.9999662997939699, 0.9999662997939699, 0.9999662997939699, 0.9999662997939699, 0.9999662997939699, 0.9999662997939699, 0.9999662997939699, 0.9999662997939699, 0.9999662997939699, 0.9999662997939699, 0.9999662997939699, 0.9999662997939699, 0.9999662997939699, 0.9999662997939699], "mean_train_recall": [1.0, 1.0, 1.0, 1.0, 1.0, 1.0, 1.0, 1.0, 1.0, 1.0, 1.0, 1.0, 1.0, 1.0, 1.0, 1.0, 1.0, 1.0, 1.0, 1.0, 1.0, 1.0, 1.0, 1.0, 1.0, 1.0, 1.0, 1.0], "mean_fit_time": [1.599312572479248, 2.1210470676422117, 2.1800110435485838, 2.2901050567626955, 7.000520477294922, 6.129618940353393, 6.235503396987915, 6.510519695281983, 70.26441145896912, 69.7249433040619, 68.78031881332397, 68.34041766166688, 92.83043682098389, 88.69435079574585, 90.2227111339569, 90.78406764030457, 90.47298091888428, 88.94291557312012, 90.79688179969787, 90.36455048561096, 88.97286474227906, 91.2355159664154, 91.12861576080323, 90.00591800689698, 90.81066489219666, 89.48700558662415, 90.98537615776063, 77.66086282730103], "mean_test_recall": [1.0, 1.0, 1.0, 1.0, 1.0, 1.0, 1.0, 1.0, 1.0, 1.0, 1.0, 1.0, 1.0, 1.0, 1.0, 1.0, 1.0, 1.0, 1.0, 1.0, 1.0, 1.0, 1.0, 1.0, 1.0, 1.0, 1.0, 1.0], "mean_train_f1": [6.948264590482332e-05, 6.948264590482332e-05, 6.948264590482332e-05, 6.948264590482332e-05, 0.03136582266351366, 0.03136582266351366, 0.03136582266351366, 0.03136582266351366, 0.4068440418258698, 0.4068440418258698, 0.4068440418258698, 0.4068440418258698, 0.4062643316809422, 0.4062643316809422, 0.4062643316809422, 0.4062643316809422, 0.4062643316809422, 0.4062643316809422, 0.4062643316809422, 0.4062643316809422, 0.4062643316809422, 0.4062643316809422, 0.4062643316809422, 0.4062643316809422, 0.4062643316809422, 0.4062643316809422, 0.4062643316809422, 0.4062643316809422], "mean_train_roc_auc": [0.9960326129890332, 0.9960326129890332, 0.9960326129890332, 0.9960326129890332, 0.9994103899545738, 0.9994103899545738, 0.9994103899545738, 0.9994103899545738, 0.9999988511295231, 0.9999988511295231, 0.9999988511295231, 0.9999988511295231, 0.999998803259729, 0.999998803259729, 0.999998803259729, 0.999998803259729, 0.999998803259729, 0.999998803259729, 0.999998803259729, 0.999998803259729, 0.999998803259729, 0.999998803259729, 0.999998803259729, 0.999998803259729, 0.999998803259729, 0.999998803259729, 0.999998803259729, 0.999998803259729], "params": [{"max_iter": 1.0, "tol": 0.001}, {"max_iter": 1.0, "tol": 0.0001}, {"max_iter": 1.0, "tol": 1e-05}, {"max_iter": 1.0, "tol": 1e-06}, {"max_iter": 10.0, "tol": 0.001}, {"max_iter": 10.0, "tol": 0.0001}, {"max_iter": 10.0, "tol": 1e-05}, {"max_iter": 10.0, "tol": 1e-06}, {"max_iter": 100.0, "tol": 0.001}, {"max_iter": 100.0, "tol": 0.0001}, {"max_iter": 100.0, "tol": 1e-05}, {"max_iter": 100.0, "tol": 1e-06}, {"max_iter": 1000.0, "tol": 0.001}, {"max_iter": 1000.0, "tol": 0.0001}, {"max_iter": 1000.0, "tol": 1e-05}, {"max_iter": 1000.0, "tol": 1e-06}, {"max_iter": 10000.0, "tol": 0.001}, {"max_iter": 10000.0, "tol": 0.0001}, {"max_iter": 10000.0, "tol": 1e-05}, {"max_iter": 10000.0, "tol": 1e-06}, {"max_iter": 100000.0, "tol": 0.001}, {"max_iter": 100000.0, "tol": 0.0001}, {"max_iter": 100000.0, "tol": 1e-05}, {"max_iter": 100000.0, "tol": 1e-06}, {"max_iter": 1000000.0, "tol": 0.001}, {"max_iter": 1000000.0, "tol": 0.0001}, {"max_iter": 1000000.0, "tol": 1e-05}, {"max_iter": 1000000.0, "tol": 1e-06}], "optimal_params": {"max_iter": 100.0, "tol": 0.001}, "cv_search_time": "0:28:48.116151"}