{"mean_fit_time": [9.816268625259399, 9.35137822151184, 9.277938423156739, 9.723117113113403, 15.967674083709717, 13.655609321594238, 13.686095218658448, 12.543479833602905, 22.58084810256958, 22.496778869628905, 22.603412761688233, 22.925100679397584, 23.150636072158814, 22.863694400787352, 22.973726329803466, 22.49822222709656, 22.626849632263184, 23.005802307128906, 22.126645469665526, 22.47227809906006, 22.312706308364866, 22.607538995742797, 22.81231948852539, 23.044691619873046, 22.70715198516846, 21.89157865524292, 23.42674072265625, 20.24371732711792], "mean_train_roc_auc": [0.808594467768319, 0.808594467768319, 0.808594467768319, 0.808594467768319, 0.8091144410653455, 0.8091144410653455, 0.8091144410653455, 0.8091144410653455, 0.8953312477257392, 0.8953312477257392, 0.8953312477257392, 0.8953312477257392, 0.8953312477257392, 0.8953312477257392, 0.8953312477257392, 0.8953312477257392, 0.8953312477257392, 0.8953312477257392, 0.8953312477257392, 0.8953312477257392, 0.8953312477257392, 0.8953312477257392, 0.8953312477257392, 0.8953312477257392, 0.8953312477257392, 0.8953312477257392, 0.8953312477257392, 0.8953312477257392], "mean_train_recall": [0.5933333333333334, 0.5933333333333334, 0.5933333333333334, 0.5933333333333334, 0.6013333333333333, 0.6013333333333333, 0.6013333333333333, 0.6013333333333333, 0.792, 0.792, 0.792, 0.792, 0.792, 0.792, 0.792, 0.792, 0.792, 0.792, 0.792, 0.792, 0.792, 0.792, 0.792, 0.792, 0.792, 0.792, 0.792, 0.792], "mean_test_recall": [0.540001028818345, 0.540001028818345, 0.540001028818345, 0.540001028818345, 0.540001028818345, 0.540001028818345, 0.540001028818345, 0.540001028818345, 0.640001028818345, 0.640001028818345, 0.640001028818345, 0.640001028818345, 0.640001028818345, 0.640001028818345, 0.640001028818345, 0.640001028818345, 0.640001028818345, 0.640001028818345, 0.640001028818345, 0.640001028818345, 0.640001028818345, 0.640001028818345, 0.640001028818345, 0.640001028818345, 0.640001028818345, 0.640001028818345, 0.640001028818345, 0.640001028818345], "mean_score_time": [3.026141014099121, 3.7351236057281496, 3.044183359146118, 3.0429345703125, 3.025038356781006, 3.177186155319214, 3.4808836364746094, 3.126545076370239, 3.5912866401672363, 3.6129137134552, 3.169243116378784, 3.7481218814849853, 3.4093787765502928, 3.450209903717041, 3.538140344619751, 3.4459168910980225, 3.61883659362793, 3.87296760559082, 3.6942989349365236, 3.622929391860962, 3.258263349533081, 3.54324893951416, 3.57948766708374, 3.399200048446655, 3.4574668312072756, 3.3023787784576415, 3.613788785934448, 2.4476193809509277], "mean_train_precision": [0.012887790058632746, 0.012887790058632746, 0.012887790058632746, 0.012887790058632746, 0.00040226121525848595, 0.00040226121525848595, 0.00040226121525848595, 0.00040226121525848595, 0.00048335381055040116, 0.00048335381055040116, 0.00048335381055040116, 0.00048335381055040116, 0.00048335381055040116, 0.00048335381055040116, 0.00048335381055040116, 0.00048335381055040116, 0.00048335381055040116, 0.00048335381055040116, 0.00048335381055040116, 0.00048335381055040116, 0.00048335381055040116, 0.00048335381055040116, 0.00048335381055040116, 0.00048335381055040116, 0.00048335381055040116, 0.00048335381055040116, 0.00048335381055040116, 0.00048335381055040116], "mean_test_roc_auc": [0.7963190267038248, 0.7963190267038248, 0.7963190267038248, 0.7963190267038248, 0.7964950702444336, 0.7964950702444336, 0.7964950702444336, 0.7964950702444336, 0.8312054442229228, 0.8312054442229228, 0.8312054442229228, 0.8312054442229228, 0.8312054442229228, 0.8312054442229228, 0.8312054442229228, 0.8312054442229228, 0.8312054442229228, 0.8312054442229228, 0.8312054442229228, 0.8312054442229228, 0.8312054442229228, 0.8312054442229228, 0.8312054442229228, 0.8312054442229228, 0.8312054442229228, 0.8312054442229228, 0.8312054442229228, 0.8312054442229228], "mean_train_balanced_accuracy": [0.7708975200400032, 0.7708975200400032, 0.7708975200400032, 0.7708975200400032, 0.6747054005731593, 0.6747054005731593, 0.6747054005731593, 0.6747054005731593, 0.8259686526222096, 0.8259686526222096, 0.8259686526222096, 0.8259686526222096, 0.8259686526222096, 0.8259686526222096, 0.8259686526222096, 0.8259686526222096, 0.8259686526222096, 0.8259686526222096, 0.8259686526222096, 0.8259686526222096, 0.8259686526222096, 0.8259686526222096, 0.8259686526222096, 0.8259686526222096, 0.8259686526222096, 0.8259686526222096, 0.8259686526222096, 0.8259686526222096], "mean_test_f1": [0.011254934795636244, 0.011254934795636244, 0.011254934795636244, 0.011254934795636244, 7.155189041592237e-05, 7.155189041592237e-05, 7.155189041592237e-05, 7.155189041592237e-05, 0.0002321638942790119, 0.0002321638942790119, 0.0002321638942790119, 0.0002321638942790119, 0.0002321638942790119, 0.0002321638942790119, 0.0002321638942790119, 0.0002321638942790119, 0.0002321638942790119, 0.0002321638942790119, 0.0002321638942790119, 0.0002321638942790119, 0.0002321638942790119, 0.0002321638942790119, 0.0002321638942790119, 0.0002321638942790119, 0.0002321638942790119, 0.0002321638942790119, 0.0002321638942790119, 0.0002321638942790119], "mean_test_balanced_accuracy": [0.7441650181854493, 0.7441650181854493, 0.7441650181854493, 0.7441650181854493, 0.6440216519451534, 0.6440216519451534, 0.6440216519451534, 0.6440216519451534, 0.7499748203785745, 0.7499748203785745, 0.7499748203785745, 0.7499748203785745, 0.7499748203785745, 0.7499748203785745, 0.7499748203785745, 0.7499748203785745, 0.7499748203785745, 0.7499748203785745, 0.7499748203785745, 0.7499748203785745, 0.7499748203785745, 0.7499748203785745, 0.7499748203785745, 0.7499748203785745, 0.7499748203785745, 0.7499748203785745, 0.7499748203785745, 0.7499748203785745], "mean_test_precision": [0.0058005978270408666, 0.0058005978270408666, 0.0058005978270408666, 0.0058005978270408666, 3.577955494406017e-05, 3.577955494406017e-05, 3.577955494406017e-05, 3.577955494406017e-05, 0.00011610869427419832, 0.00011610869427419832, 0.00011610869427419832, 0.00011610869427419832, 0.00011610869427419832, 0.00011610869427419832, 0.00011610869427419832, 0.00011610869427419832, 0.00011610869427419832, 0.00011610869427419832, 0.00011610869427419832, 0.00011610869427419832, 0.00011610869427419832, 0.00011610869427419832, 0.00011610869427419832, 0.00011610869427419832, 0.00011610869427419832, 0.00011610869427419832, 0.00011610869427419832, 0.00011610869427419832], "mean_train_f1": [0.025011439892383115, 0.025011439892383115, 0.025011439892383115, 0.025011439892383115, 0.000797736183895599, 0.000797736183895599, 0.000797736183895599, 0.000797736183895599, 0.0009598787442428588, 0.0009598787442428588, 0.0009598787442428588, 0.0009598787442428588, 0.0009598787442428588, 0.0009598787442428588, 0.0009598787442428588, 0.0009598787442428588, 0.0009598787442428588, 0.0009598787442428588, 0.0009598787442428588, 0.0009598787442428588, 0.0009598787442428588, 0.0009598787442428588, 0.0009598787442428588, 0.0009598787442428588, 0.0009598787442428588, 0.0009598787442428588, 0.0009598787442428588, 0.0009598787442428588], "params": [{"max_iter": 1.0, "tol": 0.001}, {"max_iter": 1.0, "tol": 0.0001}, {"max_iter": 1.0, "tol": 1e-05}, {"max_iter": 1.0, "tol": 1e-06}, {"max_iter": 10.0, "tol": 0.001}, {"max_iter": 10.0, "tol": 0.0001}, {"max_iter": 10.0, "tol": 1e-05}, {"max_iter": 10.0, "tol": 1e-06}, {"max_iter": 100.0, "tol": 0.001}, {"max_iter": 100.0, "tol": 0.0001}, {"max_iter": 100.0, "tol": 1e-05}, {"max_iter": 100.0, "tol": 1e-06}, {"max_iter": 1000.0, "tol": 0.001}, {"max_iter": 1000.0, "tol": 0.0001}, {"max_iter": 1000.0, "tol": 1e-05}, {"max_iter": 1000.0, "tol": 1e-06}, {"max_iter": 10000.0, "tol": 0.001}, {"max_iter": 10000.0, "tol": 0.0001}, {"max_iter": 10000.0, "tol": 1e-05}, {"max_iter": 10000.0, "tol": 1e-06}, {"max_iter": 100000.0, "tol": 0.001}, {"max_iter": 100000.0, "tol": 0.0001}, {"max_iter": 100000.0, "tol": 1e-05}, {"max_iter": 100000.0, "tol": 1e-06}, {"max_iter": 1000000.0, "tol": 0.001}, {"max_iter": 1000000.0,