{"mean_train_f1": [0.8505268010617455, 0.8505268010617455, 0.8505268010617455, 0.8505268010617455, 0.9455578547922883, 0.9455578547922883, 0.9455578547922883, 0.9455578547922883, 0.9619045254129424, 0.9619045254129424, 0.9619045254129424, 0.9619045254129424, 0.9619045254129424, 0.9619045254129424, 0.9619045254129424, 0.9619045254129424, 0.9619045254129424, 0.9619045254129424, 0.9619045254129424, 0.9619045254129424, 0.9619045254129424, 0.9619045254129424, 0.9619045254129424, 0.9619045254129424, 0.9619045254129424, 0.9619045254129424, 0.9619045254129424, 0.9619045254129424], "mean_test_balanced_accuracy": [0.9974673872731403, 0.9974673872731403, 0.9974673872731403, 0.9974673872731403, 0.9992339030937055, 0.9992339030937055, 0.9992339030937055, 0.9992339030937055, 0.9994731657694808, 0.9994731657694808, 0.9994731657694808, 0.9994731657694808, 0.9994731657694808, 0.9994731657694808, 0.9994731657694808, 0.9994731657694808, 0.9994731657694808, 0.9994731657694808, 0.9994731657694808, 0.9994731657694808, 0.9994731657694808, 0.9994731657694808, 0.9994731657694808, 0.9994731657694808, 0.9994731657694808, 0.9994731657694808, 0.9994731657694808, 0.9994731657694808], "mean_fit_time": [7.816324739456177, 8.353627166748048, 7.963391847610474, 7.428664674758911, 19.077476224899293, 18.64398798942566, 17.578431787490846, 17.275798559188843, 36.08254239082336, 35.09273327827454, 34.05145004272461, 34.77190851211548, 35.73619164466858, 34.30094831466675, 33.61217396736145, 34.68870346069336, 35.20911897659302, 34.45265275001526, 34.01856116294861, 35.139979400634765, 34.34294415473938, 35.23465213775635, 33.580419521331784, 35.118502378463745, 34.46619644165039, 34.79734804153443, 35.197885799407956, 32.395936164855954], "mean_test_roc_auc": [0.9989563622443962, 0.9989563622443962, 0.9989563622443962, 0.9989563622443962, 0.9989586369376452, 0.9989586369376452, 0.9989586369376452, 0.9989586369376452, 0.9989601519612187, 0.9989601519612187, 0.9989601519612187, 0.9989601519612187, 0.9989601519612187, 0.9989601519612187, 0.9989601519612187, 0.9989601519612187, 0.9989601519612187, 0.9989601519612187, 0.9989601519612187, 0.9989601519612187, 0.9989601519612187, 0.9989601519612187, 0.9989601519612187, 0.9989601519612187, 0.9989601519612187, 0.9989601519612187, 0.9989601519612187, 0.9989601519612187], "mean_test_recall": [1.0, 1.0, 1.0, 1.0, 1.0, 1.0, 1.0, 1.0, 1.0, 1.0, 1.0, 1.0, 1.0, 1.0, 1.0, 1.0, 1.0, 1.0, 1.0, 1.0, 1.0, 1.0, 1.0, 1.0, 1.0, 1.0, 1.0, 1.0], "mean_score_time": [3.0588542938232424, 2.9538501644134523, 2.5548022174835205, 2.6637712287902833, 3.4003451251983643, 3.268234395980835, 3.306488580703735, 3.311653184890747, 3.588373556137085, 3.8905607795715333, 3.6645205307006834, 3.4017664432525634, 3.336025848388672, 3.6900399684906007, 3.527951326370239, 3.729375219345093, 3.446431941986084, 3.4902149391174317, 3.663684186935425, 3.767659511566162, 3.3804665756225587, 3.496437702178955, 3.3879712200164795, 3.5804090881347657, 3.837707939147949, 3.2795869159698485, 3.5474114990234376, 2.4642530727386474], "mean_train_recall": [1.0, 1.0, 1.0, 1.0, 1.0, 1.0, 1.0, 1.0, 1.0, 1.0, 1.0, 1.0, 1.0, 1.0, 1.0, 1.0, 1.0, 1.0, 1.0, 1.0, 1.0, 1.0, 1.0, 1.0, 1.0, 1.0, 1.0, 1.0], "mean_train_roc_auc": [0.9989563343383131, 0.9989563343383131, 0.9989563343383131, 0.9989563343383131, 0.9989569030129469, 0.9989569030129469, 0.9989569030129469, 0.9989569030129469, 0.9989601224921115, 0.9989601224921115, 0.9989601224921115, 0.9989601224921115, 0.9989601224921115, 0.9989601224921115, 0.9989601224921115, 0.9989601224921115, 0.9989601224921115, 0.9989601224921115, 0.9989601224921115, 0.9989601224921115, 0.9989601224921115, 0.9989601224921115, 0.9989601224921115, 0.9989601224921115, 0.9989601224921115, 0.9989601224921115, 0.9989601224921115, 0.9989601224921115], "mean_train_balanced_accuracy": [0.9975019106064923, 0.9975019106064923, 0.9975019106064923, 0.9975019106064923, 0.9992327618551455, 0.9992327618551455, 0.9992327618551455, 0.9992327618551455, 0.9994731656805659, 0.9994731656805659, 0.9994731656805659, 0.9994731656805659, 0.9994731656805659, 0.9994731656805659, 0.9994731656805659, 0.9994731656805659, 0.9994731656805659, 0.9994731656805659, 0.9994731656805659, 0.9994731656805659, 0.9994731656805659, 0.9994731656805659, 0.9994731656805659, 0.9994731656805659, 0.9994731656805659, 0.9994731656805659, 0.9994731656805659, 0.9994731656805659], "mean_test_precision": [0.7484938971292322, 0.7484938971292322, 0.7484938971292322, 0.7484938971292322, 0.8971030818136648, 0.8971030818136648, 0.8971030818136648, 0.8971030818136648, 0.9266653895981534, 0.9266653895981534, 0.9266653895981534, 0.9266653895981534, 0.9266653895981534, 0.9266653895981534, 0.9266653895981534, 0.9266653895981534, 0.9266653895981534, 0.9266653895981534, 0.9266653895981534, 0.9266653895981534, 0.9266653895981534, 0.9266653895981534, 0.9266653895981534, 0.9266653895981534, 0.9266653895981534, 0.9266653895981534, 0.9266653895981534, 0.9266653895981534], "mean_test_f1": [0.8492815866366965, 0.8492815866366965, 0.8492815866366965, 0.8492815866366965, 0.9456575350355795, 0.9456575350355795, 0.9456575350355795, 0.9456575350355795, 0.9619206486579476, 0.9619206486579476, 0.9619206486579476, 0.9619206486579476, 0.9619206486579476, 0.9619206486579476, 0.9619206486579476, 0.9619206486579476, 0.9619206486579476, 0.9619206486579476, 0.9619206486579476, 0.9619206486579476, 0.9619206486579476, 0.9619206486579476, 0.9619206486579476, 0.9619206486579476, 0.9619206486579476, 0.9619206486579476, 0.9619206486579476, 0.9619206486579476], "mean_train_precision": [0.7497914134060158, 0.7497914134060158, 0.7497914134060158, 0.7497914134060158, 0.8968870752360365, 0.8968870752360365, 0.8968870752360365, 0.8968870752360365, 0.9266069618579862, 0.9266069618579862, 0.9266069618579862, 0.9266069618579862, 0.9266069618579862, 0.9266069618579862, 0.9266069618579862, 0.9266069618579862, 0.9266069618579862, 0.9266069618579862, 0.9266069618579862, 0.9266069618579862, 0.9266069618579862, 0.9266069618579862, 0.9266069618579862, 0.9266069618579862, 0.9266069618579862, 0.9266069618579862, 0.9266069618579862, 0.9266069618579862], "params": [{"max_iter": 1.0, "tol": 0.001}, {"max_iter": 1.0, "tol": 0.0001}, {"max_iter": 1.0, "tol": 1e-05}, {"max_iter": 1.0, "tol": 1e-06}, {"max_iter": 10.0, "tol": 0.001}, {"max_iter": 10.0, "tol": 0.0001}, {"max_iter": 10.0, "tol": 1e-05}, {"max_iter": 10.0, "tol": 1e-06}, {"max_iter": 100.0, "tol": 0.001}, {"max_iter": 100.0, "tol": 0.0001}, {"max_iter": 100.0, "tol": 1e-05}, {"max_iter": 100.0, "tol": 1e-06}, {"max_iter": 1000.0, "tol": 0.001}, {"max_iter": 1000.0, "tol": 0.0001}, {"max_iter": 1000.0, "tol": 1e-05}, {"max_iter": 1000.0, "tol": 1e-06}, {"max_iter": 10000.0, "tol": 0.001}, {"max_iter": 10000.0, "tol": 0.0001}, {"max_iter": 10000.0, "tol": 1e-05}, {"max_iter": 10000.0, "tol": 1e-06}, {"max_iter": 100000.0, "tol": 0.001}, {"max_iter": 100000.0, "tol": 0.0001}, {"max_iter": 100000.0, "tol": 1e-05}, {"max_iter": 100000.0, "tol": 1e-06}, {"max_iter": 1000000.0, "tol": 0.001}, {"max_iter": 1000000.0, "tol": 0.0001}, {"max_iter": 1000000.0, "tol": 1e-05}, {"max_iter": 1000000.0, "tol": 1e-06}], "optimal_params": {"max_iter": 100.0, "tol": 0.001}, "cv_search_time": "0:15:47.433447"}