{"mean_train_roc_auc": [0.9992752507426291, 0.9992752507426291, 0.9992752507426291, 0.9992752507426291, 0.9996916060748334, 0.9996916060748334, 0.9996916060748334, 0.9996916060748334, 0.9999999753346469, 0.9999999753346469, 0.9999999753346469, 0.9999999753346469, 0.9999999753346469, 0.9999999753346469, 0.9999999753346469, 0.9999999753346469, 0.9999999753346469, 0.9999999753346469, 0.9999999753346469, 0.9999999753346469, 0.9999999753346469, 0.9999999753346469, 0.9999999753346469, 0.9999999753346469, 0.9999999753346469, 0.9999999753346469, 0.9999999753346469, 0.9999999753346469], "mean_train_precision": [0.0336951814910633, 0.0336951814910633, 0.0336951814910633, 0.0336951814910633, 0.870209163077152, 0.870209163077152, 0.870209163077152, 0.870209163077152, 0.9947766389782903, 0.9947766389782903, 0.9947766389782903, 0.9947766389782903, 0.9947766389782903, 0.9947766389782903, 0.9947766389782903, 0.9947766389782903, 0.9947766389782903, 0.9947766389782903, 0.9947766389782903, 0.9947766389782903, 0.9947766389782903, 0.9947766389782903, 0.9947766389782903, 0.9947766389782903, 0.9947766389782903, 0.9947766389782903, 0.9947766389782903, 0.9947766389782903], "mean_train_balanced_accuracy": [0.8093136429410446, 0.8093136429410446, 0.8093136429410446, 0.8093136429410446, 0.999007966904137, 0.999007966904137, 0.999007966904137, 0.999007966904137, 0.9999650845127238, 0.9999650845127238, 0.9999650845127238, 0.9999650845127238, 0.9999650845127238, 0.9999650845127238, 0.9999650845127238, 0.9999650845127238, 0.9999650845127238, 0.9999650845127238, 0.9999650845127238, 0.9999650845127238, 0.9999650845127238, 0.9999650845127238, 0.9999650845127238, 0.9999650845127238, 0.9999650845127238, 0.9999650845127238, 0.9999650845127238, 0.9999650845127238], "mean_train_f1": [0.06519364346345624, 0.06519364346345624, 0.06519364346345624, 0.06519364346345624, 0.9305916578889767, 0.9305916578889767, 0.9305916578889767, 0.9305916578889767, 0.9973814105616678, 0.9973814105616678, 0.9973814105616678, 0.9973814105616678, 0.9973814105616678, 0.9973814105616678, 0.9973814105616678, 0.9973814105616678, 0.9973814105616678, 0.9973814105616678, 0.9973814105616678, 0.9973814105616678, 0.9973814105616678, 0.9973814105616678, 0.9973814105616678, 0.9973814105616678, 0.9973814105616678, 0.9973814105616678, 0.9973814105616678, 0.9973814105616678], "mean_test_recall": [1.0, 1.0, 1.0, 1.0, 1.0, 1.0, 1.0, 1.0, 0.9998467409822572, 0.9998467409822572, 0.9998467409822572, 0.9998467409822572, 0.9998467409822572, 0.9998467409822572, 0.9998467409822572, 0.9998467409822572, 0.9998467409822572, 0.9998467409822572, 0.9998467409822572, 0.9998467409822572, 0.9998467409822572, 0.9998467409822572, 0.9998467409822572, 0.9998467409822572, 0.9998467409822572, 0.9998467409822572, 0.9998467409822572, 0.9998467409822572], "mean_test_balanced_accuracy": [0.8093237092510482, 0.8093237092510482, 0.8093237092510482, 0.8093237092510482, 0.9990055455767496, 0.9990055455767496, 0.9990055455767496, 0.9990055455767496, 0.9998876904677811, 0.9998876904677811, 0.9998876904677811, 0.9998876904677811, 0.9998876904677811, 0.9998876904677811, 0.9998876904677811, 0.9998876904677811, 0.9998876904677811, 0.9998876904677811, 0.9998876904677811, 0.9998876904677811, 0.9998876904677811, 0.9998876904677811, 0.9998876904677811, 0.9998876904677811, 0.9998876904677811, 0.9998876904677811, 0.9998876904677811, 0.9998876904677811], "mean_test_precision": [0.03369840242756766, 0.03369840242756766, 0.03369840242756766, 0.03369840242756766, 0.8700988570549475, 0.8700988570549475, 0.8700988570549475, 0.8700988570549475, 0.9946673737022516, 0.9946673737022516, 0.9946673737022516, 0.9946673737022516, 0.9946673737022516, 0.9946673737022516, 0.9946673737022516, 0.9946673737022516, 0.9946673737022516, 0.9946673737022516, 0.9946673737022516, 0.9946673737022516, 0.9946673737022516, 0.9946673737022516, 0.9946673737022516, 0.9946673737022516, 0.9946673737022516, 0.9946673737022516, 0.9946673737022516, 0.9946673737022516], "mean_test_roc_auc": [0.9992752407296239, 0.9992752407296239, 0.9992752407296239, 0.9992752407296239, 0.9996983410245575, 0.9996983410245575, 0.9996983410245575, 0.9996983410245575, 0.999999947266883, 0.999999947266883, 0.999999947266883, 0.999999947266883, 0.999999947266883, 0.999999947266883, 0.999999947266883, 0.999999947266883, 0.999999947266883, 0.999999947266883, 0.999999947266883, 0.999999947266883, 0.999999947266883, 0.999999947266883, 0.999999947266883, 0.999999947266883, 0.999999947266883, 0.999999947266883, 0.999999947266883, 0.999999947266883], "mean_fit_time": [1.5113307857513427, 2.0502501106262208, 2.1607992839813233, 2.216285648345947, 6.825715656280518, 6.068351554870605, 6.5066375827789305, 5.951287069320679, 57.76208251953125, 55.88108762741089, 55.91787919998169, 56.44977829933166, 56.84128865242005, 55.48738304138183, 56.79607387542725, 57.576402797698975, 55.981532430648805, 56.613460006713865, 56.51038888931274, 55.83721239089966, 57.26233924865723, 55.976150054931644, 57.230640773773196, 55.646780796051026, 54.962577438354494, 57.29617819786072, 56.96381614685058, 49.89555583000183], "mean_test_f1": [0.06519958019682426, 0.06519958019682426, 0.06519958019682426, 0.06519958019682426, 0.9304854201170073, 0.9304854201170073, 0.9304854201170073, 0.9304854201170073, 0.9972486238089547, 0.9972486238089547, 0.9972486238089547, 0.9972486238089547, 0.9972486238089547, 0.9972486238089547, 0.9972486238089547, 0.9972486238089547, 0.9972486238089547, 0.9972486238089547, 0.9972486238089547, 0.9972486238089547, 0.9972486238089547, 0.9972486238089547, 0.9972486238089547, 0.9972486238089547, 0.9972486238089547, 0.9972486238089547, 0.9972486238089547, 0.9972486238089547], "mean_train_recall": [1.0, 1.0, 1.0, 1.0, 1.0, 1.0, 1.0, 1.0, 1.0, 1.0, 1.0, 1.0, 1.0, 1.0, 1.0, 1.0, 1.0, 1.0, 1.0, 1.0, 1.0, 1.0, 1.0, 1.0, 1.0, 1.0, 1.0, 1.0], "mean_score_time": [2.378453493118286, 2.2676063442230223, 2.1837324905395508, 2.00448881149292, 2.5352952671051026, 2.534297218322754, 2.4207556533813475, 2.322330493927002, 3.452200984954834, 3.3818655681610106, 3.7623784828186033, 3.544703330993652, 3.1803085231781005, 3.773293762207031, 3.7852368354797363, 4.39732400894165, 3.178349027633667, 3.87753719329834, 3.5611311626434325, 4.0184166431427, 3.578859176635742, 3.5197917652130126, 3.741349754333496, 3.6474753475189208, 3.754411344528198, 3.3689534854888916, 3.6939523887634276, 2.1931558227539063], "params": [{"max_iter": 1.0, "tol": 0.001}, {"max_iter": 1.0, "tol": 0.0001}, {"max_iter": 1.0, "tol": 1e-05}, {"max_iter": 1.0, "tol": 1e-06}, {"max_iter": 10.0, "tol": 0.001}, {"max_iter": 10.0, "tol": 0.0001}, {"max_iter": 10.0, "tol": 1e-05}, {"max_iter": 10.0, "tol": 1e-06}, {"max_iter": 100.0, "tol": 0.001}, {"max_iter": 100.0, "tol": 0.0001}, {"max_iter": 100.0, "tol": 1e-05}, {"max_iter": 100.0, "tol": 1e-06}, {"max_iter": 1000.0, "tol": 0.001}, {"max_iter": 1000.0, "tol": 0.0001}, {"max_iter": 1000.0, "tol": 1e-05}, {"max_iter": 1000.0, "tol": 1e-06}, {"max_iter": 10000.0, "tol": 0.001}, {"max_iter": 10000.0, "tol": 0.0001}, {"max_iter": 10000.0, "tol": 1e-05}, {"max_iter": 10000.0, "tol": 1e-06}, {"max_iter": 100000.0, "tol": 0.001}, {"max_iter": 100000.0, "tol": 0.0001}, {"max_iter": 100000.0, "tol": 1e-05}, {"max_iter": 100000.0, "tol": 1e-06}, {"max_iter": 1000000.0, "tol": 0.001}, {"max_iter": 1000000.0, "tol": 0.0001}, {"max_iter": 1000000.0, "tol": 1e-05}, {"max_iter": 1000000.0, "tol": 1e-06}], "optimal_params": {"max_iter": 100.0, "tol": 0.001}, "cv_search_time": "0:20:11.138925"}