{"mean_test_recall": [1.0, 1.0, 1.0, 1.0, 1.0, 1.0, 1.0, 1.0, 1.0, 1.0, 1.0, 1.0, 1.0, 1.0, 1.0, 1.0, 1.0, 1.0, 1.0, 1.0, 1.0, 1.0, 1.0, 1.0, 1.0, 1.0, 1.0, 1.0], "mean_train_balanced_accuracy": [0.509695292302925, 0.509695292302925, 0.509695292302925, 0.509695292302925, 0.9991317001981223, 0.9991317001981223, 0.9991317001981223, 0.9991317001981223, 0.999367443464787, 0.999367443464787, 0.999367443464787, 0.999367443464787, 0.999367443464787, 0.999367443464787, 0.999367443464787, 0.999367443464787, 0.999367443464787, 0.999367443464787, 0.999367443464787, 0.999367443464787, 0.999367443464787, 0.999367443464787, 0.999367443464787, 0.999367443464787, 0.999367443464787, 0.999367443464787, 0.999367443464787, 0.999367443464787], "mean_train_precision": [0.013379981549058976, 0.013379981549058976, 0.013379981549058976, 0.013379981549058976, 0.8845024715918697, 0.8845024715918697, 0.8845024715918697, 0.8845024715918697, 0.9131359822731951, 0.9131359822731951, 0.9131359822731951, 0.9131359822731951, 0.9131359822731951, 0.9131359822731951, 0.9131359822731951, 0.9131359822731951, 0.9131359822731951, 0.9131359822731951, 0.9131359822731951, 0.9131359822731951, 0.9131359822731951, 0.9131359822731951, 0.9131359822731951, 0.9131359822731951, 0.9131359822731951, 0.9131359822731951, 0.9131359822731951, 0.9131359822731951], "mean_test_roc_auc": [0.9994936298844214, 0.9994936298844214, 0.9994936298844214, 0.9994936298844214, 0.9993159317149879, 0.9993159317149879, 0.9993159317149879, 0.9993159317149879, 0.9999993532619122, 0.9999993532619122, 0.9999993532619122, 0.9999993532619122, 0.9999993532619122, 0.9999993532619122, 0.9999993532619122, 0.9999993532619122, 0.9999993532619122, 0.9999993532619122, 0.9999993532619122, 0.9999993532619122, 0.9999993532619122, 0.9999993532619122, 0.9999993532619122, 0.9999993532619122, 0.9999993532619122, 0.9999993532619122, 0.9999993532619122, 0.9999993532619122], "mean_fit_time": [1.4135778617858887, 2.052846603393555, 2.092456569671631, 2.112465057373047, 5.9144468593597415, 5.509661779403687, 5.519698705673218, 5.529967222213745, 34.5874004650116, 33.1174564743042, 33.685167665481565, 33.67308609008789, 32.59907912254334, 34.28373418807983, 33.50023633956909, 33.873003511428834, 33.93760973930359, 33.673678731918336, 33.98403639793396, 33.976351957321164, 33.24331422805786, 33.77452047348022, 32.42141418457031, 33.4566047668457, 34.46182158470154, 32.22878800392151, 33.70835126876831, 30.726842193603517], "mean_train_recall": [1.0, 1.0, 1.0, 1.0, 1.0, 1.0, 1.0, 1.0, 1.0, 1.0, 1.0, 1.0, 1.0, 1.0, 1.0, 1.0, 1.0, 1.0, 1.0, 1.0, 1.0, 1.0, 1.0, 1.0, 1.0, 1.0, 1.0, 1.0], "mean_test_precision": [0.01337993082775739, 0.01337993082775739, 0.01337993082775739, 0.01337993082775739, 0.8845038712099829, 0.8845038712099829, 0.8845038712099829, 0.8845038712099829, 0.9122484785985001, 0.9122484785985001, 0.9122484785985001, 0.9122484785985001, 0.9122484785985001, 0.9122484785985001, 0.9122484785985001, 0.9122484785985001, 0.9122484785985001, 0.9122484785985001, 0.9122484785985001, 0.9122484785985001, 0.9122484785985001, 0.9122484785985001, 0.9122484785985001, 0.9122484785985001, 0.9122484785985001, 0.9122484785985001, 0.9122484785985001, 0.9122484785985001], "mean_test_balanced_accuracy": [0.5096932525819426, 0.5096932525819426, 0.5096932525819426, 0.5096932525819426, 0.9991309358108399, 0.9991309358108399, 0.9991309358108399, 0.9991309358108399, 0.9993592877936303, 0.9993592877936303, 0.9993592877936303, 0.9993592877936303, 0.9993592877936303, 0.9993592877936303, 0.9993592877936303, 0.9993592877936303, 0.9993592877936303, 0.9993592877936303, 0.9993592877936303, 0.9993592877936303, 0.9993592877936303, 0.9993592877936303, 0.9993592877936303, 0.9993592877936303, 0.9993592877936303, 0.9993592877936303, 0.9993592877936303, 0.9993592877936303], "mean_test_f1": [0.02640654365834526, 0.02640654365834526, 0.02640654365834526, 0.02640654365834526, 0.9386865597823355, 0.9386865597823355, 0.9386865597823355, 0.9386865597823355, 0.9540752720637278, 0.9540752720637278, 0.9540752720637278, 0.9540752720637278, 0.9540752720637278, 0.9540752720637278, 0.9540752720637278, 0.9540752720637278, 0.9540752720637278, 0.9540752720637278, 0.9540752720637278, 0.9540752720637278, 0.9540752720637278, 0.9540752720637278, 0.9540752720637278, 0.9540752720637278, 0.9540752720637278, 0.9540752720637278, 0.9540752720637278, 0.9540752720637278], "mean_score_time": [2.317328271865845, 2.3784325027465822, 2.089498291015625, 1.9775624752044678, 2.566221761703491, 2.2461442852020266, 2.554352912902832, 2.339744825363159, 3.2720766353607176, 3.1061779117584227, 3.3379796504974366, 3.5824221897125246, 3.3772976112365725, 3.392151746749878, 3.4325826930999757, 3.2342788410186767, 3.497540168762207, 3.22841344833374, 3.4822050857543947, 3.131905822753906, 3.386135835647583, 3.7678451251983645, 3.329887228012085, 3.8107328033447265, 3.3025282287597655, 3.585491418838501, 3.130077114105225, 2.0508322143554687], "mean_train_roc_auc": [0.9994963790036675, 0.9994963790036675, 0.9994963790036675, 0.9994963790036675, 0.9993148598880466, 0.9993148598880466, 0.9993148598880466, 0.9993148598880466, 0.9999994684711401, 0.9999994684711401, 0.9999994684711401, 0.9999994684711401, 0.9999994684711401, 0.9999994684711401, 0.9999994684711401, 0.9999994684711401, 0.9999994684711401, 0.9999994684711401, 0.9999994684711401, 0.9999994684711401, 0.9999994684711401, 0.9999994684711401, 0.9999994684711401, 0.9999994684711401, 0.9999994684711401, 0.9999994684711401, 0.9999994684711401, 0.9999994684711401], "mean_train_f1": [0.02640664268731536, 0.02640664268731536, 0.02640664268731536, 0.02640664268731536, 0.9387103824966815, 0.9387103824966815, 0.9387103824966815, 0.9387103824966815, 0.9545948958128827, 0.9545948958128827, 0.9545948958128827, 0.9545948958128827, 0.9545948958128827, 0.9545948958128827, 0.9545948958128827, 0.9545948958128827, 0.9545948958128827, 0.9545948958128827, 0.9545948958128827, 0.9545948958128827, 0.9545948958128827, 0.9545948958128827, 0.9545948958128827, 0.9545948958128827, 0.9545948958128827, 0.9545948958128827, 0.9545948958128827, 0.9545948958128827], "params": [{"max_iter": 1.0, "tol": 0.001}, {"max_iter": 1.0, "tol": 0.0001}, {"max_iter": 1.0, "tol": 1e-05}, {"max_iter": 1.0, "tol": 1e-06}, {"max_iter": 10.0, "tol": 0.001}, {"max_iter": 10.0, "tol": 0.0001}, {"max_iter": 10.0, "tol": 1e-05}, {"max_iter": 10.0, "tol": 1e-06}, {"max_iter": 100.0, "tol": 0.001}, {"max_iter": 100.0, "tol": 0.0001}, {"max_iter": 100.0, "tol": 1e-05}, {"max_iter": 100.0, "tol": 1e-06}, {"max_iter": 1000.0, "tol": 0.001}, {"max_iter": 1000.0, "tol": 0.0001}, {"max_iter": 1000.0, "tol": 1e-05}, {"max_iter": 1000.0, "tol": 1e-06}, {"max_iter": 10000.0, "tol": 0.001}, {"max_iter": 10000.0, "tol": 0.0001}, {"max_iter": 10000.0, "tol": 1e-05}, {"max_iter": 10000.0, "tol": 1e-06}, {"max_iter": 100000.0, "tol": 0.001}, {"max_iter": 100000.0, "tol": 0.0001}, {"max_iter": 100000.0, "tol": 1e-05}, {"max_iter": 100000.0, "tol": 1e-06}, {"max_iter": 1000000.0, "tol": 0.001}, {"max_iter": 1000000.0, "tol": 0.0001}, {"max_iter": 1000000.0, "tol": 1e-05}, {"max_iter": 1000000.0, "tol": 1e-06}], "optimal_params": {"max_iter": 100.0, "tol": 0.001}, "cv_search_time": "0:13:52.764513"}