{"mean_train_balanced_accuracy": [0.4990095740682377, 0.4990095740682377, 0.4990095740682377, 0.4990095740682377, 0.9970704482448187, 0.9970704482448187, 0.9970704482448187, 0.9970704482448187, 0.9973482232888202, 0.9973482232888202, 0.9973482232888202, 0.9973482232888202, 0.9973482232888202, 0.9973482232888202, 0.9973482232888202, 0.9973482232888202, 0.9973482232888202, 0.9973482232888202, 0.9973482232888202, 0.9973482232888202, 0.9973482232888202, 0.9973482232888202, 0.9973482232888202, 0.9973482232888202, 0.9973482232888202, 0.9973482232888202, 0.9973482232888202, 0.9973482232888202], "mean_fit_time": [2.713151521682739, 4.827354955673218, 4.408796548843384, 4.9621389198303225, 8.12786458015442, 7.28025782585144, 7.413268766403198, 8.530604953765868, 10.83736979484558, 11.758180227279663, 11.195994453430176, 12.06991982460022, 11.582822933197022, 11.30074836730957, 11.653602924346924, 11.087728414535523, 12.353217687606811, 11.927654705047608, 11.20796565055847, 11.921972227096557, 12.282853565216065, 11.331789979934692, 12.145807485580445, 11.328609609603882, 11.544708452224732, 11.165577659606933, 11.369526958465576, 10.509482154846191], "mean_test_f1": [0.0, 0.0, 0.0, 0.0, 0.8773654868505867, 0.8773654868505867, 0.8773654868505867, 0.8773654868505867, 0.8938184344223774, 0.8938184344223774, 0.8938184344223774, 0.8938184344223774, 0.8938184344223774, 0.8938184344223774, 0.8938184344223774, 0.8938184344223774, 0.8938184344223774, 0.8938184344223774, 0.8938184344223774, 0.8938184344223774, 0.8938184344223774, 0.8938184344223774, 0.8938184344223774, 0.8938184344223774, 0.8938184344223774, 0.8938184344223774, 0.8938184344223774, 0.8938184344223774], "mean_train_f1": [0.0, 0.0, 0.0, 0.0, 0.8771729298330581, 0.8771729298330581, 0.8771729298330581, 0.8771729298330581, 0.89239476492257, 0.89239476492257, 0.89239476492257, 0.89239476492257, 0.89239476492257, 0.89239476492257, 0.89239476492257, 0.89239476492257, 0.89239476492257, 0.89239476492257, 0.89239476492257, 0.89239476492257, 0.89239476492257, 0.89239476492257, 0.89239476492257, 0.89239476492257, 0.89239476492257, 0.89239476492257, 0.89239476492257, 0.89239476492257], "mean_test_recall": [0.0, 0.0, 0.0, 0.0, 0.9985688685223334, 0.9985688685223334, 0.9985688685223334, 0.9985688685223334, 0.9985688685223334, 0.9985688685223334, 0.9985688685223334, 0.9985688685223334, 0.9985688685223334, 0.9985688685223334, 0.9985688685223334, 0.9985688685223334, 0.9985688685223334, 0.9985688685223334, 0.9985688685223334, 0.9985688685223334, 0.9985688685223334, 0.9985688685223334, 0.9985688685223334, 0.9985688685223334, 0.9985688685223334, 0.9985688685223334, 0.9985688685223334, 0.9985688685223334], "mean_score_time": [1.2182881832122803, 1.287051239013672, 1.1820676136016846, 1.2360662746429443, 1.5370124530792237, 1.41674729347229, 1.4113210105895997, 1.515585308074951, 1.5374935817718507, 1.5582916831970215, 1.4769594383239746, 1.4461679172515869, 1.4075934982299805, 1.4650114345550538, 1.667470760345459, 1.4385150718688964, 1.505329074859619, 1.4934892082214355, 1.4839702224731446, 1.4860853672027587, 1.7239572620391845, 1.5980797576904298, 1.5995464706420899, 1.6429819774627685, 1.4764398670196532, 1.4954907703399658, 1.4735472202301025, 1.1187768268585205], "mean_train_roc_auc": [0.9970781462699937, 0.9970781462699937, 0.9970781462699937, 0.9970781462699937, 0.999059396527654, 0.999059396527654, 0.999059396527654, 0.999059396527654, 0.9990814342716077, 0.9990814342716077, 0.9990814342716077, 0.9990814342716077, 0.9990814342716077, 0.9990814342716077, 0.9990814342716077, 0.9990814342716077, 0.9990814342716077, 0.9990814342716077, 0.9990814342716077, 0.9990814342716077, 0.9990814342716077, 0.9990814342716077, 0.9990814342716077, 0.9990814342716077, 0.9990814342716077, 0.9990814342716077, 0.9990814342716077, 0.9990814342716077], "mean_train_precision": [0.0, 0.0, 0.0, 0.0, 0.7821095682523237, 0.7821095682523237, 0.7821095682523237, 0.7821095682523237, 0.8090850483808484, 0.8090850483808484, 0.8090850483808484, 0.8090850483808484, 0.8090850483808484, 0.8090850483808484, 0.8090850483808484, 0.8090850483808484, 0.8090850483808484, 0.8090850483808484, 0.8090850483808484, 0.8090850483808484, 0.8090850483808484, 0.8090850483808484, 0.8090850483808484, 0.8090850483808484, 0.8090850483808484, 0.8090850483808484, 0.8090850483808484, 0.8090850483808484], "mean_test_roc_auc": [0.9970791255562339, 0.9970791255562339, 0.9970791255562339, 0.9970791255562339, 0.9990596833884999, 0.9990596833884999, 0.9990596833884999, 0.9990596833884999, 0.9990509664015793, 0.9990509664015793, 0.9990509664015793, 0.9990509664015793, 0.9990509664015793, 0.9990509664015793, 0.9990509664015793, 0.9990509664015793, 0.9990509664015793, 0.9990509664015793, 0.9990509664015793, 0.9990509664015793, 0.9990509664015793, 0.9990509664015793, 0.9990509664015793, 0.9990509664015793, 0.9990509664015793, 0.9990509664015793, 0.9990509664015793, 0.9990509664015793], "mean_train_recall": [0.0, 0.0, 0.0, 0.0, 0.9985693525876829, 0.9985693525876829, 0.9985693525876829, 0.9985693525876829, 0.9985693525876829, 0.9985693525876829, 0.9985693525876829, 0.9985693525876829, 0.9985693525876829, 0.9985693525876829, 0.9985693525876829, 0.9985693525876829, 0.9985693525876829, 0.9985693525876829, 0.9985693525876829, 0.9985693525876829, 0.9985693525876829, 0.9985693525876829, 0.9985693525876829, 0.9985693525876829, 0.9985693525876829, 0.9985693525876829, 0.9985693525876829, 0.9985693525876829], "mean_test_balanced_accuracy": [0.49900957365841664, 0.49900957365841664, 0.49900957365841664, 0.49900957365841664, 0.997070206200546, 0.997070206200546, 0.997070206200546, 0.997070206200546, 0.9973741659767499, 0.9973741659767499, 0.9973741659767499, 0.9973741659767499, 0.9973741659767499, 0.9973741659767499, 0.9973741659767499, 0.9973741659767499, 0.9973741659767499, 0.9973741659767499, 0.9973741659767499, 0.9973741659767499, 0.9973741659767499, 0.9973741659767499, 0.9973741659767499, 0.9973741659767499, 0.9973741659767499, 0.9973741659767499, 0.9973741659767499, 0.9973741659767499], "mean_test_precision": [0.0, 0.0, 0.0, 0.0, 0.7826479418286367, 0.7826479418286367, 0.7826479418286367, 0.7826479418286367, 0.8117022637502728, 0.8117022637502728, 0.8117022637502728, 0.8117022637502728, 0.8117022637502728, 0.8117022637502728, 0.8117022637502728, 0.8117022637502728, 0.8117022637502728, 0.8117022637502728, 0.8117022637502728, 0.8117022637502728, 0.8117022637502728, 0.8117022637502728, 0.8117022637502728, 0.8117022637502728, 0.8117022637502728, 0.8117022637502728, 0.8117022637502728, 0.8117022637502728], "params": [{"max_iter": 1.0, "tol": 0.001}, {"max_iter": 1.0, "tol": 0.0001}, {"max_iter": 1.0, "tol": 1e-05}, {"max_iter": 1.0, "tol": 1e-06}, {"max_iter": 10.0, "tol": 0.001}, {"max_iter": 10.0, "tol": 0.0001}, {"max_iter": 10.0, "tol": 1e-05}, {"max_iter": 10.0, "tol": 1e-06}, {"max_iter": 100.0, "tol": 0.001}, {"max_iter": 100.0, "tol": 0.0001}, {"max_iter": 100.0, "tol": 1e-05}, {"max_iter": 100.0, "tol": 1e-06}, {"max_iter": 1000.0, "tol": 0.001}, {"max_iter": 1000.0, "tol": 0.0001}, {"max_iter": 1000.0, "tol": 1e-05}, {"max_iter": 1000.0, "tol": 1e-06}, {"max_iter": 10000.0, "tol": 0.001}, {"max_iter": 10000.0, "tol": 0.0001}, {"max_iter": 10000.0, "tol": 1e-05}, {"max_iter": 10000.0, "tol": 1e-06}, {"max_iter": 100000.0, "tol": 0.001}, {"max_iter": 100000.0, "tol": 0.0001}, {"max_iter": 100000.0, "tol": 1e-05}, {"max_iter": 100000.0, "tol": 1e-06}, {"max_iter": 1000000.0, "tol": 0.001}, {"max_iter": 1000000.0, "tol": 0.0001}, {"max_iter": 1000000.0, "tol": 1e-05}, {"max_iter": 1000000.0, "tol": 1e-06}], "optimal_params": {"max_iter": 100.0, "tol": 0.001}, "cv_search_time": "0:05:54.261928"}