{"mean_fit_time": [1.0965844535827636, 1.6347111225128175, 2.053949012756348, 1.8629950714111327, 4.035669050216675, 3.952087097167969, 3.9870942974090577, 4.3059576225280765, 13.243136854171754, 12.45207615852356, 11.602840766906738, 12.916450595855713, 12.885964479446411, 12.50049867630005, 11.66106930732727, 12.097075204849244, 12.498773708343506, 11.742010707855224, 12.089212989807129, 11.826288223266602, 12.136532993316651, 12.046027183532715, 12.17069577217102, 12.329903364181519, 12.362206726074218, 11.99763566017151, 12.688048839569092, 11.678721656799317], "mean_test_recall": [1.0, 1.0, 1.0, 1.0, 0.9990403307907559, 0.9990403307907559, 0.9990403307907559, 0.9990403307907559, 0.9990403307907559, 0.9990403307907559, 0.9990403307907559, 0.9990403307907559, 0.9990403307907559, 0.9990403307907559, 0.9990403307907559, 0.9990403307907559, 0.9990403307907559, 0.9990403307907559, 0.9990403307907559, 0.9990403307907559, 0.9990403307907559, 0.9990403307907559, 0.9990403307907559, 0.9990403307907559, 0.9990403307907559, 0.9990403307907559, 0.9990403307907559, 0.9990403307907559], "mean_train_roc_auc": [0.9999921902205635, 0.9999921902205635, 0.9999921902205635, 0.9999921902205635, 0.9999898702490124, 0.9999898702490124, 0.9999898702490124, 0.9999898702490124, 0.9999978992147759, 0.9999978992147759, 0.9999978992147759, 0.9999978992147759, 0.9999978992147759, 0.9999978992147759, 0.9999978992147759, 0.9999978992147759, 0.9999978992147759, 0.9999978992147759, 0.9999978992147759, 0.9999978992147759, 0.9999978992147759, 0.9999978992147759, 0.9999978992147759, 0.9999978992147759, 0.9999978992147759, 0.9999978992147759, 0.9999978992147759, 0.9999978992147759], "mean_test_precision": [0.01654195881332149, 0.01654195881332149, 0.01654195881332149, 0.01654195881332149, 0.8186552721808459, 0.8186552721808459, 0.8186552721808459, 0.8186552721808459, 0.9152274827369624, 0.9152274827369624, 0.9152274827369624, 0.9152274827369624, 0.9152274827369624, 0.9152274827369624, 0.9152274827369624, 0.9152274827369624, 0.9152274827369624, 0.9152274827369624, 0.9152274827369624, 0.9152274827369624, 0.9152274827369624, 0.9152274827369624, 0.9152274827369624, 0.9152274827369624, 0.9152274827369624, 0.9152274827369624, 0.9152274827369624, 0.9152274827369624], "mean_train_balanced_accuracy": [0.5270060104657839, 0.5270060104657839, 0.5270060104657839, 0.5270060104657839, 0.9977918305245591, 0.9977918305245591, 0.9977918305245591, 0.9977918305245591, 0.9987723349177478, 0.9987723349177478, 0.9987723349177478, 0.9987723349177478, 0.9987723349177478, 0.9987723349177478, 0.9987723349177478, 0.9987723349177478, 0.9987723349177478, 0.9987723349177478, 0.9987723349177478, 0.9987723349177478, 0.9987723349177478, 0.9987723349177478, 0.9987723349177478, 0.9987723349177478, 0.9987723349177478, 0.9987723349177478, 0.9987723349177478, 0.9987723349177478], "mean_test_balanced_accuracy": [0.527031563337901, 0.527031563337901, 0.527031563337901, 0.527031563337901, 0.9977536567350239, 0.9977536567350239, 0.9977536567350239, 0.9977536567350239, 0.9987787796159533, 0.9987787796159533, 0.9987787796159533, 0.9987787796159533, 0.9987787796159533, 0.9987787796159533, 0.9987787796159533, 0.9987787796159533, 0.9987787796159533, 0.9987787796159533, 0.9987787796159533, 0.9987787796159533, 0.9987787796159533, 0.9987787796159533, 0.9987787796159533, 0.9987787796159533, 0.9987787796159533, 0.9987787796159533, 0.9987787796159533, 0.9987787796159533], "mean_score_time": [0.8830043506622315, 1.1948686695098878, 1.2712884140014649, 1.2675721549987793, 1.402198028564453, 1.45798641204834, 1.3320160007476807, 1.3105551624298095, 1.7028672313690185, 1.5036010646820068, 1.5560492038726808, 1.6638416385650634, 1.8511645698547363, 1.6093666172027588, 1.7221118927001953, 1.61524733543396, 1.5577258110046386, 1.5087792110443115, 1.7638670539855956, 1.5469740962982177, 1.516870527267456, 1.6171671199798583, 1.6408197975158691, 1.6034307670593262, 1.6955367183685304, 1.5608553409576416, 1.5849589252471923, 1.1039350605010987], "mean_test_f1": [0.03254554592066231, 0.03254554592066231, 0.03254554592066231, 0.03254554592066231, 0.899754896246596, 0.899754896246596, 0.899754896246596, 0.899754896246596, 0.955148674044327, 0.955148674044327, 0.955148674044327, 0.955148674044327, 0.955148674044327, 0.955148674044327, 0.955148674044327, 0.955148674044327, 0.955148674044327, 0.955148674044327, 0.955148674044327, 0.955148674044327, 0.955148674044327, 0.955148674044327, 0.955148674044327, 0.955148674044327, 0.955148674044327, 0.955148674044327, 0.955148674044327, 0.955148674044327], "mean_test_roc_auc": [0.9999922124603173, 0.9999922124603173, 0.9999922124603173, 0.9999922124603173, 0.9999847218630156, 0.9999847218630156, 0.9999847218630156, 0.9999847218630156, 0.9999859163715447, 0.9999859163715447, 0.9999859163715447, 0.9999859163715447, 0.9999859163715447, 0.9999859163715447, 0.9999859163715447, 0.9999859163715447, 0.9999859163715447, 0.9999859163715447, 0.9999859163715447, 0.9999859163715447, 0.9999859163715447, 0.9999859163715447, 0.9999859163715447, 0.9999859163715447, 0.9999859163715447, 0.9999859163715447, 0.9999859163715447, 0.9999859163715447], "mean_train_precision": [0.01654102964648348, 0.01654102964648348, 0.01654102964648348, 0.01654102964648348, 0.8214491022338664, 0.8214491022338664, 0.8214491022338664, 0.8214491022338664, 0.9142436189232765, 0.9142436189232765, 0.9142436189232765, 0.9142436189232765, 0.9142436189232765, 0.9142436189232765, 0.9142436189232765, 0.9142436189232765, 0.9142436189232765, 0.9142436189232765, 0.9142436189232765, 0.9142436189232765, 0.9142436189232765, 0.9142436189232765, 0.9142436189232765, 0.9142436189232765, 0.9142436189232765, 0.9142436189232765, 0.9142436189232765, 0.9142436189232765], "mean_train_recall": [1.0, 1.0, 1.0, 1.0, 0.9990411694596419, 0.9990411694596419, 0.9990411694596419, 0.9990411694596419, 0.9990411694596419, 0.9990411694596419, 0.9990411694596419, 0.9990411694596419, 0.9990411694596419, 0.9990411694596419, 0.9990411694596419, 0.9990411694596419, 0.9990411694596419, 0.9990411694596419, 0.9990411694596419, 0.9990411694596419, 0.9990411694596419, 0.9990411694596419, 0.9990411694596419, 0.9990411694596419, 0.9990411694596419, 0.9990411694596419, 0.9990411694596419, 0.9990411694596419], "mean_train_f1": [0.032543751747784316, 0.032543751747784316, 0.032543751747784316, 0.032543751747784316, 0.9015551055907107, 0.9015551055907107, 0.9015551055907107, 0.9015551055907107, 0.9546885066664346, 0.9546885066664346, 0.9546885066664346, 0.9546885066664346, 0.9546885066664346, 0.9546885066664346, 0.9546885066664346, 0.9546885066664346, 0.9546885066664346, 0.9546885066664346, 0.9546885066664346, 0.9546885066664346, 0.9546885066664346, 0.9546885066664346, 0.9546885066664346, 0.9546885066664346, 0.9546885066664346, 0.9546885066664346, 0.9546885066664346, 0.9546885066664346], "params": [{"max_iter": 1.0, "tol": 0.001}, {"max_iter": 1.0, "tol": 0.0001}, {"max_iter": 1.0, "tol": 1e-05}, {"max_iter": 1.0, "tol": 1e-06}, {"max_iter": 10.0, "tol": 0.001}, {"max_iter": 10.0, "tol": 0.0001}, {"max_iter": 10.0, "tol": 1e-05}, {"max_iter": 10.0, "tol": 1e-06}, {"max_iter": 100.0, "tol": 0.001}, {"max_iter": 100.0, "tol": 0.0001}, {"max_iter": 100.0, "tol": 1e-05}, {"max_iter": 100.0, "tol": 1e-06}, {"max_iter": 1000.0, "tol": 0.001}, {"max_iter": 1000.0, "tol": 0.0001}, {"max_iter": 1000.0, "tol": 1e-05}, {"max_iter": 1000.0, "tol": 1e-06}, {"max_iter": 10000.0, "tol": 0.001}, {"max_iter": 10000.0, "tol": 0.0001}, {"max_iter": 10000.0, "tol": 1e-05}, {"max_iter": 10000.0, "tol": 1e-06}, {"max_iter": 100000.0, "tol": 0.001}, {"max_iter": 100000.0, "tol": 0.0001}, {"max_iter": 100000.0, "tol": 1e-05}, {"max_iter": 100000.0, "tol": 1e-06}, {"max_iter": 1000000.0, "tol": 0.001}, {"max_iter": 1000000.0, "tol": 0.0001}, {"max_iter": 1000000.0, "tol": 1e-05}, {"max_iter": 1000000.0, "tol": 1e-06}], "optimal_params": {"max_iter": 100.0, "tol": 0.001}, "cv_search_time": "0:05:41.927919"}