{"mean_test_f1": [0.08404018744072222, 0.08404018744072222, 0.08404018744072222, 0.08404018744072222, 0.9085335115442967, 0.9085335115442967, 0.9085335115442967, 0.9085335115442967, 0.9988489428372284, 0.9988489428372284, 0.9988489428372284, 0.9988489428372284, 0.9988489428372284, 0.9988489428372284, 0.9988489428372284, 0.9988489428372284, 0.9988489428372284, 0.9988489428372284, 0.9988489428372284, 0.9988489428372284, 0.9988489428372284, 0.9988489428372284, 0.9988489428372284, 0.9988489428372284, 0.9988489428372284, 0.9988489428372284, 0.9988489428372284, 0.9988489428372284], "mean_test_roc_auc": [0.998193160454227, 0.998193160454227, 0.998193160454227, 0.998193160454227, 0.9999924628436024, 0.9999924628436024, 0.9999924628436024, 0.9999924628436024, 0.999996919903051, 0.999996919903051, 0.999996919903051, 0.999996919903051, 0.999996919903051, 0.999996919903051, 0.999996919903051, 0.999996919903051, 0.999996919903051, 0.999996919903051, 0.999996919903051, 0.999996919903051, 0.999996919903051, 0.999996919903051, 0.999996919903051, 0.999996919903051, 0.999996919903051, 0.999996919903051, 0.999996919903051, 0.999996919903051], "mean_train_roc_auc": [0.9981932409936989, 0.9981932409936989, 0.9981932409936989, 0.9981932409936989, 0.9999949084118809, 0.9999949084118809, 0.9999949084118809, 0.9999949084118809, 1.0, 1.0, 1.0, 1.0, 1.0, 1.0, 1.0, 1.0, 1.0, 1.0, 1.0, 1.0, 1.0, 1.0, 1.0, 1.0, 1.0, 1.0, 1.0, 1.0], "mean_train_recall": [1.0, 1.0, 1.0, 1.0, 0.9990411694596419, 0.9990411694596419, 0.9990411694596419, 0.9990411694596419, 1.0, 1.0, 1.0, 1.0, 1.0, 1.0, 1.0, 1.0, 1.0, 1.0, 1.0, 1.0, 1.0, 1.0, 1.0, 1.0, 1.0, 1.0, 1.0, 1.0], "mean_fit_time": [1.1397467136383057, 1.7566901969909667, 2.2605586147308347, 1.8866924381256103, 4.400261278152466, 4.027166728973389, 4.269816370010376, 4.538650207519531, 20.668414459228515, 18.90968291282654, 18.56881953239441, 19.423845100402833, 19.449211196899412, 18.894698514938355, 19.54960556983948, 18.43519111633301, 19.26813720703125, 17.127884569168092, 17.916099576950074, 19.394192972183227, 18.625177602767945, 20.245899181365967, 18.524834365844725, 18.295768404006957, 17.92731958389282, 18.075551099777222, 18.73452404022217, 17.141580390930176], "mean_test_balanced_accuracy": [0.8265647641953934, 0.8265647641953934, 0.8265647641953934, 0.8265647641953934, 0.9979229863164213, 0.9979229863164213, 0.9979229863164213, 0.9979229863164213, 0.9995094871482694, 0.9995094871482694, 0.9995094871482694, 0.9995094871482694, 0.9995094871482694, 0.9995094871482694, 0.9995094871482694, 0.9995094871482694, 0.9995094871482694, 0.9995094871482694, 0.9995094871482694, 0.9995094871482694, 0.9995094871482694, 0.9995094871482694, 0.9995094871482694, 0.9995094871482694, 0.9995094871482694, 0.9995094871482694, 0.9995094871482694, 0.9995094871482694], "mean_test_recall": [1.0, 1.0, 1.0, 1.0, 0.9990403307907559, 0.9990403307907559, 0.9990403307907559, 0.9990403307907559, 0.9990403307907559, 0.9990403307907559, 0.9990403307907559, 0.9990403307907559, 0.9990403307907559, 0.9990403307907559, 0.9990403307907559, 0.9990403307907559, 0.9990403307907559, 0.9990403307907559, 0.9990403307907559, 0.9990403307907559, 0.9990403307907559, 0.9990403307907559, 0.9990403307907559, 0.9990403307907559, 0.9990403307907559, 0.9990403307907559, 0.9990403307907559, 0.9990403307907559], "mean_test_precision": [0.04386347748984188, 0.04386347748984188, 0.04386347748984188, 0.04386347748984188, 0.8333928859615046, 0.8333928859615046, 0.8333928859615046, 0.8333928859615046, 0.9986603043166027, 0.9986603043166027, 0.9986603043166027, 0.9986603043166027, 0.9986603043166027, 0.9986603043166027, 0.9986603043166027, 0.9986603043166027, 0.9986603043166027, 0.9986603043166027, 0.9986603043166027, 0.9986603043166027, 0.9986603043166027, 0.9986603043166027, 0.9986603043166027, 0.9986603043166027, 0.9986603043166027, 0.9986603043166027, 0.9986603043166027, 0.9986603043166027], "mean_train_balanced_accuracy": [0.826557136898369, 0.826557136898369, 0.826557136898369, 0.826557136898369, 0.997964973264471, 0.997964973264471, 0.997964973264471, 0.997964973264471, 0.9999927539504513, 0.9999927539504513, 0.9999927539504513, 0.9999927539504513, 0.9999927539504513, 0.9999927539504513, 0.9999927539504513, 0.9999927539504513, 0.9999927539504513, 0.9999927539504513, 0.9999927539504513, 0.9999927539504513, 0.9999927539504513, 0.9999927539504513, 0.9999927539504513, 0.9999927539504513, 0.9999927539504513, 0.9999927539504513, 0.9999927539504513, 0.9999927539504513], "mean_train_precision": [0.04385624663808852, 0.04385624663808852, 0.04385624663808852, 0.04385624663808852, 0.8366090871077029, 0.8366090871077029, 0.8366090871077029, 0.8366090871077029, 0.9990902214709336, 0.9990902214709336, 0.9990902214709336, 0.9990902214709336, 0.9990902214709336, 0.9990902214709336, 0.9990902214709336, 0.9990902214709336, 0.9990902214709336, 0.9990902214709336, 0.9990902214709336, 0.9990902214709336, 0.9990902214709336, 0.9990902214709336, 0.9990902214709336, 0.9990902214709336, 0.9990902214709336, 0.9990902214709336, 0.9990902214709336, 0.9990902214709336], "mean_score_time": [1.0583925914764405, 1.1368680953979493, 1.220108585357666, 1.3051607894897461, 1.431133794784546, 1.2951663780212401, 1.2948717212677001, 1.244772424697876, 1.739287691116333, 1.9310274505615235, 1.717795877456665, 1.8724108409881592, 1.950091896057129, 1.7151360511779785, 1.8636047172546386, 1.6566051959991455, 1.8709234714508056, 1.755744113922119, 1.6491266441345216, 1.6348959636688232, 1.7390490245819092, 1.9264644622802733, 1.6823163032531738, 1.7578346347808838, 1.8574653339385987, 1.677795877456665, 1.880061101913452, 1.1031129550933838], "mean_train_f1": [0.08402734503212128, 0.08402734503212128, 0.08402734503212128, 0.08402734503212128, 0.910556292253458, 0.910556292253458, 0.910556292253458, 0.910556292253458, 0.9995448383035742, 0.9995448383035742, 0.9995448383035742, 0.9995448383035742, 0.9995448383035742, 0.9995448383035742, 0.9995448383035742, 0.9995448383035742, 0.9995448383035742, 0.9995448383035742, 0.9995448383035742, 0.9995448383035742, 0.9995448383035742, 0.9995448383035742, 0.9995448383035742, 0.9995448383035742, 0.9995448383035742, 0.9995448383035742, 0.9995448383035742, 0.9995448383035742], "params": [{"max_iter": 1.0, "tol": 0.001}, {"max_iter": 1.0, "tol": 0.0001}, {"max_iter": 1.0, "tol": 1e-05}, {"max_iter": 1.0, "tol": 1e-06}, {"max_iter": 10.0, "tol": 0.001}, {"max_iter": 10.0, "tol": 0.0001}, {"max_iter": 10.0, "tol": 1e-05}, {"max_iter": 10.0, "tol": 1e-06}, {"max_iter": 100.0, "tol": 0.001}, {"max_iter": 100.0, "tol": 0.0001}, {"max_iter": 100.0, "tol": 1e-05}, {"max_iter": 100.0, "tol": 1e-06}, {"max_iter": 1000.0, "tol": 0.001}, {"max_iter": 1000.0, "tol": 0.0001}, {"max_iter": 1000.0, "tol": 1e-05}, {"max_iter": 1000.0, "tol": 1e-06}, {"max_iter": 10000.0, "tol": 0.001}, {"max_iter": 10000.0, "tol": 0.0001}, {"max_iter": 10000.0, "tol": 1e-05}, {"max_iter": 10000.0, "tol": 1e-06}, {"max_iter": 100000.0, "tol": 0.001}, {"max_iter": 100000.0, "tol": 0.0001}, {"max_iter": 100000.0, "tol": 1e-05}, {"max_iter": 100000.0, "tol": 1e-06}, {"max_iter": 1000000.0, "tol": 0.001}, {"max_iter": 1000000.0, "tol": 0.0001}, {"max_iter": 1000000.0, "tol": 1e-05}, {"max_iter": 1000000.0, "tol": 1e-06}], "optimal_params": {"max_iter": 100.0, "tol": 0.001}, "cv_search_time": "0:07:34.960295"}