{"mean_test_f1": [0.3015310477208393, 0.3015310477208393, 0.3015310477208393, 0.3015310477208393, 0.8351685618473348, 0.8351685618473348, 0.8351685618473348, 0.8351685618473348, 0.8395766704526441, 0.8395766704526441, 0.8395766704526441, 0.8395766704526441, 0.8395837266943119, 0.8395837266943119, 0.8395837266943119, 0.8395837266943119, 0.8395837266943119, 0.8395837266943119, 0.8395837266943119, 0.8395837266943119, 0.8395837266943119, 0.8395837266943119, 0.8395837266943119, 0.8395837266943119, 0.8395837266943119, 0.8395837266943119, 0.8395837266943119, 0.8395837266943119], "mean_train_f1": [0.3015367813795937, 0.3015367813795937, 0.3015367813795937, 0.3015367813795937, 0.8353465710192194, 0.8353465710192194, 0.8353465710192194, 0.8353465710192194, 0.8401712348921638, 0.8401712348921638, 0.8401712348921638, 0.8401712348921638, 0.840164238006322, 0.840164238006322, 0.840164238006322, 0.840164238006322, 0.840164238006322, 0.840164238006322, 0.840164238006322, 0.840164238006322, 0.840164238006322, 0.840164238006322, 0.840164238006322, 0.840164238006322, 0.840164238006322, 0.840164238006322, 0.840164238006322, 0.840164238006322], "mean_fit_time": [1.1387085247039794, 1.872165699005127, 2.0619427013397216, 2.0240180110931396, 5.679165983200074, 5.41283371925354, 5.245986156463623, 5.303622274398804, 49.37233304977417, 47.57607840538025, 48.08207503318786, 48.138123149871824, 50.701743602752686, 50.06602038383484, 49.51683280944824, 49.69443680763245, 51.49022548675537, 48.882651748657224, 50.29686141014099, 50.34678519248963, 49.82376093864441, 49.28559837341309, 49.67556441307068, 49.40765462875366, 50.61338689804077, 50.409501724243164, 49.839376249313354, 42.298301239013675], "mean_test_precision": [0.17799198302221672, 0.17799198302221672, 0.17799198302221672, 0.17799198302221672, 0.7282467780629002, 0.7282467780629002, 0.7282467780629002, 0.7282467780629002, 0.7346902646437905, 0.7346902646437905, 0.7346902646437905, 0.7346902646437905, 0.7347010598601673, 0.7347010598601673, 0.7347010598601673, 0.7347010598601673, 0.7347010598601673, 0.7347010598601673, 0.7347010598601673, 0.7347010598601673, 0.7347010598601673, 0.7347010598601673, 0.7347010598601673, 0.7347010598601673, 0.7347010598601673, 0.7347010598601673, 0.7347010598601673, 0.7347010598601673], "mean_test_balanced_accuracy": [0.8112365058269536, 0.8112365058269536, 0.8112365058269536, 0.8112365058269536, 0.9749080767671231, 0.9749080767671231, 0.9749080767671231, 0.9749080767671231, 0.9756184599255024, 0.9756184599255024, 0.9756184599255024, 0.9756184599255024, 0.97561924372239, 0.97561924372239, 0.97561924372239, 0.97561924372239, 0.97561924372239, 0.97561924372239, 0.97561924372239, 0.97561924372239, 0.97561924372239, 0.97561924372239, 0.97561924372239, 0.97561924372239, 0.97561924372239, 0.97561924372239, 0.97561924372239, 0.97561924372239], "mean_train_precision": [0.1779950255247903, 0.1779950255247903, 0.1779950255247903, 0.1779950255247903, 0.7283899391685202, 0.7283899391685202, 0.7283899391685202, 0.7283899391685202, 0.7354751493072327, 0.7354751493072327, 0.7354751493072327, 0.7354751493072327, 0.7354645128006128, 0.7354645128006128, 0.7354645128006128, 0.7354645128006128, 0.7354645128006128, 0.7354645128006128, 0.7354645128006128, 0.7354645128006128, 0.7354645128006128, 0.7354645128006128, 0.7354645128006128, 0.7354645128006128, 0.7354645128006128, 0.7354645128006128, 0.7354645128006128, 0.7354645128006128], "mean_train_balanced_accuracy": [0.8112476618259647, 0.8112476618259647, 0.8112476618259647, 0.8112476618259647, 0.9750063819042838, 0.9750063819042838, 0.9750063819042838, 0.9750063819042838, 0.9757626252626855, 0.9757626252626855, 0.9757626252626855, 0.9757626252626855, 0.9757618414714875, 0.9757618414714875, 0.9757618414714875, 0.9757618414714875, 0.9757618414714875, 0.9757618414714875, 0.9757618414714875, 0.9757618414714875, 0.9757618414714875, 0.9757618414714875, 0.9757618414714875, 0.9757618414714875, 0.9757618414714875, 0.9757618414714875, 0.9757618414714875, 0.9757618414714875], "mean_test_recall": [0.985656761646285, 0.985656761646285, 0.985656761646285, 0.985656761646285, 0.978976323052027, 0.978976323052027, 0.978976323052027, 0.978976323052027, 0.9794675125755353, 0.9794675125755353, 0.9794675125755353, 0.9794675125755353, 0.9794675125755353, 0.9794675125755353, 0.9794675125755353, 0.9794675125755353, 0.9794675125755353, 0.9794675125755353, 0.9794675125755353, 0.9794675125755353, 0.9794675125755353, 0.9794675125755353, 0.9794675125755353, 0.9794675125755353, 0.9794675125755353, 0.9794675125755353, 0.9794675125755353, 0.9794675125755353], "mean_train_recall": [0.985656745449163, 0.985656745449163, 0.985656745449163, 0.985656745449163, 0.9791482421171461, 0.9791482421171461, 0.9791482421171461, 0.9791482421171461, 0.9796394489029231, 0.9796394489029231, 0.9796394489029231, 0.9796394489029231, 0.9796394489029231, 0.9796394489029231, 0.9796394489029231, 0.9796394489029231, 0.9796394489029231, 0.9796394489029231, 0.9796394489029231, 0.9796394489029231, 0.9796394489029231, 0.9796394489029231, 0.9796394489029231, 0.9796394489029231, 0.9796394489029231, 0.9796394489029231, 0.9796394489029231, 0.9796394489029231], "mean_test_roc_auc": [0.9825893007162075, 0.9825893007162075, 0.9825893007162075, 0.9825893007162075, 0.9926547612663372, 0.9926547612663372, 0.9926547612663372, 0.9926547612663372, 0.9926206399707952, 0.9926206399707952, 0.9926206399707952, 0.9926206399707952, 0.9926207677678897, 0.9926207677678897, 0.9926207677678897, 0.9926207677678897, 0.9926207677678897, 0.9926207677678897, 0.9926207677678897, 0.9926207677678897, 0.9926207677678897, 0.9926207677678897, 0.9926207677678897, 0.9926207677678897, 0.9926207677678897, 0.9926207677678897, 0.9926207677678897, 0.9926207677678897], "mean_score_time": [2.23493821144104, 2.2468319606781004, 1.9669272804260254, 2.0640314292907713, 2.2968349266052246, 2.427798843383789, 2.1893997955322266, 2.1200156211853027, 2.8468840503692627, 3.0247034645080566, 3.103175678253174, 2.9509379196166994, 3.0471203994750975, 3.014776573181152, 2.9288553524017336, 3.169967784881592, 3.1126260566711426, 3.4374190521240235, 3.287016820907593, 3.1217418098449707, 3.0069258213043213, 3.253025598526001, 3.176137619018555, 2.978471250534058, 2.9049801063537597, 3.480920820236206, 3.508107852935791, 1.8802162551879882], "mean_train_roc_auc": [0.9826309338506296, 0.9826309338506296, 0.9826309338506296, 0.9826309338506296, 0.9927070379866697, 0.9927070379866697, 0.9927070379866697, 0.9927070379866697, 0.9926942745812517, 0.9926942745812517, 0.9926942745812517, 0.9926942745812517, 0.9926945800905084, 0.9926945800905084, 0.9926945800905084, 0.9926945800905084, 0.9926945800905084, 0.9926945800905084, 0.9926945800905084, 0.9926945800905084, 0.9926945800905084, 0.9926945800905084, 0.9926945800905084, 0.9926945800905084, 0.9926945800905084, 0.9926945800905084, 0.9926945800905084, 0.9926945800905084], "params": [{"max_iter": 1.0, "tol": 0.001}, {"max_iter": 1.0, "tol": 0.0001}, {"max_iter": 1.0, "tol": 1e-05}, {"max_iter": 1.0, "tol": 1e-06}, {"max_iter": 10.0, "tol": 0.001}, {"max_iter": 10.0, "tol": 0.0001}, {"max_iter": 10.0, "tol": 1e-05}, {"max_iter": 10.0, "tol": 1e-06}, {"max_iter": 100.0, "tol": 0.001}, {"max_iter": 100.0, "tol": 0.0001}, {"max_iter": 100.0, "tol": 1e-05}, {"max_iter": 100.0, "tol": 1e-06}, {"max_iter": 1000.0, "tol": 0.001}, {"max_iter": 1000.0, "tol": 0.0001}, {"max_iter": 1000.0, "tol": 1e-05}, {"max_iter": 1000.0, "tol": 1e-06}, {"max_iter": 10000.0, "tol": 0.001}, {"max_iter": 10000.0, "tol": 0.0001}, {"max_iter": 10000.0, "tol": 1e-05}, {"max_iter": 10000.0, "tol": 1e-06}, {"max_iter": 100000.0, "tol": 0.001}, {"max_iter": 100000.0, "tol": 0.0001}, {"max_iter": 100000.0, "tol": 1e-05}, {"max_iter": 100000.0, "tol": 1e-06}, {"max_iter": 1000000.0, "tol": 0.001}, {"max_iter": 1000000.0, "tol": 0.0001}, {"max_iter": 1000000.0, "tol": 1e-05}, {"max_iter": 1000000.0, "tol": 1e-06}], "optimal_params": {"max_iter": 1000.0, "tol": 0.001},