{"mean_train_balanced_accuracy": [0.5, 0.5, 0.5, 0.5, 0.750266314235724, 0.750266314235724, 0.750266314235724, 0.750266314235724, 0.750266314235724, 0.750266314235724, 0.750266314235724, 0.750266314235724, 0.750266314235724, 0.750266314235724, 0.750266314235724, 0.750266314235724, 0.750266314235724, 0.750266314235724, 0.750266314235724, 0.750266314235724, 0.750266314235724, 0.750266314235724, 0.750266314235724, 0.750266314235724, 0.750266314235724, 0.750266314235724, 0.750266314235724, 0.750266314235724], "mean_score_time": [2.8848836421966553, 2.5842356872558594, 2.2225790786743165, 2.1286055755615236, 2.5112929153442383, 2.608121576309204, 2.495757608413696, 2.3488633251190185, 2.182905797958374, 2.147825765609741, 2.346944351196289, 2.398466920852661, 2.5616033458709717, 2.4766431522369383, 2.3967694854736328, 2.284670648574829, 2.5220020961761476, 2.415947380065918, 2.235290403366089, 2.64626259803772, 2.5014930725097657, 2.4855977725982665, 2.476999797821045, 2.119716444015503, 2.5406383419036866, 2.4549540138244628, 2.3615039730072023, 1.9381484127044677], "mean_fit_time": [3.58925931930542, 4.7830564975738525, 4.617829532623291, 4.833085594177246, 9.246251354217529, 8.662605533599853, 7.936367454528809, 8.635296239852906, 9.387688264846801, 9.653979988098145, 9.342937955856323, 9.224001426696777, 9.20808346748352, 9.26614119529724, 8.907043600082398, 9.382411298751832, 8.882397775650025, 9.489761562347413, 8.98637601852417, 9.307693977355957, 9.0658731842041, 9.390275144577027, 9.10541753768921, 9.204193935394287, 9.299362716674805, 8.972593431472779, 9.522046461105347, 9.346474447250365], "mean_train_recall": [1.0, 1.0, 1.0, 1.0, 0.9871700879765397, 0.9871700879765397, 0.9871700879765397, 0.9871700879765397, 0.9871700879765397, 0.9871700879765397, 0.9871700879765397, 0.9871700879765397, 0.9871700879765397, 0.9871700879765397, 0.9871700879765397, 0.9871700879765397, 0.9871700879765397, 0.9871700879765397, 0.9871700879765397, 0.9871700879765397, 0.9871700879765397, 0.9871700879765397, 0.9871700879765397, 0.9871700879765397, 0.9871700879765397, 0.9871700879765397, 0.9871700879765397, 0.9871700879765397], "mean_train_roc_auc": [0.5528211732233139, 0.5528211732233139, 0.5528211732233139, 0.5528211732233139, 0.5778759293871053, 0.5778759293871053, 0.5778759293871053, 0.5778759293871053, 0.5778896853174005, 0.5778896853174005, 0.5778896853174005, 0.5778896853174005, 0.5778896853174005, 0.5778896853174005, 0.5778896853174005, 0.5778896853174005, 0.5778896853174005, 0.5778896853174005, 0.5778896853174005, 0.5778896853174005, 0.5778896853174005, 0.5778896853174005, 0.5778896853174005, 0.5778896853174005, 0.5778896853174005, 0.5778896853174005, 0.5778896853174005, 0.5778896853174005], "mean_train_precision": [0.07388829000693431, 0.07388829000693431, 0.07388829000693431, 0.07388829000693431, 0.1392999483188741, 0.1392999483188741, 0.1392999483188741, 0.1392999483188741, 0.1392999483188741, 0.1392999483188741, 0.1392999483188741, 0.1392999483188741, 0.1392999483188741, 0.1392999483188741, 0.1392999483188741, 0.1392999483188741, 0.1392999483188741, 0.1392999483188741, 0.1392999483188741, 0.1392999483188741, 0.1392999483188741, 0.1392999483188741, 0.1392999483188741, 0.1392999483188741, 0.1392999483188741, 0.1392999483188741, 0.1392999483188741, 0.1392999483188741], "mean_test_balanced_accuracy": [0.5, 0.5, 0.5, 0.5, 0.7502663176171047, 0.7502663176171047, 0.7502663176171047, 0.7502663176171047, 0.7502663176171047, 0.7502663176171047, 0.7502663176171047, 0.7502663176171047, 0.7502663176171047, 0.7502663176171047, 0.7502663176171047, 0.7502663176171047, 0.7502663176171047, 0.7502663176171047, 0.7502663176171047, 0.7502663176171047, 0.7502663176171047, 0.7502663176171047, 0.7502663176171047, 0.7502663176171047, 0.7502663176171047, 0.7502663176171047, 0.7502663176171047, 0.7502663176171047], "mean_test_recall": [1.0, 1.0, 1.0, 1.0, 0.9871700947279701, 0.9871700947279701, 0.9871700947279701, 0.9871700947279701, 0.9871700947279701, 0.9871700947279701, 0.9871700947279701, 0.9871700947279701, 0.9871700947279701, 0.9871700947279701, 0.9871700947279701, 0.9871700947279701, 0.9871700947279701, 0.9871700947279701, 0.9871700947279701, 0.9871700947279701, 0.9871700947279701, 0.9871700947279701, 0.9871700947279701, 0.9871700947279701, 0.9871700947279701, 0.9871700947279701, 0.9871700947279701, 0.9871700947279701], "mean_test_f1": [0.13760889413342345, 0.13760889413342345, 0.13760889413342345, 0.13760889413342345, 0.24415038395823813, 0.24415038395823813, 0.24415038395823813, 0.24415038395823813, 0.24415038395823813, 0.24415038395823813, 0.24415038395823813, 0.24415038395823813, 0.24415038395823813, 0.24415038395823813, 0.24415038395823813, 0.24415038395823813, 0.24415038395823813, 0.24415038395823813, 0.24415038395823813, 0.24415038395823813, 0.24415038395823813, 0.24415038395823813, 0.24415038395823813, 0.24415038395823813, 0.24415038395823813, 0.24415038395823813, 0.24415038395823813, 0.24415038395823813], "mean_test_roc_auc": [0.552827699988254, 0.552827699988254, 0.552827699988254, 0.552827699988254, 0.577878997775433, 0.577878997775433, 0.577878997775433, 0.577878997775433, 0.5778926778299212, 0.5778926778299212, 0.5778926778299212, 0.5778926778299212, 0.5778926778299212, 0.5778926778299212, 0.5778926778299212, 0.5778926778299212, 0.5778926778299212, 0.5778926778299212, 0.5778926778299212, 0.5778926778299212, 0.5778926778299212, 0.5778926778299212, 0.5778926778299212, 0.5778926778299212, 0.5778926778299212, 0.5778926778299212, 0.5778926778299212, 0.5778926778299212], "mean_test_precision": [0.07388829000612124, 0.07388829000612124, 0.07388829000612124, 0.07388829000612124, 0.1393017533519444, 0.1393017533519444, 0.1393017533519444, 0.1393017533519444, 0.1393017533519444, 0.1393017533519444, 0.1393017533519444, 0.1393017533519444, 0.1393017533519444, 0.1393017533519444, 0.1393017533519444, 0.1393017533519444, 0.1393017533519444, 0.1393017533519444, 0.1393017533519444, 0.1393017533519444, 0.1393017533519444, 0.1393017533519444, 0.1393017533519444, 0.1393017533519444, 0.1393017533519444, 0.1393017533519444, 0.1393017533519444, 0.1393017533519444], "mean_train_f1": [0.13760889413628882, 0.13760889413628882, 0.13760889413628882, 0.13760889413628882, 0.24414804079398122, 0.24414804079398122, 0.24414804079398122, 0.24414804079398122, 0.24414804079398122, 0.24414804079398122, 0.24414804079398122, 0.24414804079398122, 0.24414804079398122, 0.24414804079398122, 0.24414804079398122, 0.24414804079398122, 0.24414804079398122, 0.24414804079398122, 0.24414804079398122, 0.24414804079398122, 0.24414804079398122, 0.24414804079398122, 0.24414804079398122, 0.24414804079398122, 0.24414804079398122, 0.24414804079398122, 0.24414804079398122, 0.24414804079398122], "params": [{"max_iter": 1.0, "tol": 0.001}, {"max_iter": 1.0, "tol": 0.0001}, {"max_iter": 1.0, "tol": 1e-05}, {"max_iter": 1.0, "tol": 1e-06}, {"max_iter": 10.0, "tol": 0.001}, {"max_iter": 10.0, "tol": 0.0001}, {"max_iter": 10.0, "tol": 1e-05}, {"max_iter": 10.0, "tol": 1e-06}, {"max_iter": 100.0, "tol": 0.001}, {"max_iter": 100.0, "tol": 0.0001}, {"max_iter": 100.0, "tol": 1e-05}, {"max_iter": 100.0, "tol": 1e-06}, {"max_iter": 1000.0, "tol": 0.001}, {"max_iter": 1000.0, "tol": 0.0001}, {"max_iter": 1000.0, "tol": 1e-05}, {"max_iter": 1000.0, "tol": 1e-06}, {"max_iter": 10000.0, "tol": 0.001}, {"max_iter": 10000.0, "tol": 0.0001}, {"max_iter": 10000.0, "tol": 1e-05}, {"max_iter": 10000.0, "tol": 1e-06}, {"max_iter": 100000.0, "tol": 0.001}, {"max_iter": 100000.0, "tol": 0.0001}, {"max_iter": 100000.0, "tol": 1e-05}, {"max_iter": 100000.0, "tol": 1e-06}, {"max_iter": 1000000.0, "tol": 0.001}, {"max_iter": 1000000.0, "tol": 0.0001}, {"max_iter": 1000000.0, "tol": 1e-05}, {"max_iter": 1000000.0, "tol": 1e-06}], "optimal_params": {"max_iter": 10.0, "tol": 0.001}, "cv_search_time": "0:06:34.021740"}