{"mean_train_precision": [0.07391381225405669, 0.07391381225405669, 0.07391381225405669, 0.07391381225405669, 0.6630553133146725, 0.6630553133146725, 0.6630553133146725, 0.6630553133146725, 0.7338481508852759, 0.7338481508852759, 0.7338481508852759, 0.7338481508852759, 0.733824083774331, 0.733824083774331, 0.733824083774331, 0.733824083774331, 0.733824083774331, 0.733824083774331, 0.733824083774331, 0.733824083774331, 0.733824083774331, 0.733824083774331, 0.733824083774331, 0.733824083774331, 0.733824083774331, 0.733824083774331, 0.733824083774331, 0.733824083774331], "mean_score_time": [1.877117109298706, 2.0905332469940188, 1.9389902210235597, 1.9700683784484863, 2.2188825607299805, 2.07136155128479, 2.1444864749908445, 2.1120810317993164, 3.1258781242370604, 3.2317460060119627, 2.8794307041168214, 2.8023672485351563, 2.959053497314453, 3.3871693420410156, 3.1512999057769777, 3.0076841735839843, 2.9374927997589113, 3.425202713012695, 3.1026299571990967, 3.360535068511963, 3.702607297897339, 3.487366895675659, 3.1121276378631593, 3.527514944076538, 3.400231647491455, 3.1057041931152343, 3.1813109302520752, 1.9133141899108888], "mean_test_precision": [0.07391383953462824, 0.07391383953462824, 0.07391383953462824, 0.07391383953462824, 0.663240780862102, 0.663240780862102, 0.663240780862102, 0.663240780862102, 0.7339722707444681, 0.7339722707444681, 0.7339722707444681, 0.7339722707444681, 0.7339724271865036, 0.7339724271865036, 0.7339724271865036, 0.7339724271865036, 0.7339724271865036, 0.7339724271865036, 0.7339724271865036, 0.7339724271865036, 0.7339724271865036, 0.7339724271865036, 0.7339724271865036, 0.7339724271865036, 0.7339724271865036, 0.7339724271865036, 0.7339724271865036, 0.7339724271865036], "mean_fit_time": [1.1195243835449218, 1.8508981227874757, 1.9765915012359618, 2.046399459838867, 5.958033962249756, 5.550441331863404, 5.231522121429443, 5.1666881275177, 54.55109402656555, 53.97351700782776, 53.614153394699095, 54.966681222915646, 61.128586769104004, 59.56809999465943, 58.28961046218872, 59.75451605796814, 60.10014371871948, 60.11690011024475, 59.43029994010925, 59.309641132354734, 58.88255339622498, 58.50337034225464, 58.190438957214354, 59.782944421768185, 58.19143293380737, 58.137257957458495, 59.10477326393127, 51.02500310897827], "mean_train_balanced_accuracy": [0.5001941842693107, 0.5001941842693107, 0.5001941842693107, 0.5001941842693107, 0.9693218757271758, 0.9693218757271758, 0.9693218757271758, 0.9693218757271758, 0.9761057495549822, 0.9761057495549822, 0.9761057495549822, 0.9761057495549822, 0.9761039860247867, 0.9761039860247867, 0.9761039860247867, 0.9761039860247867, 0.9761039860247867, 0.9761039860247867, 0.9761039860247867, 0.9761039860247867, 0.9761039860247867, 0.9761039860247867, 0.9761039860247867, 0.9761039860247867, 0.9761039860247867, 0.9761039860247867, 0.9761039860247867, 0.9761039860247867], "mean_test_roc_auc": [0.9828763293613065, 0.9828763293613065, 0.9828763293613065, 0.9828763293613065, 0.990945983424507, 0.990945983424507, 0.990945983424507, 0.990945983424507, 0.9927743241481827, 0.9927743241481827, 0.9927743241481827, 0.9927743241481827, 0.9927740993480098, 0.9927740993480098, 0.9927740993480098, 0.9927740993480098, 0.9927740993480098, 0.9927740993480098, 0.9927740993480098, 0.9927740993480098, 0.9927740993480098, 0.9927740993480098, 0.9927740993480098, 0.9927740993480098, 0.9927740993480098, 0.9927740993480098, 0.9927740993480098, 0.9927740993480098], "mean_test_recall": [1.0, 1.0, 1.0, 1.0, 0.9781511160692603, 0.9781511160692603, 0.9781511160692603, 0.9781511160692603, 0.9805285044774041, 0.9805285044774041, 0.9805285044774041, 0.9805285044774041, 0.9805285044774041, 0.9805285044774041, 0.9805285044774041, 0.9805285044774041, 0.9805285044774041, 0.9805285044774041, 0.9805285044774041, 0.9805285044774041, 0.9805285044774041, 0.9805285044774041, 0.9805285044774041, 0.9805285044774041, 0.9805285044774041, 0.9805285044774041, 0.9805285044774041, 0.9805285044774041], "mean_test_f1": [0.13765320202575693, 0.13765320202575693, 0.13765320202575693, 0.13765320202575693, 0.7904658819283048, 0.7904658819283048, 0.7904658819283048, 0.7904658819283048, 0.8395016803443008, 0.8395016803443008, 0.8395016803443008, 0.8395016803443008, 0.8395017375741678, 0.8395017375741678, 0.8395017375741678, 0.8395017375741678, 0.8395017375741678, 0.8395017375741678, 0.8395017375741678, 0.8395017375741678, 0.8395017375741678, 0.8395017375741678, 0.8395017375741678, 0.8395017375741678, 0.8395017375741678, 0.8395017375741678, 0.8395017375741678, 0.8395017375741678], "mean_train_recall": [1.0, 1.0, 1.0, 1.0, 0.9783082888215968, 0.9783082888215968, 0.9783082888215968, 0.9783082888215968, 0.980587483747657, 0.980587483747657, 0.980587483747657, 0.980587483747657, 0.980587483747657, 0.980587483747657, 0.980587483747657, 0.980587483747657, 0.980587483747657, 0.980587483747657, 0.980587483747657, 0.980587483747657, 0.980587483747657, 0.980587483747657, 0.980587483747657, 0.980587483747657, 0.980587483747657, 0.980587483747657, 0.980587483747657, 0.980587483747657], "mean_train_roc_auc": [0.9828782661875102, 0.9828782661875102, 0.9828782661875102, 0.9828782661875102, 0.990967348444413, 0.990967348444413, 0.990967348444413, 0.990967348444413, 0.9928076044186831, 0.9928076044186831, 0.9928076044186831, 0.9928076044186831, 0.9928075894952149, 0.9928075894952149, 0.9928075894952149, 0.9928075894952149, 0.9928075894952149, 0.9928075894952149, 0.9928075894952149, 0.9928075894952149, 0.9928075894952149, 0.9928075894952149, 0.9928075894952149, 0.9928075894952149, 0.9928075894952149, 0.9928075894952149, 0.9928075894952149, 0.9928075894952149], "mean_test_balanced_accuracy": [0.5001943801488375, 0.5001943801488375, 0.5001943801488375, 0.5001943801488375, 0.9692581791990497, 0.9692581791990497, 0.9692581791990497, 0.9692581791990497, 0.9760831167956607, 0.9760831167956607, 0.9760831167956607, 0.9760831167956607, 0.9760831168241075, 0.9760831168241075, 0.9760831168241075, 0.9760831168241075, 0.9760831168241075, 0.9760831168241075, 0.9760831168241075, 0.9760831168241075, 0.9760831168241075, 0.9760831168241075, 0.9760831168241075, 0.9760831168241075, 0.9760831168241075, 0.9760831168241075, 0.9760831168241075, 0.9760831168241075], "mean_train_f1": [0.137653155029437, 0.137653155029437, 0.137653155029437, 0.137653155029437, 0.790405175940638, 0.790405175940638, 0.790405175940638, 0.790405175940638, 0.839458596152391, 0.839458596152391, 0.839458596152391, 0.839458596152391, 0.8394427990104054, 0.8394427990104054, 0.8394427990104054, 0.8394427990104054, 0.8394427990104054, 0.8394427990104054, 0.8394427990104054, 0.8394427990104054, 0.8394427990104054, 0.8394427990104054, 0.8394427990104054, 0.8394427990104054, 0.8394427990104054, 0.8394427990104054, 0.8394427990104054, 0.8394427990104054], "params": [{"max_iter": 1.0, "tol": 0.001}, {"max_iter": 1.0, "tol": 0.0001}, {"max_iter": 1.0, "tol": 1e-05}, {"max_iter": 1.0, "tol": 1e-06}, {"max_iter": 10.0, "tol": 0.001}, {"max_iter": 10.0, "tol": 0.0001}, {"max_iter": 10.0, "tol": 1e-05}, {"max_iter": 10.0, "tol": 1e-06}, {"max_iter": 100.0, "tol": 0.001}, {"max_iter": 100.0, "tol": 0.0001}, {"max_iter": 100.0, "tol": 1e-05}, {"max_iter": 100.0, "tol": 1e-06}, {"max_iter": 1000.0, "tol": 0.001}, {"max_iter": 1000.0, "tol": 0.0001}, {"max_iter": 1000.0, "tol": 1e-05}, {"max_iter": 1000.0, "tol": 1e-06}, {"max_iter": 10000.0, "tol": 0.001}, {"max_iter": 10000.0, "tol": 0.0001}, {"max_iter": 10000.0, "tol": 1e-05}, {"max_iter": 10000.0, "tol": 1e-06}, {"max_iter": 100000.0, "tol": 0.001}, {"max_iter": 100000.0, "tol": 0.0001}, {"max_iter": 100000.0, "tol": 1e-05}, {"max_iter": 100000.0, "tol": 1e-06}, {"max_iter": 1000000.0, "tol": 0.001}, {"max_iter": 1000000.0, "tol": 0.0001}, {"max_iter": 1000000.0, "tol": 1e-05}, {"max_iter": 1000000.0, "tol": 1e-06}], "optimal_params": {"max_iter": 1000.0, "tol": 0.001}, "cv_search_time": "0:19:56.346742"}