{"estimator": {"params": {"covariance_estimator": null, "n_components": null, "priors": null, "shrinkage": null, "solver": "svd", "store_covariance": false, "tol": 0.0001}, "runtime": "0:00:00.080044", "classifier": "LinearDiscriminantAnalysis()"}, "accuracy_score": 0.9903592423252776, "balanced_accuracy": 0.977105659553192, "confusion_matrix": [[111281, 1014], [93, 2437]], "f1_score": 0.8149138939976592, "precision_score": 0.7061721240220226, "recall_score": 0.9632411067193676, "roc_auc_score": 0.977105659553192, "train_percent": 0.33, "reduced_by": 0}