{"estimator": {"params": {"algorithm": "auto", "leaf_size": 30, "metric": "minkowski", "metric_params": null, "n_jobs": -1, "n_neighbors": 1, "p": 1, "weights": "uniform"}, "runtime": "0:00:09.371939", "classifier": "KNeighborsClassifier(n_jobs=-1, n_neighbors=1, p=1)"}, "accuracy_score": 0.9999812304562126, "balanced_accuracy": 0.9997083348411289, "confusion_matrix": [[262889, 3], [2, 3495]], "f1_score": 0.9992852037169406, "precision_score": 0.9991423670668954, "recall_score": 0.9994280812124678, "roc_auc_score": 0.9997083348411289, "train_percent": 0.33, "reduced_by": 0}