{"estimator": {"params": {"priors": null, "reg_param": 0.0, "store_covariance": true, "tol": 0.0001}, "runtime": "0:00:00.119078", "classifier": "QuadraticDiscriminantAnalysis(store_covariance=True)"}, "accuracy_score": 0.9973960374482909, "balanced_accuracy": 0.98166920591532, "confusion_matrix": [[112084, 211], [88, 2442]], "f1_score": 0.9423114026625506, "precision_score": 0.9204673954014323, "recall_score": 0.9652173913043478, "roc_auc_score": 0.9816692059153201, "train_percent": 0.33, "reduced_by": 0}