{"mean_train_f1": [1.0, 1.0, 0.9965429324641957, 0.9960080534364184], "mean_test_recall": [0.9939130593127714, 0.9935178023957754, 0.9916205802095056, 0.9903557505020917], "mean_test_f1": [0.9954866234787443, 0.9949725120098168, 0.9941724462317945, 0.9931022075805209], "mean_train_recall": [1.0, 1.0, 0.9941699604743083, 0.9936363636363637], "mean_test_precision": [0.9970753922752296, 0.9964418611658382, 0.9967458418302946, 0.9958757468499474], "mean_train_precision": [1.0, 1.0, 0.9989280383034747, 0.9983918111836604], "mean_test_balanced_accuracy": [0.9969235804315373, 0.996718827819078, 0.9957737787998661, 0.9951315682341348], "mean_train_roc_auc": [1.0, 1.0, 0.999999454204772, 0.999999188347012], "mean_score_time": [40.725796670913695, 35.23864966392517, 40.58346760749817, 40.517480325698855], "mean_fit_time": [20.405182209014892, 19.53937381744385, 20.769960403442383, 26.1289679813385], "mean_train_balanced_accuracy": [1.0, 1.0, 0.9970729582190505, 0.9968001487947434], "mean_test_roc_auc": [0.9969235804315373, 0.996718827819078, 0.9975383945660723, 0.9971399398757905], "params": [{"n_neighbors": 1, "p": 1}, {"n_neighbors": 1, "p": 2}, {"n_neighbors": 3, "p": 1}, {"n_neighbors": 3, "p": 2}], "optimal_params": {"n_neighbors": 1, "p": 1}, "cv_search_time": "0:10:50.188578"}