{"mean_test_f1": [0.9970344365074862, 0.9969557706979624, 0.9967924159401873, 0.996672862636227], "mean_test_precision": [0.9973931652300768, 0.997315205427976, 0.9983367776854765, 0.9984145808742724], "mean_fit_time": [16.262430782318116, 28.265534734725954, 38.574039697647095, 57.5554000377655], "mean_train_precision": [1.0, 1.0, 0.9988518864344728, 0.99855579640167], "mean_score_time": [87.84119557380676, 78.91603904724121, 97.65498039245605, 102.39019145965577], "mean_test_recall": [0.9966798336357495, 0.9966007781216086, 0.9952568997846233, 0.9949406949394834], "mean_train_f1": [1.0, 1.0, 0.9979922897923325, 0.9980126491017711], "mean_train_recall": [1.0, 1.0, 0.9971343873517786, 0.9974703557312253], "mean_train_balanced_accuracy": [1.0, 1.0, 0.9985542811412302, 0.9987189258851977], "mean_test_balanced_accuracy": [0.9983105296695703, 0.9982701113940191, 0.9976097489823753, 0.9974525370782859], "mean_train_roc_auc": [1.0, 1.0, 0.9999997661506187, 0.9999997400818776], "mean_test_roc_auc": [0.9983105296695703, 0.9982701113940191, 0.9989611404172529, 0.9988443591874389], "params": [{"n_neighbors": 1, "p": 1}, {"n_neighbors": 1, "p": 2}, {"n_neighbors": 3, "p": 1}, {"n_neighbors": 3, "p": 2}], "optimal_params": {"n_neighbors": 1, "p": 1}, "cv_search_time": "0:23:30.100270"}