{"mean_score_time": [22.869470205307007, 23.43733832359314, 28.244648218154907, 30.607952146530153], "mean_fit_time": [1.465356798171997, 1.8308104705810546, 1.9384327793121339, 2.464378719329834], "mean_train_precision": [1.0, 1.0, 0.98860993166852, 0.9798976435684026], "mean_test_f1": [0.9778044083765693, 0.9700985267215896, 0.9747925580608907, 0.96176744806828], "mean_test_recall": [0.9833992266975902, 0.9767589042959437, 0.9783399285216433, 0.9703557587635752], "mean_train_f1": [1.0, 1.0, 0.987345762407887, 0.981653916472146], "mean_test_precision": [0.9723192760870569, 0.9635705389522838, 0.9713257935651565, 0.9533940814509259], "mean_train_balanced_accuracy": [1.0, 1.0, 0.9929154660661689, 0.991482181060663], "mean_train_roc_auc": [1.0, 1.0, 0.9999880317722457, 0.9999776525350095], "mean_test_balanced_accuracy": [0.9913834789220806, 0.9879626890106249, 0.9888440341203354, 0.9846426771580788], "mean_train_recall": [1.0, 1.0, 0.986086956521739, 0.9834189723320158], "mean_test_roc_auc": [0.9913834789220806, 0.9879626890106249, 0.9944280808527187, 0.993065314729911], "params": [{"n_neighbors": 1, "p": 1}, {"n_neighbors": 1, "p": 2}, {"n_neighbors": 3, "p": 1}, {"n_neighbors": 3, "p": 2}], "optimal_params": {"n_neighbors": 1, "p": 1}, "cv_search_time": "0:05:48.552606"}