{"mean_train_precision": [1.0, 1.0, 0.9967036725394506, 0.9960200147937732], "mean_test_roc_auc": [0.9958381915341515, 0.9957886557812893, 0.9989661095286085, 0.9989700964014545], "mean_fit_time": [546.7164600658417, 607.9246210670472, 654.4226955795289, 659.5922968292236], "mean_train_f1": [1.0, 1.0, 0.9965039918257631, 0.9960556060639689], "mean_score_time": [171.72814038276672, 164.59276048660277, 183.5248042678833, 171.75150374412536], "mean_test_recall": [0.9921507655348801, 0.9921109220343817, 0.9918718764414886, 0.991409702973263], "mean_train_roc_auc": [1.0, 1.0, 0.9999970454039685, 0.9999964216286493], "mean_train_recall": [1.0, 1.0, 0.9963044888915499, 0.9960913245156975], "mean_test_balanced_accuracy": [0.9958381915341515, 0.9957886557812893, 0.9956811462104733, 0.9953916696651558], "mean_test_f1": [0.9926887079940194, 0.9922492784824974, 0.9922987136580952, 0.9912398014893736], "mean_train_balanced_accuracy": [1.0, 1.0, 0.9980367219692617, 0.9979061133394174], "mean_test_precision": [0.9932280629478705, 0.9923886447325533, 0.9927272167462179, 0.9910714491645723], "params": [{"n_neighbors": 1, "p": 1}, {"n_neighbors": 1, "p": 2}, {"n_neighbors": 3, "p": 1}, {"n_neighbors": 3, "p": 2}], "optimal_params": {"n_neighbors": 1, "p": 1}, "cv_search_time": "1:23:12.139466"}