{"mean_test_roc_auc": [0.996563147373539, 0.9961434945608506, 0.9981013758791087, 0.9978406134098554], "mean_fit_time": [24.567976655960084, 28.714422359466553, 31.19141001701355, 42.415745191574096], "mean_train_f1": [1.0, 1.0, 0.9967483908528912, 0.9961644369315122], "mean_test_precision": [0.9952674501883675, 0.9942075272331853, 0.9964889525660822, 0.9952196518968267], "mean_score_time": [60.995039739608764, 65.79161151885987, 86.29570100784302, 87.15398578643799], "mean_train_roc_auc": [1.0, 1.0, 0.9999979322660636, 0.9999971444149327], "mean_test_recall": [0.9934576363399563, 0.9926926450553639, 0.9925013834580612, 0.9918638895622498], "mean_test_balanced_accuracy": [0.996563147373539, 0.9961434945608506, 0.9961280450187446, 0.9957648771332358], "mean_train_precision": [1.0, 1.0, 0.9980784319080268, 0.9976144187591541], "mean_test_f1": [0.9943609342731455, 0.993448648849543, 0.9944904240442834, 0.9935382828510901], "mean_train_balanced_accuracy": [1.0, 1.0, 0.9976437823084621, 0.997275957918761], "mean_train_recall": [1.0, 1.0, 0.9954219450562449, 0.9947187040317155], "params": [{"n_neighbors": 1, "p": 1}, {"n_neighbors": 1, "p": 2}, {"n_neighbors": 3, "p": 1}, {"n_neighbors": 3, "p": 2}], "optimal_params": {"n_neighbors": 3, "p": 1}, "cv_search_time": "0:20:30.464270"}