{"mean_test_balanced_accuracy": [0.9983006942481414, 0.9982011590879654, 0.9981039815124767, 0.9978809999605611], "mean_train_precision": [1.0, 1.0, 0.9988954210487988, 0.998680151838186], "mean_train_recall": [1.0, 1.0, 0.9980635896516362, 0.9978882765601027], "mean_train_f1": [1.0, 1.0, 0.9984793195197322, 0.9982840379668594], "mean_train_balanced_accuracy": [1.0, 1.0, 0.998993101083668, 0.9988979013530224], "mean_train_roc_auc": [1.0, 1.0, 0.999999463741934, 0.999999372811828], "mean_test_precision": [0.9973296093133586, 0.9972176532635006, 0.9978534412532464, 0.9976296976530598], "mean_test_f1": [0.9970586882734398, 0.9969070769000837, 0.997104980407848, 0.9967776233996751], "mean_test_roc_auc": [0.9983006942481414, 0.9982011590879654, 0.9992630543433112, 0.9991625532195588], "mean_fit_time": [431.60400066375735, 493.25259947776794, 564.0575611305237, 718.5199026966095], "mean_score_time": [341.58525151252746, 318.2856383895874, 340.8697117805481, 340.6041182613373], "mean_test_recall": [0.9967885712400515, 0.9965973234381349, 0.9963582678763718, 0.9959279498850403], "params": [{"n_neighbors": 1, "p": 1}, {"n_neighbors": 1, "p": 2}, {"n_neighbors": 3, "p": 1}, {"n_neighbors": 3, "p": 2}], "optimal_params": {"n_neighbors": 3, "p": 1}, "cv_search_time": "1:57:15.891823"}