{"mean_test_f1": [0.9919999085494804, 0.9919999085494804, 0.9706665218700108, 0.9440001219340262], "mean_train_f1": [1.0, 1.0, 1.0, 0.986013986013986], "mean_test_roc_auc": [0.9999997142089592, 0.9999997142089592, 0.9999997142089592, 0.9999997142089592], "mean_train_recall": [1.0, 1.0, 1.0, 1.0], "mean_test_recall": [1.0, 1.0, 1.0, 1.0], "mean_fit_time": [469.6927216339111, 542.9598246669769, 616.970815782547, 670.3682277584076], "mean_score_time": [330.20776929855344, 325.0794412708282, 345.39013856887817, 356.6741431045532], "mean_test_precision": [0.9866665142491341, 0.9866665142491341, 0.9533330856548429, 0.9133334857508659], "mean_train_precision": [1.0, 1.0, 1.0, 0.9742857142857143], "mean_test_balanced_accuracy": [0.9999997142089592, 0.9999997142089592, 0.9999991426309608, 0.9999985710570463], "mean_train_balanced_accuracy": [1.0, 1.0, 1.0, 0.999999714211205], "mean_train_roc_auc": [1.0, 1.0, 1.0, 1.0], "params": [{"n_neighbors": 1, "p": 1}, {"n_neighbors": 1, "p": 2}, {"n_neighbors": 3, "p": 1}, {"n_neighbors": 3, "p": 2}], "optimal_params": {"n_neighbors": 1, "p": 1}, "cv_search_time": "1:55:07.094367"}