{"mean_train_f1": [1.0, 1.0, 0.8795959595959596, 0.8765656565656567], "mean_test_roc_auc": [0.9499979994872154, 0.9499977137002582, 0.9499992855387324, 0.9499989997517752], "mean_test_f1": [0.8839990550112979, 0.8706657597823477, 0.9133325331412872, 0.8839990550112979], "mean_train_recall": [1.0, 1.0, 0.86, 0.86], "mean_train_roc_auc": [1.0, 1.0, 0.9999996737248845, 0.9999993212522926], "mean_train_precision": [1.0, 1.0, 0.9066666666666667, 0.9], "mean_test_recall": [0.8999988568685056, 0.8999988568685056, 0.8999988568685056, 0.8999988568685056], "mean_test_balanced_accuracy": [0.9499979994872154, 0.9499977137002582, 0.9499988568562545, 0.9499979994872154], "mean_test_precision": [0.9133329141851187, 0.8933329713416934, 0.9599998285302759, 0.9133329141851187], "mean_train_balanced_accuracy": [1.0, 1.0, 0.9299989997404939, 0.9299989282932952], "mean_fit_time": [981.8694340610505, 1104.3569217777251, 1259.131131248474, 1314.9691600894928], "mean_score_time": [108.19510744094849, 109.0799365234375, 132.61552430152892, 134.29480816841127], "params": [{"n_neighbors": 1, "p": 1}, {"n_neighbors": 1, "p": 2}, {"n_neighbors": 3, "p": 1}, {"n_neighbors": 3, "p": 2}], "optimal_params": {"n_neighbors": 3, "p": 1}, "cv_search_time": "1:42:38.269393"}