{"mean_train_roc_auc": [1.0, 1.0, 1.0, 0.9999961418538207], "mean_score_time": [55.63551362991333, 63.28191402435303, 74.66265559196472, 72.64003909111022], "mean_train_recall": [1.0, 1.0, 0.0, 0.0], "mean_test_f1": [0.0, 0.0, 0.0, 0.0], "mean_test_balanced_accuracy": [0.5, 0.49999857106521356, 0.5, 0.5], "mean_test_precision": [0.0, 0.0, 0.0, 0.0], "mean_test_recall": [0.0, 0.0, 0.0, 0.0], "mean_train_f1": [1.0, 1.0, 0.0, 0.0], "mean_train_balanced_accuracy": [1.0, 1.0, 0.5, 0.5], "mean_fit_time": [38.103293085098265, 37.30185797691345, 40.4666219329834, 48.006622877120975], "mean_test_roc_auc": [0.5, 0.49999857106521356, 0.5, 0.49999685633530266], "mean_train_precision": [1.0, 1.0, 0.0, 0.0], "params": [{"n_neighbors": 1, "p": 1}, {"n_neighbors": 1, "p": 2}, {"n_neighbors": 3, "p": 1}, {"n_neighbors": 3, "p": 2}], "optimal_params": {"n_neighbors": 1, "p": 1}, "cv_search_time": "0:18:47.834001"}