{"mean_test_precision": [0.9985734599356031, 0.9988011384840382, 0.998858852383759, 0.9989727318349795], "mean_score_time": [235.41232920646667, 204.06415657997132, 231.17251987457274, 228.4530249118805], "mean_test_recall": [0.9994280002614995, 0.9994280002614995, 0.9994280002614995, 0.9994280002614995], "mean_test_roc_auc": [0.999704490471789, 0.9997060120249147, 0.9997368621593061, 0.9997098109896613], "mean_fit_time": [194.02796063423156, 240.24892763137817, 297.79032331466675, 363.4397835159302], "mean_test_f1": [0.9989998958733044, 0.9991139787406249, 0.9991426522924863, 0.9991997140319169], "mean_test_balanced_accuracy": [0.999704490471789, 0.9997060120249147, 0.9997063924077699, 0.9997071531807153], "mean_train_recall": [1.0, 1.0, 0.9994280760837648, 0.9994280760837648], "mean_train_balanced_accuracy": [1.0, 1.0, 0.9997082371582648, 0.9997094734122544], "mean_train_precision": [1.0, 1.0, 0.9991281731629801, 0.9993138210291314], "mean_train_roc_auc": [1.0, 1.0, 0.9999999883745704, 0.9999999890544138], "mean_train_f1": [1.0, 1.0, 0.9992780723071816, 0.9993709281341541], "params": [{"n_neighbors": 1, "p": 1}, {"n_neighbors": 1, "p": 2}, {"n_neighbors": 3, "p": 1}, {"n_neighbors": 3, "p": 2}], "optimal_params": {"n_neighbors": 3, "p": 2}, "cv_search_time": "1:12:36.694306"}