{"mean_train_precision": [1.0, 1.0, 0.9995425405573444, 0.9999285203680419], "mean_train_roc_auc": [1.0, 1.0, 0.9999999939495209, 0.9999999976545968], "mean_test_f1": [0.9996567344077465, 0.9997996125368971, 0.99888471275247, 0.9991988984024573], "mean_score_time": [122.39963395118713, 114.77041945457458, 139.67672554969786, 140.66412874221803], "mean_train_balanced_accuracy": [1.0, 1.0, 0.9997896378803937, 0.9997922054842769], "mean_fit_time": [175.89325695037843, 182.59460011482238, 236.4532235145569, 257.3387187767029], "mean_test_balanced_accuracy": [0.9997978948796697, 0.9997997968085109, 0.9994771973959649, 0.9994813816508771], "mean_test_recall": [0.9995995936170218, 0.9995995936170218, 0.9989703709889401, 0.9989703709889401], "mean_train_f1": [1.0, 1.0, 0.9995639269797069, 0.9997568900297505], "mean_test_precision": [0.9997143659299057, 1.0, 0.9988010549748273, 0.9994293882742518], "mean_train_recall": [1.0, 1.0, 0.9995853619330219, 0.9995853619330219], "mean_test_roc_auc": [0.9997978948796697, 0.9997997968085109, 0.9998554861775748, 0.9998570104342598], "params": [{"n_neighbors": 1, "p": 1}, {"n_neighbors": 1, "p": 2}, {"n_neighbors": 3, "p": 1}, {"n_neighbors": 3, "p": 2}], "optimal_params": {"n_neighbors": 1, "p": 2}, "cv_search_time": "0:46:03.233691"}