{"mean_fit_time": [10.808403577804565, 13.000199127197266, 14.034541130065918, 18.49226858139038], "mean_train_f1": [1.0, 1.0, 0.9983636564193529, 0.9968593575392295], "mean_train_roc_auc": [1.0, 1.0, 0.9999999085939695, 0.9999997438679559], "mean_train_precision": [1.0, 1.0, 0.9979003613470647, 0.9953394406725358], "mean_test_f1": [0.9978864840108731, 0.9955519200776608, 0.9966583753455566, 0.9952054366569983], "mean_train_balanced_accuracy": [1.0, 1.0, 0.9993997933143087, 0.9991610712170593], "mean_test_precision": [0.9969207829962742, 0.9930667204598286, 0.9957243393488517, 0.9935669138906422], "mean_test_balanced_accuracy": [0.9994074599484317, 0.9989812265703574, 0.9987703288183137, 0.998384117907618], "mean_train_recall": [1.0, 1.0, 0.9988275449827154, 0.9983843355090707], "mean_test_recall": [0.9988560015955484, 0.9980552673604615, 0.9975977155462221, 0.9968542031281673], "mean_score_time": [46.45680257797241, 50.30883665084839, 66.13346309661866, 67.76284189224243], "mean_test_roc_auc": [0.9994074599484317, 0.9989812265703575, 0.9994731700294407, 0.9995435741702824], "params": [{"n_neighbors": 1, "p": 1}, {"n_neighbors": 1, "p": 2}, {"n_neighbors": 3, "p": 1}, {"n_neighbors": 3, "p": 2}], "optimal_params": {"n_neighbors": 1, "p": 1}, "cv_search_time": "0:14:13.017403"}