{"mean_fit_time": [4.715741386413574, 8.922676486968994, 10.628376865386963, 14.65292311668396], "mean_test_f1": [1.0, 1.0, 1.0, 1.0], "mean_test_precision": [1.0, 1.0, 1.0, 1.0], "mean_test_roc_auc": [1.0, 1.0, 1.0, 1.0], "mean_train_balanced_accuracy": [1.0, 1.0, 1.0, 1.0], "mean_train_f1": [1.0, 1.0, 1.0, 1.0], "mean_train_precision": [1.0, 1.0, 1.0, 1.0], "mean_score_time": [35.09233684539795, 31.10900541305542, 37.10910864830017, 37.846845121383666], "mean_train_roc_auc": [1.0, 1.0, 1.0, 1.0], "mean_train_recall": [1.0, 1.0, 1.0, 1.0], "mean_test_recall": [1.0, 1.0, 1.0, 1.0], "mean_test_balanced_accuracy": [1.0, 1.0, 1.0, 1.0], "params": [{"n_neighbors": 1, "p": 1}, {"n_neighbors": 1, "p": 2}, {"n_neighbors": 3, "p": 1}, {"n_neighbors": 3, "p": 2}], "optimal_params": {"n_neighbors": 1, "p": 1}, "cv_search_time": "0:08:59.193050"}