{"mean_train_f1": [1.0, 1.0, 0.9996421861733567, 0.9996421861733567], "mean_train_balanced_accuracy": [1.0, 1.0, 0.9996423461402574, 0.9996423461402574], "mean_test_balanced_accuracy": [0.9996423411309443, 0.9996423411309443, 0.9996423411309443, 0.9996423411309443], "mean_test_recall": [0.9992846822618885, 0.9992846822618885, 0.9992846822618885, 0.9992846822618885], "mean_train_precision": [1.0, 1.0, 1.0, 1.0], "mean_train_recall": [1.0, 1.0, 0.999284692280515, 0.999284692280515], "mean_test_f1": [0.9996417003909861, 0.9996417003909861, 0.9996417003909861, 0.9996417003909861], "mean_score_time": [27.532775621414185, 27.496325378417968, 30.069999895095826, 29.941927700042726], "mean_test_precision": [1.0, 1.0, 1.0, 1.0], "mean_fit_time": [6.658533363342285, 10.801625947952271, 11.771442928314208, 13.421939764022827], "mean_train_roc_auc": [1.0, 1.0, 1.0, 1.0], "mean_test_roc_auc": [0.9996423411309443, 0.9996423411309443, 0.9996423411309443, 0.9996423411309443], "params": [{"n_neighbors": 1, "p": 1}, {"n_neighbors": 1, "p": 2}, {"n_neighbors": 3, "p": 1}, {"n_neighbors": 3, "p": 2}], "optimal_params": {"n_neighbors": 1, "p": 1}, "cv_search_time": "0:07:30.160995"}