{"mean_test_recall": [0.9979989375602606, 0.9979989375602606, 0.9971407530742664, 0.9968550275826893], "mean_test_f1": [0.9925368518794485, 0.9895859251310084, 0.9925985510503441, 0.9868428184291244], "mean_test_balanced_accuracy": [0.9988958726772942, 0.9988480590982509, 0.9984747494275844, 0.9982408130465417], "mean_test_precision": [0.9871549212497911, 0.9813439329175868, 0.9881154475601441, 0.9770677392667179], "mean_train_roc_auc": [1.0, 1.0, 0.9999994885232079, 0.9999990691898587], "mean_fit_time": [0.9864095687866211, 1.5312821769714355, 1.605339641571045, 1.710642147064209], "mean_test_roc_auc": [0.9988958726772942, 0.9988480590982509, 0.9992155308193662, 0.9991586895411357], "mean_score_time": [14.91109483718872, 15.7619873046875, 19.177591495513916, 20.810213298797606], "mean_train_recall": [1.0, 1.0, 0.9982117946479815, 0.9982117946479815], "mean_train_f1": [1.0, 1.0, 0.9939106745949451, 0.9908588177059987], "mean_train_balanced_accuracy": [1.0, 1.0, 0.9990227926331697, 0.9989735559627806], "mean_train_precision": [1.0, 1.0, 0.9896473193983027, 0.9836149855278228], "params": [{"n_neighbors": 1, "p": 1}, {"n_neighbors": 1, "p": 2}, {"n_neighbors": 3, "p": 1}, {"n_neighbors": 3, "p": 2}], "optimal_params": {"n_neighbors": 3, "p": 1}, "cv_search_time": "0:03:58.502409"}