{"mean_test_precision": [0.9970402242188969, 0.9967182140950798, 0.9954322940725155, 0.995413852062018], "mean_test_recall": [0.9972140770406202, 0.9969501457538514, 0.9930351953815514, 0.9924193588895679], "mean_score_time": [73.93702419281006, 74.6068476486206, 95.3811151599884, 94.7566494846344], "mean_train_roc_auc": [0.9999576301921205, 0.9999576301921205, 0.9999986861234902, 0.999998512836669], "mean_train_precision": [0.9999486877412389, 0.9999486877412389, 0.9984151940613928, 0.9983196179618571], "mean_fit_time": [28.67975010871887, 41.974785280227664, 56.920603046417234, 75.1238143157959], "mean_test_f1": [0.9971263200522557, 0.9968332586277495, 0.9942305747355579, 0.9939128494251729], "mean_test_roc_auc": [0.9984888843020797, 0.9983440503681533, 0.9989744847524143, 0.9987838549485288], "mean_train_recall": [0.9999193548387098, 0.9999193548387098, 0.9975293255131963, 0.9973313782991202], "mean_train_f1": [0.9999340162511645, 0.9999340162511645, 0.9979719896968712, 0.9978251768761258], "mean_test_balanced_accuracy": [0.9984888843020798, 0.9983440503681533, 0.9963356869867173, 0.9960271838180834], "mean_train_balanced_accuracy": [0.9999576301921205, 0.9999576301921205, 0.9987014911826819, 0.9985987155840413], "params": [{"n_neighbors": 1, "p": 1}, {"n_neighbors": 1, "p": 2}, {"n_neighbors": 3, "p": 1}, {"n_neighbors": 3, "p": 2}], "optimal_params": {"n_neighbors": 1, "p": 1}, "cv_search_time": "0:24:48.724142"}