{"mean_fit_time": [41.43951384544373, 43.2109181022644, 44.334202489852906, 55.87794876098633], "mean_test_precision": [0.99810837728876, 0.9979039149781234, 0.996666941669341, 0.9964332518617101], "mean_train_balanced_accuracy": [1.0, 1.0, 0.9987367625162156, 0.99870509731078], "mean_score_time": [60.80688782691956, 59.15456127166748, 70.79055843353271, 69.28141520500184], "mean_test_recall": [0.9972434016801021, 0.9972580641984147, 0.9947067443120352, 0.9946920813965796], "mean_test_balanced_accuracy": [0.9985462459102293, 0.9985453882536605, 0.9972205948818468, 0.9972039046820697], "mean_test_roc_auc": [0.9985462459102293, 0.9985453882536605, 0.9987645823869733, 0.9987057392058579], "mean_train_recall": [1.0, 1.0, 0.9975513196480936, 0.9974926686217007], "mean_test_f1": [0.9976749480244156, 0.997579937910083, 0.9956849308484604, 0.9955607108477509], "mean_train_roc_auc": [1.0, 1.0, 0.999999112955205, 0.9999990367443568], "mean_train_precision": [1.0, 1.0, 0.9990235695063149, 0.9989648417678414], "mean_train_f1": [1.0, 1.0, 0.9982868637757545, 0.9982281722344183], "params": [{"n_neighbors": 1, "p": 1}, {"n_neighbors": 1, "p": 2}, {"n_neighbors": 3, "p": 1}, {"n_neighbors": 3, "p": 2}], "optimal_params": {"n_neighbors": 1, "p": 1}, "cv_search_time": "0:20:10.996650"}