{"mean_test_f1": [0.9958223237956919, 0.9953465580251724, 0.9915972919836854, 0.9905172703609599], "mean_train_f1": [0.9999615098438646, 0.9999615098438646, 0.9967729790053224, 0.996363161947971], "mean_fit_time": [4.188954181671143, 6.538868827819824, 6.478043661117554, 7.25859224319458], "mean_test_balanced_accuracy": [0.9978585463563362, 0.997678851560996, 0.9950395206606636, 0.9947370656530117], "mean_test_recall": [0.9960703855208155, 0.9957624690619672, 0.9906744918075204, 0.9902052836758054], "mean_train_balanced_accuracy": [0.9999800630186444, 0.9999800630186444, 0.9980846927094366, 0.9979743528338895], "mean_train_roc_auc": [0.9999800630186444, 0.9999800630186444, 0.9999970043792388, 0.9999963502685632], "mean_train_precision": [0.9999596811142675, 0.9999596811142675, 0.9971497384390667, 0.9964985505197833], "mean_test_roc_auc": [0.9978585463563362, 0.997678851560996, 0.9984407265213108, 0.9983907634750052], "mean_score_time": [23.91126510620117, 28.27229266166687, 37.73934599876404, 38.151077117919925], "mean_train_recall": [0.9999633431085044, 0.9999633431085044, 0.9963966275659825, 0.9962280058651025], "mean_test_precision": [0.9955761539329675, 0.9949323424873769, 0.9925248983385843, 0.9908320643676133], "params": [{"n_neighbors": 1, "p": 1}, {"n_neighbors": 1, "p": 2}, {"n_neighbors": 3, "p": 1}, {"n_neighbors": 3, "p": 2}], "optimal_params": {"n_neighbors": 1, "p": 1}, "cv_search_time": "0:08:07.892394"}