{"mean_fit_time": [2.118856973648071, 3.3069965267181396, 3.321071195602417, 3.643158483505249, 4.916011152267456, 5.2185294055938725, 5.989247303009034, 6.299135131835937, 7.643188133239746, 7.793816442489624], "mean_train_recall": [1.0, 1.0, 1.0, 1.0, 1.0, 1.0, 1.0, 1.0, 1.0, 1.0], "mean_train_f1": [0.9999582498148136, 0.9999582498148136, 0.9999582498148136, 0.9999582498148136, 0.9999582498148136, 0.9999582498148136, 0.9999582498148136, 0.9999582498148136, 0.9999582498148136, 0.9999582498148136], "mean_train_precision": [0.9999165047560125, 0.9999165047560125, 0.9999165047560125, 0.9999165047560125, 0.9999165047560125, 0.9999165047560125, 0.9999165047560125, 0.9999165047560125, 0.9999165047560125, 0.9999165047560125], "mean_test_precision": [0.9987576378971877, 0.9989154008623841, 0.9988563961672858, 0.9989550312520659, 0.998738440013448, 0.9989548880595128, 0.9988763131663883, 0.9987580671317539, 0.9988762992782513, 0.9988365052573681], "mean_test_balanced_accuracy": [0.9972686224457374, 0.9973534833234161, 0.9973413132629804, 0.9974041671019285, 0.9973366015123001, 0.9973943439617003, 0.9973912043321431, 0.997415984752676, 0.9974108596104021, 0.9973699991427992], "mean_train_balanced_accuracy": [0.9999966688874083, 0.9999966688874083, 0.9999966688874083, 0.9999966688874083, 0.9999966688874083, 0.9999966688874083, 0.9999966688874083, 0.9999966688874083, 0.9999966688874083, 0.9999966688874083], "mean_test_f1": [0.9966920979974602, 0.9968495840676684, 0.9968102242013173, 0.996918560929792, 0.9967514109019042, 0.9969086981080338, 0.9968694298056044, 0.9968402190164198, 0.9968891993097981, 0.996830054149593], "mean_train_roc_auc": [0.999999999590932, 0.999999999590932, 0.999999999590932, 0.999999999590932, 0.999999999590932, 0.999999999590932, 0.999999999590932, 0.999999999590932, 0.999999999590932, 0.999999999590932], "mean_test_recall": [0.994636002616562, 0.9947931836217212, 0.9947735460545991, 0.9948914161618774, 0.9947735281727809, 0.9948717696538463, 0.994871760712937, 0.9949307270597582, 0.9949110716108178, 0.9948324855786927], "mean_score_time": [0.9997414875030518, 1.8029960441589354, 2.960569314956665, 3.436884889602661, 4.2670629024505615, 5.5952823448181155, 5.730739250183105, 5.9777599048614505, 6.563393716812134, 6.269315042495728], "mean_test_roc_auc": [0.9990397475185805, 0.9992845850934119, 0.9994116799032251, 0.9994694677058665, 0.9996359732970289, 0.9996064699692655, 0.9996262349110214, 0.9997046084524454, 0.9996748425831876, 0.9996741985985321], "params": [{"n_estimators": 10}, {"n_estimators": 20}, {"n_estimators": 30}, {"n_estimators": 40}, {"n_estimators": 50}, {"n_estimators": 60}, {"n_estimators": 70}, {"n_estimators": 80}, {"n_estimators": 90}, {"n_estimators": 100}], "optimal_params": {"n_estimators": 80}, "cv_search_time": "0:02:15.930774"}