{"mean_train_balanced_accuracy": [0.9999960810440097, 0.9999960810440097, 0.9999960810440097, 0.9999960810440097, 0.9999960810440097, 0.9999960810440097, 0.9999960810440097, 0.9999960810440097, 0.9999960810440097, 0.9999960810440097], "mean_test_roc_auc": [0.9990480887814397, 0.9994013219370737, 0.9995571730876613, 0.9997046341204203, 0.9997346102463315, 0.9998229621698892, 0.9998134726268841, 0.9998230106488278, 0.9999220288647089, 0.9998907857965278], "mean_train_f1": [0.9999508819754326, 0.9999508819754326, 0.9999508819754326, 0.9999508819754326, 0.9999508819754326, 0.9999508819754326, 0.9999508819754326, 0.9999508819754326, 0.9999508819754326, 0.9999508819754326], "mean_score_time": [1.3396642112731934, 2.3857344818115234, 2.927621898651123, 3.574342575073242, 4.253203649520874, 5.884472341537475, 6.188514499664307, 6.100246620178223, 6.520885000228882, 6.025226345062256], "mean_train_precision": [0.9999017699819456, 0.9999017699819456, 0.9999017699819456, 0.9999017699819456, 0.9999017699819456, 0.9999017699819456, 0.9999017699819456, 0.9999017699819456, 0.9999017699819456, 0.9999017699819456], "mean_fit_time": [1.7410086059570313, 2.797919178009033, 3.150789213180542, 3.3827364253997803, 4.678704147338867, 4.598387975692749, 5.883167810440064, 6.710112819671631, 8.378620023727416, 9.823780813217162], "mean_test_precision": [0.9986588711106594, 0.9985603852956572, 0.998422929682976, 0.9984619061307367, 0.9985015561428292, 0.9984032383123707, 0.9985014111240291, 0.9984425302273573, 0.9985407774614101, 0.9985605025879677], "mean_test_recall": [0.9945377074900424, 0.9945377253718606, 0.9945377521945877, 0.9945377432536787, 0.9946359757938351, 0.9945966827777726, 0.9945181056865566, 0.9945966648959542, 0.994557380820801, 0.9945966827777724], "mean_test_f1": [0.9965928929688843, 0.9965439676038917, 0.9964753040276264, 0.9964949579362774, 0.996564056075708, 0.9964953160102603, 0.9965048113514196, 0.9965148124919407, 0.9965441126657282, 0.9965737646378418], "mean_test_balanced_accuracy": [0.9972155560402749, 0.9972116459398533, 0.9972061728583457, 0.9972077360670066, 0.9972584198455189, 0.9972348544099444, 0.9971994847918797, 0.9972364130628103, 0.9972206898389893, 0.9972411246428093], "mean_train_roc_auc": [0.9999999992781085, 0.9999999993984282, 0.9999999993503045, 0.9999999993262353, 0.9999999993503016, 0.9999999994706152, 0.9999999994706124, 0.9999999994706184, 0.9999999995187449, 0.9999999994706152], "mean_train_recall": [1.0, 1.0, 1.0, 1.0, 1.0, 1.0, 1.0, 1.0, 1.0, 1.0], "params": [{"n_estimators": 10}, {"n_estimators": 20}, {"n_estimators": 30}, {"n_estimators": 40}, {"n_estimators": 50}, {"n_estimators": 60}, {"n_estimators": 70}, {"n_estimators": 80}, {"n_estimators": 90}, {"n_estimators": 100}], "optimal_params": {"n_estimators": 10}, "cv_search_time": "0:02:16.966289"}