{"mean_fit_time": [0.2519715881347656, 0.5113626098632813, 0.7113224315643311, 0.3295279026031494, 0.3466286563873291, 0.8228584861755371, 0.553772439956665, 1.145925178527832, 1.8611973857879638, 0.64020827293396, 0.6707083797454834, 2.351496305465698, 0.5280467319488525, 1.1374167060852052, 1.8384290599822999, 0.6455122470855713, 0.669362096786499, 2.317769842147827, 0.5354158401489257, 1.0964702987670898, 1.824906358718872, 0.6711259269714356, 0.6652052688598633, 2.290653829574585, 0.5345782089233398, 1.1157890701293944, 1.8192934322357177, 0.6567883014678955, 0.6557816123962402, 2.2976527118682863, 0.5384701251983642, 1.1495352268218995, 1.8348346519470216, 0.6497127437591552, 0.6612517356872558, 2.309583330154419, 0.5487191390991211, 1.143098659515381, 1.8215978527069092, 0.6480103015899659, 0.6845746231079102, 2.016452112197876], "mean_test_precision": [0.0, 0.0, 0.0, 0.0, 0.0, 0.0, 0.9935036880374423, 0.9927145369307951, 0.9935502762177766, 0.9907290874074727, 0.9923630693017794, 0.9929121508794201, 0.9977770839356302, 0.9987295780372939, 0.9977779817026581, 0.9991517489805317, 0.9986203901492408, 0.9963855737066685, 0.9989395397824399, 0.999152314900664, 0.9976723709058078, 0.9994703366308397, 0.9994703380582712, 0.9972440280661472, 0.9994703491451234, 0.9987284569364396, 0.9976690847517091, 0.9994700682737037, 0.9992564450870166, 0.9974568540703048, 0.9992575770685781, 0.9990470607981914, 0.9981984580631285, 0.9992586965515489, 0.9992578590473276, 0.9966166802680666, 0.9992586949050561, 0.9985220820899872, 0.9983017811849099, 0.999470062066271, 0.9994703413078371, 0.9967168787467767], "mean_test_recall": [0.0, 0.0, 0.0, 0.0, 0.0, 0.0, 0.9652446851623515, 0.9929025179461194, 0.9922670359640836, 0.9810356146901674, 0.9841137245492964, 0.991949825447236, 0.9940679177795728, 0.9929038719171959, 0.9922675540890759, 0.994067911604984, 0.9937507072627254, 0.9916315539820477, 0.994173737885393, 0.9929036035928162, 0.9919493073222436, 0.9934327041219168, 0.9941742683595634, 0.9911016176068631, 0.993962908821481, 0.9937498837658193, 0.9925847522567456, 0.9935393230262869, 0.9935390608764962, 0.9915254408534919, 0.9936454238056647, 0.9929027739213212, 0.9926908653853013, 0.9945975796557887, 0.994385646421413, 0.9913132639930923, 0.9945970121340846, 0.9930086063763193, 0.9919495694720342, 0.9940684667775103, 0.9936451616558737, 0.9922673104630522], "mean_score_time": [0.14057526588439942, 0.14137961387634276, 0.14246540069580077, 0.143836669921875, 0.14362754821777343, 0.13309720993041993, 0.15015138626098634, 0.14738797187805175, 0.15164804458618164, 0.148590726852417, 0.15140908241271972, 0.14849373817443848, 0.1534801483154297, 0.14539072990417481, 0.1471182632446289, 0.1508873748779297, 0.15068607330322265, 0.1477498722076416, 0.15242141723632813, 0.14551307678222655, 0.14696354866027833, 0.15300951957702635, 0.15308610916137697, 0.15035708427429198, 0.1537762451171875, 0.14633907318115236, 0.14675400733947755, 0.15209222793579102, 0.15204136848449706, 0.1474140453338623, 0.15348084449768065, 0.14835659980773927, 0.14722655296325685, 0.153422212600708, 0.1514815616607666, 0.14690044403076172, 0.15567310333251952, 0.14712889671325682, 0.14802853584289552, 0.15151331901550294, 0.1529777717590332, 0.10014514923095703], "mean_test_roc_auc": [0.9744099158461126, 0.9830040364496235, 0.9685018238781491, 0.9877965634870284, 0.9814828142225952, 0.9166071178775278, 0.999467962091449, 0.9994151420166546, 0.9990241935008431, 0.9995678343987975, 0.9995043211080955, 0.9987136450173094, 0.9992847524238486, 0.9992005265160889, 0.9986653114374167, 0.9992476643277243, 0.999253986344012, 0.9984502830160545, 0.9993904632395388, 0.9988833966749149, 0.9986140687071976, 0.998931203571359, 0.9993072771408986, 0.9984002827273121, 0.9993381399924915, 0.9989913680724412, 0.9987212226227457, 0.9992529256029732, 0.9990962219113102, 0.9985587088662167, 0.9991033408763721, 0.9991494303463708, 0.998613614284124, 0.9991452957119265, 0.9991480731815449, 0.9985581417590055, 0.9990004787704383, 0.9992006935052351, 0.9987735041384888, 0.9989353367960812, 0.9989319409019792, 0.9984492663161594], "mean_train_f1": [0.0, 0.0, 0.0, 0.0, 0.0, 0.0, 0.9815322935063289, 0.9947508871456785, 0.9952088617199037, 0.9877178155978809, 0.9908246922187043, 0.9951953490621297, 0.9992455101684855, 0.999456773710922, 0.9993241388574887, 0.9995495196590847, 0.9993643079387327, 0.999125081459798, 0.9995494845060623, 0.9994964603879052, 0.9994036266369684, 0.9996687819736225, 0.9995361999733536, 0.9992180116829819, 0.9995628041307413, 0.9995362262705129, 0.9992976312831119, 0.9996290776255418, 0.9995627515334372, 0.9994567561183786, 0.9996158106330555, 0.9995362350507841, 0.9993108895127656, 0.9997084687872377, 0.9995627602584191, 0.9993374234163609, 0.9995362789783085, 0.9996158018440536, 0.9992710533908128, 0.9995760183892857, 0.9996024997508317, 0.9991518085757766], "mean_train_balanced_accuracy": [0.5, 0.5, 0.5, 0.5, 0.5, 0.5, 0.9846680879980851, 0.9980047312279747, 0.9977952012048676, 0.9921407781256579, 0.9941254804374107, 0.997756027692381, 0.9996205403251203, 0.999495942797934, 0.9994023238256889, 0.9995886142010221, 0.9995585618119074, 0.9991777987323865, 0.9995756762496556, 0.9995356252983821, 0.9994300597815269, 0.999681899776502, 0.9995365290299394, 0.9992704964415945, 0.9996147884064119, 0.999549510805556, 0.9993628870468071, 0.9996551376781413, 0.9995630716906043, 0.9994959515503246, 0.9996548218262056, 0.9995624224552528, 0.9993373094867789, 0.9997216085741699, 0.9995889125214781, 0.9994284980399785, 0.999549510805556, 0.9996418751179986, 0.9992975831442814, 0.9996150954970575, 0.9996156833722293, 0.999243120170842], "mean_train_roc_auc": [0.9749156338442733, 0.9828646740335546, 0.9685395848931069, 0.9879407093998477, 0.981439096290553, 0.916608802190605, 0.9999741356083931, 0.999991101930471, 0.9999738401073692, 0.9999884134382333, 0.9999904183673556, 0.9999528517471135, 0.9999999188088543, 0.9999999930866963, 0.9999999873582045, 0.9999999849884231, 0.999999984001832, 0.999999980838583, 0.9999999980246176, 0.999999992295775, 0.9999999903218779, 0.9999999996051351, 0.9999999974316429, 0.9999999737347254, 0.9999999905181789, 0.9999999970378446, 0.9999999841966318, 0.999999997432041, 0.9999999978275804, 0.999999993679092, 0.9999999950629881, 0.9999999960500342, 0.9999999907173523, 0.999999997629206, 0.9999999968392325, 0.999999981038259, 0.9999999962463884, 0.9999999988147485, 0.9999999903206128, 0.9999999940759623, 0.999999995852192, 0.9999999713578315], "mean_test_balanced_accuracy": [0.5, 0.5, 0.5, 0.5, 0.5, 0.5, 0.9825507447001585, 0.9963689219315397, 0.9960607271982408, 0.9904139912862591, 0.991970945352061, 0.9958949619656525, 0.9970088997238874, 0.9964376164343297, 0.9961087178849201, 0.997024409476713, 0.9968598409985617, 0.9957752048504551, 0.997074935983643, 0.9964422554706291, 0.9959484012521409, 0.9967103856162466, 0.9970811677350698, 0.9955197831263313, 0.996975488032518, 0.9968606224979011, 0.9962661237178216, 0.9967636951364913, 0.9967611774283214, 0.9957340813148606, 0.9968143589625356, 0.9964406473870893, 0.9963251467283817, 0.9972904368179677, 0.9971844701295794, 0.9956184464243332, 0.9972901529874858, 0.9964875969672681, 0.9959556922237194, 0.9970282669424732, 0.9968166143816549, 0.9960966631128548],