{"mean_train_balanced_accuracy": [0.5, 0.5, 0.5, 0.5, 0.5, 0.5, 0.9894427331794665, 0.9975922653561511, 0.9965688569136217, 0.9971881493175332, 0.9971753821702691, 0.995629959627552, 0.9993207390688035, 0.999615999228615, 0.999522968144891, 0.9996268752251108, 0.9994429451340038, 0.9994564972533122, 0.999615981697135, 0.9995630015646846, 0.999615999228615, 0.9995895617568296, 0.9994968114620817, 0.9993114598901652, 0.9995630015646846, 0.9994173500291461, 0.9995229944421109, 0.9995498003602719, 0.9995762553635372, 0.9994435330091754, 0.999682163033998, 0.9994702950986364, 0.9993240732149564, 0.9995365465614193, 0.9993113722327653, 0.9993376253342648, 0.9995100652609342, 0.9996289108783116, 0.9994040874645534, 0.9995365114984596, 0.9995895003966497, 0.9992581639057793], "mean_test_balanced_accuracy": [0.5, 0.5, 0.5, 0.5, 0.5, 0.5, 0.9872952167247099, 0.9961264859272306, 0.9948419722727887, 0.9956009201959064, 0.9953482849823196, 0.9937322620763973, 0.9967574368951707, 0.9970259818749652, 0.9968107401711964, 0.9970261161748444, 0.996863260151634, 0.9967372820722863, 0.9965469838912829, 0.9970826120760912, 0.9968108803718562, 0.9964436722317491, 0.9964961952345621, 0.996852922863594, 0.9964973853966305, 0.9968132794904278, 0.997180350585229, 0.9968685700700831, 0.9970845900482072, 0.9967965642767506, 0.996713151191091, 0.9968696321052908, 0.9966441825915964, 0.9964432757805088, 0.996762072769835, 0.9966843660505362, 0.9965525446940708, 0.9967578424674644, 0.9968035863763318, 0.9964472612370102, 0.9966575771955924, 0.9968445638879682], "mean_fit_time": [0.2626040840148926, 0.5323092079162598, 0.7650662708282471, 0.3291816806793213, 0.35154046058654786, 0.8408222198486328, 0.6132810401916504, 1.4787194061279296, 2.586352834701538, 0.7320493507385254, 0.7549825859069824, 3.4440721702575683, 0.5874490165710449, 1.56320068359375, 2.91574990272522, 0.7518256378173828, 0.7697835445404053, 3.940390205383301, 0.5802165126800537, 1.5449009132385254, 2.9004578018188476, 0.7919248008728027, 0.7877499008178711, 3.9716480922698976, 0.585812463760376, 1.541584186553955, 2.8668406772613526, 0.7579763317108155, 0.7832948970794678, 3.896376705169678, 0.5862751483917237, 1.5646480083465577, 2.8404550743103028, 0.7731972599029541, 0.7742433452606201, 3.8543894481658936, 0.5840571212768555, 1.5109249210357667, 2.8865435123443604, 0.7569520568847656, 0.7748010730743409, 3.0561227989196778], "mean_train_recall": [0.0, 0.0, 0.0, 0.0, 0.0, 0.0, 0.9789451308505837, 0.9952859603525579, 0.9932200507536345, 0.9944914512120826, 0.9944384710796322, 0.9913398696534464, 0.998649234531756, 0.9992319984572298, 0.9990465329306937, 0.9992585235864149, 0.9988876801907425, 0.9989141877884476, 0.9992319633942698, 0.9991260031293692, 0.9992319984572298, 0.9991791235136591, 0.9989936229241632, 0.9986229197803306, 0.9991260031293692, 0.9988347000582922, 0.9990465855251336, 0.9990996007205439, 0.9991525107270743, 0.9988876626592625, 0.9993643260679959, 0.998940590197273, 0.9986493397206359, 0.9990730931228388, 0.998622744465531, 0.9986758473183408, 0.9990201305218684, 0.999258418397535, 0.9988081749291069, 0.9990730229969188, 0.9991790007932996, 0.9985169244524699], "mean_test_f1": [0.0, 0.0, 0.0, 0.0, 0.0, 0.0, 0.9849583505097708, 0.9935272248692121, 0.9916716777574552, 0.9932081226034589, 0.9934643070726464, 0.9906499964944744, 0.9962764460149318, 0.9967009856928705, 0.9963305507880091, 0.9967018418349824, 0.9963841184255923, 0.9953784237920399, 0.9961168107269672, 0.9969139042734889, 0.9963323657268544, 0.9961159546042788, 0.9961682706201458, 0.9959100826851829, 0.9962200831309933, 0.9964356678969233, 0.9966525314462101, 0.9965954716533512, 0.997018455843221, 0.9956976174802258, 0.9965940465758312, 0.9966471606999651, 0.9958534587121076, 0.996113842624782, 0.9964882271191395, 0.9953280029071728, 0.9963794553535507, 0.9962768627566284, 0.9960150471078283, 0.9962739017266069, 0.9964348222054541, 0.9955388038295919], "mean_score_time": [0.14097132682800292, 0.13978678703308106, 0.1427455997467041, 0.13209886550903321, 0.13600869178771974, 0.1315371322631836, 0.15225876808166505, 0.1494166660308838, 0.1512947940826416, 0.15021839141845703, 0.1504232692718506, 0.15395014762878417, 0.15864867210388184, 0.149879150390625, 0.15616259574890137, 0.15197361946105958, 0.1514213752746582, 0.15844590187072755, 0.15493789672851563, 0.15163053512573244, 0.15431608200073244, 0.15390090942382811, 0.15486112594604493, 0.156489315032959, 0.1551332378387451, 0.15195246696472167, 0.15449754714965822, 0.15356191635131836, 0.1521843910217285, 0.15767546653747558, 0.15622983932495116, 0.15049369812011718, 0.15419349670410157, 0.15398198127746582, 0.1532096004486084, 0.15746249198913576, 0.15785243034362792, 0.1512383460998535, 0.15558279037475586, 0.1508942699432373, 0.15206027030944824, 0.1013546085357666], "mean_train_roc_auc": [0.981020578768647, 0.9786057530992264, 0.96975826151183, 0.9847376290052553, 0.9827294113338018, 0.9171445332281809, 0.9999659418114948, 0.9999940937511337, 0.9999499445826274, 0.999986235530824, 0.9999878749791776, 0.9998760109240188, 0.9999999518014966, 0.999999998814603, 0.9999999950625929, 0.999999986369547, 0.9999999836029523, 0.999999989926826, 0.999999998024475, 0.9999999960493541, 0.9999999944687441, 0.9999999942715172, 0.999999996051217, 0.9999999907180356, 0.9999999944704231, 0.9999999960489647, 0.9999999944703132, 0.9999999972342133, 0.9999999998024339, 0.9999999915060568, 0.999999999209869, 0.9999999966416574, 0.9999999867660762, 0.9999999964439458, 0.9999999994073044, 0.9999999845960071, 0.999999998814603, 0.9999999972354107, 0.9999999936788363, 0.9999999877513333, 0.9999999964443438, 0.9999999915074832], "mean_train_f1": [0.0, 0.0, 0.0, 0.0, 0.0, 0.0, 0.9879086068398244, 0.9953918624252868, 0.9947724078322275, 0.9947000880543041, 0.9952693757800408, 0.9938786813791829, 0.9991519578404775, 0.9996157667346046, 0.9995097098838928, 0.9995232310715864, 0.9994036354580004, 0.9994301870239163, 0.9996156964895373, 0.9995627075768562, 0.999615757977604, 0.9995892327990369, 0.9994964165650749, 0.9993107929239459, 0.9995627251373866, 0.9994168146071017, 0.9995096571935411, 0.9995494582001261, 0.9995759833525355, 0.9994300990057934, 0.9996819084206386, 0.9994698825626116, 0.9992976136846033, 0.9995362175338554, 0.9993106083083074, 0.9993240335407653, 0.999509718669944, 0.9996157403589373, 0.9994035300016191, 0.999536173548108, 0.9995892151861387, 0.9992444402989679], "mean_train_precision": [0.0, 0.0, 0.0, 0.0, 0.0, 0.0, 0.9973182810344906, 0.9955002069760652, 0.9963351277977265, 0.9949364036838253, 0.9961060799074305, 0.9964338115757588, 0.9996555059302963, 1.0, 0.9999735274652548, 0.9997886215574455, 0.9999204243798545, 0.9999469847348358, 1.0, 1.0, 1.0, 1.0, 1.0, 1.0, 1.0, 1.0, 0.999973544973545, 1.0, 1.0, 0.9999735274652548, 1.0, 1.0, 0.9999470023128338, 1.0, 1.0, 0.999973474801061, 1.0, 0.9999735274652548, 1.0, 1.0, 1.0, 0.9999735274652548], "mean_test_recall": [0.0, 0.0, 0.0, 0.0, 0.0, 0.0, 0.9746835089865501, 0.9923723008973774, 0.9898295247739718, 0.9913116231738692, 0.9907824855972348, 0.9876053316622571, 0.9935363529343434, 0.9940662831349388, 0.9936429594895357, 0.9940665514593185, 0.9937479993205727, 0.993536615084134, 0.9931130601618849, 0.9941723839143165, 0.9936432401630931, 0.9929016635762685, 0.9930067095818945, 0.9937488042937115, 0.9930067034073055, 0.9936432648614492, 0.9943845669493051, 0.9937490726180913, 0.9941715665919996, 0.9936432463376822, 0.9934310756518714, 0.9937488104683005, 0.9933241637247657, 0.9929008709523075, 0.9935360784353746, 0.9934307826291359, 0.993112249014157, 0.9935371640820713, 0.9936429718387134, 0.9929016821000355, 0.9933247003735252, 0.9937487919445336],