{"mean_test_roc_auc": [0.9794521003991814, 0.9822074601032053, 0.9708413917595433, 0.9834874221777742, 0.9816234955370103, 0.9195336646065017, 0.999868687693062, 0.9998236464770146, 0.9990462613074859, 0.9999547074842288, 0.9998370160483484, 0.9984444295824746, 0.999625318456008, 0.9994158950635433, 0.9989389050035014, 0.9994131236766224, 0.9995734957721955, 0.9987235467304949, 0.9996275967764294, 0.9995743423857043, 0.9992572158512977, 0.9996804766063001, 0.9995213466287616, 0.9988322317484085, 0.9994684340335249, 0.9990977577194491, 0.9991507799916838, 0.9995213939950707, 0.9995214907713822, 0.9987261213180688, 0.9995749254517396, 0.9995214256461892, 0.999044764774492, 0.9995214290200276, 0.9996270515223307, 0.9987803206914997, 0.9995214289627239, 0.9993616847198399, 0.9987799005425154, 0.9994687862853502, 0.99946839742065, 0.998674132753901], "mean_train_f1": [0.0, 0.0, 0.0, 0.0, 0.0, 0.0, 0.9886447662697466, 0.9962679803664578, 0.9961854749574351, 0.9958615271251193, 0.9948387057990133, 0.9958640293178768, 0.9996688784722819, 0.9996687468612458, 0.9996819787297724, 0.9997218060044603, 0.9997085741388554, 0.9993108806859593, 0.9996422568124708, 0.9996820489574013, 0.9997085390439522, 0.9996423094853548, 0.9996820226282003, 0.999443339776967, 0.999695280857877, 0.9996555677033908, 0.9996422129111328, 0.9996422655956405, 0.9996554974554478, 0.9996820577434582, 0.9997615191822113, 0.9995361120484116, 0.9997085039316215, 0.9997085039577678, 0.9997350378846277, 0.9995229768793124, 0.9997085478096834, 0.9996289898199612, 0.9995627426862532, 0.9996687380896941, 0.9998144905285702, 0.9995627953911503], "mean_train_balanced_accuracy": [0.5, 0.5, 0.5, 0.5, 0.5, 0.5, 0.9904152848357445, 0.9984273607998289, 0.9980890001856179, 0.9976548532413123, 0.9969070419099374, 0.9975511743244797, 0.9997336953750697, 0.9996689267666252, 0.9996821893312179, 0.9997348799089524, 0.9997216611730596, 0.9993631941419026, 0.9996424454661401, 0.9996951623410945, 0.9997216436371299, 0.9996424892948401, 0.9996821980969579, 0.9994696721560551, 0.9996954606615504, 0.9996557518594327, 0.9996424367004002, 0.9996424805291001, 0.9996556992649928, 0.9996951623366448, 0.9997616332326734, 0.9995365027327194, 0.9997216436415798, 0.999708688163183, 0.9997351606979282, 0.9995491861834305, 0.999708696928923, 0.9996292267302475, 0.9995630190961645, 0.9996689530638452, 0.9998145870679039, 0.9995759921060412], "mean_train_precision": [0.0, 0.0, 0.0, 0.0, 0.0, 0.0, 0.9966504934211983, 0.9955844387748397, 0.9961080720763882, 0.996342163860456, 0.9957974679292456, 0.996553239247233, 0.9998677248677248, 1.0, 1.0, 0.9999735099337748, 0.9999735274652548, 0.9998940572201537, 1.0, 0.999973544973545, 0.999973492379059, 1.0, 1.0, 0.9999470724387998, 1.0, 1.0, 1.0, 1.0, 1.0, 0.9999735274652548, 1.0, 1.0, 0.9999735274652548, 1.0, 1.0, 0.999947037352604, 1.0, 1.0, 1.0, 1.0, 1.0, 0.999973492379059], "mean_train_recall": [0.0, 0.0, 0.0, 0.0, 0.0, 0.0, 0.9809051503105262, 0.9969543611747845, 0.99626570711033, 0.9953920433378184, 0.9939089502588083, 0.9951799124302577, 0.9994703739902964, 0.9993378535332507, 0.9993643786624358, 0.9994703564588164, 0.9994439189870312, 0.9987287748563515, 0.9992848909322802, 0.9993909213231008, 0.9994438839240712, 0.99928497858968, 0.9993643961939158, 0.998940537602833, 0.9993909213231008, 0.9993115037188651, 0.9992848734008003, 0.9992849610582002, 0.9993113985299854, 0.9993909213231008, 0.9995232664653468, 0.999073005465439, 0.999443883924071, 0.9994173763263661, 0.9994703213958565, 0.999099565657584, 0.999417393857846, 0.999258453460495, 0.9991260381923291, 0.9993379061276906, 0.9996291741358075, 0.9991525808529943], "mean_test_balanced_accuracy": [0.5, 0.5, 0.5, 0.5, 0.5, 0.5, 0.9874630221864936, 0.9968696195470352, 0.9962804337014991, 0.9956072581118425, 0.9947552168365487, 0.995750906122022, 0.9978241794010325, 0.9976097378580597, 0.9976085507167967, 0.9977171628224358, 0.9976643869997752, 0.9978098630336885, 0.997613857407121, 0.9975605448676415, 0.9976619974865256, 0.9977704816741939, 0.9977173002792395, 0.997765440358644, 0.9975596228938336, 0.9973461032550387, 0.9976102806814081, 0.9976126671754227, 0.9973990133063785, 0.9979243076972285, 0.9974560429099203, 0.9977715378101916, 0.9977641067756431, 0.9974539277548091, 0.997454986911612, 0.9977569468726788, 0.9977208707591634, 0.9975594857108387, 0.997548880299457, 0.9974032732618486, 0.9976666332962709, 0.9979195375211147], "mean_test_f1": [0.0, 0.0, 0.0, 0.0, 0.0, 0.0, 0.9856254876703072, 0.9943807136759079, 0.9934769268086607, 0.9934642470973579, 0.9924006227531822, 0.9929418040710538, 0.9976616991254791, 0.9973411439530698, 0.9972898638562635, 0.9975024674247617, 0.9974484952449276, 0.9970274887336782, 0.9975013303417992, 0.9974478009938459, 0.9973421175187267, 0.9975560123626741, 0.9975026213221986, 0.9973436895950335, 0.9973959376118645, 0.9971276635191533, 0.9973418278618635, 0.9974493495053717, 0.9971819248165299, 0.9975023346512786, 0.9973940982338375, 0.9976087203059276, 0.9972905611753738, 0.9972895549197884, 0.9973421121103483, 0.9969733754007502, 0.9976609771824134, 0.9973953848977063, 0.9969194079517988, 0.9973418398462588, 0.9975534689050926, 0.997293648853664], "mean_fit_time": [0.2630485725402832, 0.5216863632202149, 0.7287366962432862, 0.3350554943084717, 0.338252010345459, 0.8507332420349121, 0.5981846809387207, 1.4628201866149901, 2.5713737487792967, 0.7209518051147461, 0.7390056037902832, 3.3732102394104, 0.5770254802703857, 1.4861727809906007, 2.646074342727661, 0.7297772884368896, 0.7521147537231445, 3.6421022510528562, 0.5601029777526856, 1.5298588752746582, 2.769611339569092, 0.7070413875579834, 0.7493426132202149, 3.625558490753174, 0.5540004920959473, 1.4830040073394775, 2.7411402320861815, 0.7064999485015869, 0.7253514385223389, 3.712861976623535, 0.5443961906433106, 1.451268424987793, 2.8493207263946534, 0.7274037265777588, 0.7458976745605469, 3.718780307769775, 0.5488225269317627, 1.461733341217041, 2.72896110534668, 0.7238794422149658, 0.7646627807617188, 2.9277216529846193], "mean_score_time": [0.13702272415161132, 0.13799899101257324, 0.13912593841552734, 0.13692965507507324, 0.13382569313049317, 0.13351049423217773, 0.15194314002990722, 0.1488502311706543, 0.1532686996459961, 0.15280885696411134, 0.15182168006896973, 0.15398961067199707, 0.15425482749938965, 0.15191914558410644, 0.15396005630493165, 0.15241568565368652, 0.15246064186096192, 0.15561086654663087, 0.15497136116027832, 0.15238798141479493, 0.15343482971191405, 0.150464448928833, 0.15189529418945313, 0.15523794174194336, 0.15442888259887697, 0.14840205192565917, 0.15112014770507812, 0.1509972858428955, 0.15328741073608398, 0.15530941009521484, 0.15571279525756837, 0.1511317253112793, 0.1558710193634033, 0.15110203742980957, 0.1504923152923584, 0.1557545280456543, 0.15463419914245605, 0.14966583251953125, 0.15338258743286132, 0.15028305053710939, 0.151691255569458, 0.09709587097167968], "mean_train_roc_auc": [0.9790923908061004, 0.9823808319160341, 0.9710117812089816, 0.9836637615280525, 0.9816348139383726, 0.9195339665796084, 0.9999932996942691, 0.9999967990184995, 0.9999722563413439, 0.9999969829810483, 0.9999969245729362, 0.999936522461899, 0.9999999972340737, 0.9999999976294734, 0.9999999994074412, 0.9999999996048736, 0.9999999992102702, 0.9999999865684746, 1.0, 0.9999999990124365, 0.9999999968396099, 0.9999999988147367, 0.9999999984196221, 0.9999999956537253, 0.9999999996051351, 0.999999999209869, 0.9999999962463826, 0.9999999992097354, 0.9999999996051351, 0.9999999974317911, 0.9999999992101394, 0.9999999996051351, 0.9999999974331106, 0.9999999996048677, 0.9999999986171706, 0.9999999960500285, 0.9999999994075688, 0.999999999012704, 0.9999999942708486, 0.9999999996048677, 0.9999999996048677, 0.9999999930872309],