{"mean_test_balanced_accuracy": [0.5954194895044492, 0.9760966692126419, 0.9756106209696083, 0.8438743694206241, 0.8240887565573255, 0.9754007119377123, 0.9920855824379342, 0.9959020234040953, 0.9950299243406152, 0.994374728327168, 0.9937174070216861, 0.994421086086335, 0.9973819697896034, 0.9991367249264034, 0.9993334221598213, 0.9980414126125253, 0.9980710041038849, 0.9991977977341393, 0.9987650429773619, 0.999273258720638, 0.9993027700154775, 0.9988547638649193, 0.9989774632597319, 0.9992245738929001, 0.9987298003345586, 0.9993045441839054, 0.999210134483544, 0.9988179436708982, 0.9989430854108349, 0.9992439597579733, 0.9986476657165729, 0.9992521784038554, 0.9993349024225961, 0.9988843552426867, 0.998920508564243, 0.9991005551547083, 0.998641854083292, 0.99923429018283, 0.9992867532471911, 0.9988248777409985, 0.9988957828116941, 0.999150575966875], "mean_train_roc_auc": [0.9915705262989043, 0.9874204978786196, 0.9808776989485943, 0.9930244738456134, 0.9920256431653737, 0.9773632091681851, 0.9993505391579187, 0.9998241984674909, 0.9998379032523854, 0.9995773678283651, 0.9996031042828839, 0.9998115927697591, 0.9999844997292029, 0.9999997550162502, 0.9999998229111101, 0.9999954589155584, 0.9999958544522519, 0.9999999067897584, 0.9999999708808026, 0.9999999993816382, 0.9999999986883232, 0.9999999944222527, 0.9999999969644036, 0.9999999941161906, 0.9999999975827666, 0.9999999991880094, 0.9999999987070614, 0.9999999985196798, 0.9999999985883864, 0.9999999947532926, 0.9999999978825798, 0.9999999989569045, 0.9999999982885734, 0.9999999986758319, 0.9999999992005019, 0.9999999954840842, 0.9999999984759578, 0.999999999206748, 0.9999999983322965, 0.9999999986695866, 0.9999999988444744, 0.9999999955340527], "mean_train_recall": [0.1943833422317138, 0.9766070475173518, 0.9772584089695675, 0.6996102509343299, 0.6624506139882541, 0.977154297917779, 0.9934490122797651, 0.9945061398825413, 0.992669514148425, 0.9942471970101443, 0.993059263214095, 0.9917939135077415, 0.997562733582488, 0.9996155899626267, 0.9998131340096101, 0.9985958355579284, 0.9986332087560065, 0.9998131340096102, 0.9998238120662041, 0.9999172450613988, 0.9999065670048052, 0.9998104644954618, 0.9998638547784302, 0.999786438868126, 0.9998264815803524, 0.9998878804057663, 0.9998985584623599, 0.9998585157501335, 0.9998585157501334, 0.9998291510945008, 0.9997837693539775, 0.9998958889482114, 0.9998638547784303, 0.9998344901227977, 0.9998531767218366, 0.9998478376935397, 0.9998344901227978, 0.9999065670048052, 0.9998932194340631, 0.9998665242925787, 0.9998505072076882, 0.9997971169247195], "mean_score_time": [0.5514682388305664, 0.5496674060821534, 0.5740407752990723, 0.5387422561645507, 0.5382417583465576, 0.5190103244781494, 0.5640442085266113, 0.552232608795166, 0.5526039409637451, 0.5505052757263184, 0.5616980838775635, 0.560420618057251, 0.5673526477813721, 0.5600652885437012, 0.5760539245605468, 0.5607023525238037, 0.5754579257965088, 0.5669352626800537, 0.5757699871063232, 0.5609320163726806, 0.5660419368743896, 0.5670506763458252, 0.5736027145385743, 0.5642418575286865, 0.5747431659698486, 0.5640660095214843, 0.5657978343963623, 0.5577606105804443, 0.5766510963439941, 0.5639709854125976, 0.5861327266693115, 0.5614218044281006, 0.5706549644470215, 0.5658391666412353, 0.5807102203369141, 0.5651111602783203, 0.586507568359375, 0.5689734268188477, 0.5739417171478272, 0.5664771175384522, 0.575624475479126, 0.3568095684051514], "mean_test_recall": [0.19370062424002749, 0.9765936993115646, 0.9769887837446842, 0.6992956522281111, 0.6618575592809272, 0.9767965795478207, 0.9926962046578166, 0.9940202875604164, 0.9923651882280591, 0.9933796028573488, 0.9926107847624486, 0.9913721307205574, 0.9960704733804503, 0.9984089699784503, 0.9987933796796231, 0.9969887885261991, 0.9970314994077729, 0.9985371054248401, 0.997640149268659, 0.9986011747356478, 0.9986759206461812, 0.9977896418368369, 0.9980245584094982, 0.9985584623598505, 0.9975120117677114, 0.9986652431125654, 0.998494393235821, 0.9976935395516274, 0.9979498128725206, 0.9985904955210306, 0.9973731993480398, 0.9985477831452337, 0.9987506676773817, 0.9978323525316329, 0.9978964231498857, 0.9983021888521795, 0.9973518425998074, 0.9985157503576094, 0.9986438871114448, 0.9977148949924143, 0.9978537102137549, 0.9984089690445604], "mean_test_precision": [0.16581877267884257, 0.7373573048818145, 0.7267327578569048, 0.5855225529760255, 0.527774727717652, 0.7249133191108647, 0.8924160616131793, 0.9693195990427046, 0.9679556237622206, 0.9378645903757452, 0.9314220334580978, 0.9648932439583409, 0.9816437199613048, 0.9980688336709329, 0.9981969388269888, 0.9872254904512848, 0.9874617838512025, 0.9979834080841499, 0.9984296036556495, 0.9992202602305256, 0.9989962874133157, 0.9988565535209345, 0.9990059531958221, 0.9984416720952259, 0.9992515565541138, 0.999199001785531, 0.9989427180753185, 0.999176904567714, 0.9990915265539366, 0.9985377944729263, 0.9988882989026081, 0.9993802954399191, 0.9988470107374466, 0.9990914767079876, 0.9992089136293719, 0.9985586088144558, 0.9990270156653079, 0.9993271111316906, 0.9989962395530372, 0.999070043982578, 0.9991128219547172, 0.9984626116735695], "mean_test_f1": [0.17850505029261793, 0.840256613148864, 0.8334611951742257, 0.63660251750865, 0.5865285385047023, 0.8322023668794577, 0.9394690791259754, 0.9814787656433627, 0.9800020508817366, 0.9647672698824146, 0.9608784559409629, 0.9779503926767212, 0.9888025473041926, 0.9982384821023479, 0.9984948763712993, 0.9920782021842379, 0.9922172810143465, 0.998259979686544, 0.9980343550057827, 0.9989104024379585, 0.9988359116690546, 0.9983224890351063, 0.998514801172443, 0.9984998815932797, 0.9983807349169271, 0.998931826052397, 0.9987183319816533, 0.9984343254311633, 0.998520078483322, 0.998563898105517, 0.9981297749397985, 0.9989636372300454, 0.9987986975203345, 0.9984612114022702, 0.9985520702824799, 0.9984301210419316, 0.9981883269338472, 0.9989209488783858, 0.9988199015692966, 0.9983916729924391, 0.9984825516161648, 0.9984355831735903], "mean_train_balanced_accuracy": [0.5957810625382112, 0.9761119538622666, 0.9757580685548011, 0.8439593225558326, 0.8244079354468832, 0.9755911764772257, 0.9924953056053951, 0.9961634807523911, 0.9952158736784011, 0.9948439031490668, 0.9939550308733974, 0.9946644536220368, 0.9981746147831174, 0.9997767226822606, 0.9998758690759035, 0.9988976280886129, 0.9989361559903407, 0.9998797999088426, 0.9999020789544777, 0.9999580609835748, 0.9999519732254862, 0.9999019565541264, 0.9999287452856299, 0.9998905988776027, 0.9999126792426135, 0.9999434722462159, 0.9999482497278259, 0.9999282283721507, 0.9999288835097331, 0.9999112998527697, 0.9998912295389687, 0.999947382926543, 0.9999303363374226, 0.9999165899225027, 0.9999264947695847, 0.9999206431522891, 0.9999166835147121, 0.9999525347726109, 0.9999456738036971, 0.9999327005987267, 0.9999246920558436, 0.9998967802296522], "mean_fit_time": [1.360446891784668, 2.523080921173096, 3.8109397888183594, 1.5075111198425293, 1.6486224937438965, 4.241500282287598, 3.4086798858642577, 9.036329317092896, 15.071989116668702, 4.166025972366333, 4.322797183990478, 18.488184652328492, 3.399307861328125, 9.447087783813476, 15.613091468811035, 4.607865238189698, 4.640836114883423, 19.311316356658935, 3.3882877826690674, 9.426096067428588, 15.804611749649048, 4.495073642730713, 4.614290866851807, 19.099206953048707, 3.3932916164398192, 9.456978387832642, 16.23325224876404, 4.431774749755859, 4.600537548065185, 19.307333917617797, 3.5554046058654785, 9.342334985733032, 16.081106615066528, 4.588504266738892, 4.744660539627075, 18.998989744186403, 3.5551858615875243, 9.436284770965576, 15.986161623001099, 4.625798740386963, 4.657245607376098, 16.12917095184326],