{"mean_test_recall": [0.03853724106296908, 0.9753657353174102, 0.9765296370983185, 0.23330431700919116, 0.4279239329046104, 0.9765616711933883, 0.9927389179675035, 0.974885211937574, 0.9726855275724681, 0.9936892683289897, 0.9925040023287321, 0.9711158576611532, 0.9902082027907397, 0.981516283438616, 0.985381741307692, 0.9798718560365365, 0.9796262729501577, 0.9865242943718187, 0.9891724502777881, 0.9911799246559144, 0.993603844884841, 0.984762407562741, 0.983683928665648, 0.9933475706300583, 0.9891617609771631, 0.992536036797358, 0.9939882538389022, 0.9854137754027621, 0.985584618555501, 0.9935824901911658, 0.9903149921352392, 0.9924719697278858, 0.993710625637556, 0.9859797076580687, 0.9860544518876007, 0.9935397785624804, 0.9858302064981062, 0.992653496204356, 0.9937533376397973, 0.9858836087348615, 0.9859263143866535, 0.9937853736026464], "mean_train_f1": [0.03320876214569079, 0.8348712125237625, 0.8256276143625538, 0.21158491178492586, 0.39314071861280214, 0.8252951701506267, 0.9209775143196987, 0.9675860669560596, 0.9644351508068018, 0.9254915470340314, 0.9264190686800624, 0.9559579918042789, 0.9500055245301928, 0.9869861196399806, 0.9913438396667221, 0.9779417490092817, 0.9775371736022936, 0.992573928444973, 0.9728219216368271, 0.9976561103213122, 0.9991799557386635, 0.9876494578875656, 0.9871516813574958, 0.9991706486407633, 0.9761919181025835, 0.9989272748676582, 0.999568730220077, 0.9895456409072785, 0.9896122141832514, 0.9994806189666086, 0.9768240764416289, 0.9989321022461704, 0.9996114991290781, 0.9900950101224555, 0.9904918422185415, 0.9995473823964954, 0.980483244905558, 0.9991130428866596, 0.9995487306532551, 0.9893867804727556, 0.9900265978827139, 0.9995286995437254], "mean_train_precision": [0.02916877083122917, 0.7303310820664479, 0.7151262258349557, 0.19390998688581218, 0.36450620644416, 0.7146057756608427, 0.8585023344827947, 0.9598326476449024, 0.9553724185490683, 0.8657028716713551, 0.8683862712674091, 0.9401702828051591, 0.9118416780664725, 0.9898061957027927, 0.9940498884297349, 0.9739332721311235, 0.9732421903231137, 0.9949304371435637, 0.954693361065447, 0.9991300803870975, 0.9997327988574051, 0.9872167444246054, 0.9868264608621397, 0.9996953946561851, 0.9612795018557346, 0.9996684933176151, 0.9998904859207601, 0.9894799374902186, 0.9897254699754702, 0.9997783085669439, 0.9612632060024265, 0.9997139268234689, 0.9998317583991206, 0.989866300818873, 0.9904424116293528, 0.9998317362902681, 0.9720898260312256, 0.9997327609475889, 0.9997997017626212, 0.9890703535819046, 0.9898923789372547, 0.9997970153166846], "mean_test_balanced_accuracy": [0.5187621048331961, 0.9749735507026902, 0.9746225841864792, 0.61464256688967, 0.7107502893886641, 0.9746071545766941, 0.9906229564536918, 0.9859522589984384, 0.984717270967893, 0.9914197112117429, 0.9909479980881197, 0.9833581601850059, 0.9916558253648674, 0.9903178884883627, 0.9923872606390862, 0.9889580866900805, 0.9887937406595388, 0.9929776297751095, 0.9928064939907377, 0.9954360983207906, 0.9966765101693088, 0.9918177844827335, 0.9912811655856729, 0.9965270342380473, 0.9930107935809823, 0.9961381137487051, 0.9968724583003057, 0.9921928845794508, 0.9922902858121472, 0.9966467402070323, 0.9936016352316045, 0.9961203060862767, 0.9967385109418456, 0.992493071497626, 0.9925559004254775, 0.9966309998729506, 0.9918084802232257, 0.9962005871034157, 0.9967505078192996, 0.9924124522638249, 0.9924660004988635, 0.9967485562813373], "mean_train_roc_auc": [0.9929122435788849, 0.9888576697697744, 0.9811991594779915, 0.9933065757206516, 0.992800579288708, 0.9762492181222712, 0.9988291897177025, 0.9995483992550447, 0.9995546561425086, 0.9991730996163202, 0.9991691696342667, 0.9993494190144364, 0.9997017727791037, 0.9999587451777274, 0.9999827098919405, 0.9998242794008011, 0.9998212207634408, 0.9999849238097421, 0.9998947679059365, 0.9999981969441104, 0.9999997223618377, 0.9999518143609252, 0.9999534321874001, 0.999999761006273, 0.9999204848523034, 0.9999996878959039, 0.9999999511494191, 0.9999718436940641, 0.9999715598577066, 0.9999999380701304, 0.9999374471479789, 0.9999996871462622, 0.9999999563586504, 0.9999717378818229, 0.9999739596285133, 0.99999994763287, 0.9999264423754571, 0.9999997387577207, 0.999999946483594, 0.9999715934008431, 0.9999764724930532, 0.9999999345535842], "mean_fit_time": [1.3470396041870116, 2.4097714042663574, 3.423425121307373, 1.4924094295501709, 1.6040721893310548, 4.04429633140564, 3.376469078063965, 8.605736999511718, 14.51951198577881, 3.9899302768707274, 4.1331572914123536, 17.866958894729613, 3.2308659839630125, 9.23474690437317, 16.3395481300354, 4.180163459777832, 4.550075922012329, 20.841121110916138, 3.231746406555176, 9.29979263305664, 16.262051401138304, 4.377623996734619, 4.4781900405883786, 20.78565595626831, 3.29713565826416, 9.08817367553711, 16.122458848953247, 4.187640628814697, 4.436806936264038, 20.718137741088867, 3.2217734909057616, 8.961578969955445, 16.33762784957886, 4.470678663253784, 4.455982856750488, 20.558056650161742, 3.3017092037200926, 8.933930225372315, 16.13468717575073, 4.308385257720947, 4.43521897315979, 17.314087648391723], "mean_test_roc_auc": [0.9929490302568974, 0.9887716897030039, 0.9811096692478416, 0.9932410283079262, 0.9927578197461878, 0.9761232905565823, 0.9987592104155897, 0.999441553954228, 0.999420345058151, 0.9990896479710494, 0.9990887816496016, 0.9991693744012504, 0.9995836227830508, 0.9998179199843863, 0.9997804401976637, 0.999701014675924, 0.9997136360678073, 0.999650981478109, 0.9997459722294126, 0.9997789410568638, 0.9995438310829793, 0.9998097189331705, 0.9998452923114318, 0.999434310126898, 0.9997784122799562, 0.9997206837434722, 0.9994989103946141, 0.9998707636208329, 0.9998311258004461, 0.9993701423030882, 0.9997963305360623, 0.9997046064480158, 0.9993991334035826, 0.9997961914140222, 0.9998336445152993, 0.9993255775088576, 0.9997954276980437, 0.999696414658549, 0.9994651899568218, 0.9998252287822098, 0.99984227988957, 0.9993066119907889], "mean_score_time": [0.5663205051422119, 0.5339429378509521, 0.5877060413360595, 0.5491370773315429, 0.537886266708374, 0.5213639545440674, 0.5718148136138916, 0.5611931514739991, 0.5647726631164551, 0.5634166431427002, 0.5727859973907471, 0.5651980209350586, 0.5800044536590576, 0.5747005081176758, 0.5873019409179687, 0.5703656768798828, 0.5785033226013183, 0.5851577568054199, 0.5807070446014404, 0.5815694236755371, 0.5913303852081299, 0.5735339260101319, 0.588145637512207, 0.5863933944702149, 0.5798100185394287, 0.579238634109497, 0.5862508583068847, 0.5796258735656739, 0.583043909072876, 0.5929934310913086, 0.5777137279510498, 0.578764419555664, 0.5861253452301025, 0.5819677925109863, 0.5890466594696044, 0.5901279449462891, 0.5823589134216308, 0.5790912437438965, 0.5848394107818603, 0.5786512470245362, 0.5909086513519287, 0.3842779541015625], "mean_test_f1": [0.03315583486951819, 0.834910203554018, 0.8256045760301624, 0.21152075293282102, 0.39296036561530134, 0.8253065711590643, 0.9206449628879132, 0.966517240771557, 0.9635620472118259, 0.925127302582863, 0.9260353609709262, 0.9549495728969536, 0.9484616338707085, 0.9844325535954404, 0.988323795991735, 0.9760824380169788, 0.975421978928805, 0.9891746512246979, 0.9699922666028208, 0.9933794923939437, 0.9950060842916052, 0.9843483580802018, 0.9838411043528109, 0.9945738982382495, 0.9729313177599113, 0.9944042617451958, 0.9952526524291921, 0.9853744632116385, 0.9856284914568024, 0.994724041181335, 0.9736185058974246, 0.994573374585729, 0.9951821561259414, 0.9859021170689292, 0.986298331640474, 0.9947821216459289, 0.9773898162535526, 0.9945165697336089, 0.995070737843789, 0.9853958101033189, 0.9858723805505161, 0.9948315521835812],