{"mean_train_precision": [0.24033069117009603, 0.7370745252435049, 0.7226751710490364, 0.48735971491189756, 0.5782208131020891, 0.7222436872957906, 0.893288348175594, 0.9638989840356247, 0.9677499312359521, 0.9339897808101882, 0.9332906823994662, 0.9656816097580838, 0.9816383498428998, 0.9991594751888622, 0.999338283970765, 0.9894706687428055, 0.9888296591001481, 0.9996023312480479, 0.9996237172657192, 0.9999919914575309, 0.9999492756675751, 0.9999172375768274, 0.9999252495054691, 0.9999092308167197, 0.999967967966898, 0.9999813144698355, 0.9999706339186781, 0.9999839813114408, 0.9999786410358383, 0.9999145737645798, 0.9999893212306092, 0.9999813121537029, 0.9999652939996289, 0.9999919903882997, 0.9999786426393881, 0.9999145675287887, 0.999991990388371, 0.9999839822024075, 0.999967964048381, 0.9999759713434727, 0.9999813119754383, 0.9998985527596264], "mean_fit_time": [1.3796679782867431, 2.538822584152222, 3.684424514770508, 1.5722968006134033, 1.6730233573913573, 4.354967308044434, 3.549052219390869, 9.188303298950196, 15.339730958938599, 4.2364034080505375, 4.354325866699218, 18.36188257217407, 3.5238850784301756, 9.45931736946106, 16.25649826049805, 4.6393053150177, 4.738772869110107, 20.004063148498535, 3.324639444351196, 9.55970064163208, 15.90808500289917, 4.724985551834107, 4.6581090068817135, 19.52919892311096, 3.530322437286377, 9.839935703277588, 16.101578302383423, 4.668440380096436, 4.6560827827453615, 19.383940238952636, 3.406103963851929, 9.717246494293214, 16.254308385849, 4.5588483810424805, 4.635622673034668, 19.921380376815797, 3.3717735195159912, 9.689915256500244, 16.211810245513917, 4.5316042137145995, 4.752150220870972, 16.500398607254027], "mean_test_f1": [0.2548618526663843, 0.8394389659343956, 0.8303141935855946, 0.5294283912339048, 0.6315706505452386, 0.829935424667721, 0.939434727101815, 0.978245468123504, 0.9794817893346971, 0.9624607751072538, 0.9619107226599652, 0.9778293954846524, 0.9884330946739975, 0.9980830854220664, 0.9983078329160477, 0.9922287403334925, 0.992291690872428, 0.9981265974790604, 0.9980720812803129, 0.9987979541379983, 0.9986328797952844, 0.9983919891264228, 0.9983276784873227, 0.9982540120265767, 0.9983113064723508, 0.9987072999097658, 0.9985259453269579, 0.9984772109918784, 0.9985306072561358, 0.9982753378527884, 0.9983111098464374, 0.9988301509041271, 0.9986809376115411, 0.9983115517100668, 0.9984077750807643, 0.998328748789802, 0.9983805821624023, 0.9988141289409429, 0.998621994957639, 0.9985039108607783, 0.998461092257545, 0.9983021307644434], "mean_test_precision": [0.24041113341219575, 0.7367925839902799, 0.7224399282165772, 0.4866479642340213, 0.577593031514467, 0.7220270966934939, 0.8927577292645945, 0.9631628575986586, 0.966941250515317, 0.9339487673026224, 0.9329332097453334, 0.9648446730599199, 0.980603450658727, 0.9981748434949321, 0.99810040049637, 0.9874349814533475, 0.987314260244581, 0.9978022876641757, 0.9984091279919309, 0.999326902329939, 0.9987932978233882, 0.9989637652174006, 0.9989527923027687, 0.9983027055095082, 0.9991445772546802, 0.999166657357953, 0.9987716794265906, 0.9991769093170478, 0.9992303594156847, 0.9983345195970886, 0.9992833354634459, 0.9992842411102582, 0.9988894027572974, 0.9990274356290701, 0.9990808774301755, 0.9983879228905457, 0.9992729515590647, 0.9992413950157396, 0.9989318959508758, 0.9991878096352192, 0.9991662796730995, 0.9983027103365374], "mean_test_roc_auc": [0.9926563438931283, 0.9886316213317242, 0.9797446781964491, 0.9920957361393499, 0.9912535247914762, 0.977157545365759, 0.999294127989283, 0.9997318594386488, 0.9997350111560518, 0.9995377271960307, 0.9995385937486557, 0.9996825748820045, 0.9999242070808028, 0.9999509559851003, 0.9998935367401753, 0.9999165215088924, 0.9999319109390403, 0.9997884965918453, 0.9999100429609735, 0.9998784919760214, 0.9998358840197138, 0.9998818211968683, 0.999888665700023, 0.9997875096058942, 0.999867129911349, 0.999863553470837, 0.999866653703225, 0.9998935949041109, 0.9999207211748178, 0.9997871205492892, 0.9998894696816233, 0.9999059697321269, 0.9998449975042357, 0.9999040963080801, 0.9998674581179855, 0.9997433372329878, 0.9998341903981487, 0.9998784528996977, 0.9998506775374931, 0.9998824531004511, 0.9999080374268402, 0.9997612124051953], "mean_train_f1": [0.25477104323125277, 0.8397059228824123, 0.8305912084039295, 0.5300316886148128, 0.6320921763962428, 0.8301861179772572, 0.9400308220023567, 0.9789248144193471, 0.9802117747915705, 0.9628744413487786, 0.962436812141134, 0.9785553689007633, 0.9897505977181947, 0.9992913489995798, 0.9995315995100045, 0.9940514182195622, 0.9937451333412235, 0.9996743470592695, 0.9996783565361604, 0.9999159017070663, 0.9998958831576391, 0.9998518298038548, 0.99987986553813, 0.9998545022580829, 0.9999038888485572, 0.9999252487039381, 0.9999078938774418, 0.9999145675292052, 0.9998851978842603, 0.9998665169870748, 0.9998972110986775, 0.999917237845173, 0.9999052252543075, 0.99989454015895, 0.999897213771729, 0.9998558359017119, 0.9998932059811362, 0.999914567261808, 0.9999159045581715, 0.9998905399420431, 0.9998785205793052, 0.9998491626060084], "mean_test_balanced_accuracy": [0.6340360610016593, 0.9754635899421569, 0.9748959705675735, 0.7860641167634248, 0.8431512006412887, 0.9747194296488804, 0.9917489158244214, 0.9956169024190918, 0.9950062601988167, 0.9939779882108668, 0.9940133479025485, 0.9943231092569084, 0.9975089199148744, 0.998932245932841, 0.9991912380266348, 0.9980965764902721, 0.9982152560433825, 0.9991487214321384, 0.9988123454877049, 0.9991114921047093, 0.9991942154697273, 0.9988745241891916, 0.9988154212433052, 0.9990435187905162, 0.99871003992103, 0.9990951985360088, 0.9990973642674973, 0.9988606554895756, 0.9988892227361438, 0.9990499812095773, 0.9986454992402686, 0.9991633850224187, 0.9991975851296031, 0.9987646512367068, 0.9988359297374862, 0.9990785478981077, 0.9987198704123547, 0.9991672265155197, 0.9991189967897833, 0.9988823857617398, 0.9988496037783056, 0.9990915705840888], "mean_train_recall": [0.2710971703150027, 0.9755819540843567, 0.9764148424986654, 0.5822984516817938, 0.6991030432461293, 0.9760704751735184, 0.9926268019220502, 0.994522156967432, 0.9930379071009077, 0.9937132941804593, 0.9937453283502403, 0.9917805659369995, 0.9980058729311265, 0.9994233849439402, 0.9997250400427121, 0.9986865990389749, 0.9987213027229045, 0.9997463961558996, 0.9997330485851577, 0.9998398291510945, 0.999842498665243, 0.9997864388681259, 0.9998344901227977, 0.9997997864388681, 0.9998398291510945, 0.9998691938067271, 0.9998451681793914, 0.9998451681793914, 0.9997917778964228, 0.999818473037907, 0.9998051254671648, 0.9998531767218366, 0.9998451681793913, 0.9997971169247196, 0.9998158035237588, 0.9997971169247196, 0.9997944474105712, 0.9998451681793913, 0.9998638547784303, 0.9998051254671649, 0.9997757608115322, 0.9997997864388681], "mean_train_roc_auc": [0.9927116876417369, 0.9886060278554113, 0.979831859984634, 0.9920870638967949, 0.9913714301430508, 0.9773213471798655, 0.9993225001674122, 0.9998002170776146, 0.9998283737386201, 0.9995783635553376, 0.9995830197226383, 0.9998126744041747, 0.9999850630114382, 0.9999996848853908, 0.9999999026236285, 0.9999955297765273, 0.9999956628294497, 0.9999999281825792, 0.9999999685822213, 0.9999999988257373, 0.9999999973828935, 0.9999999914116364, 0.9999999911493022, 0.9999999940100096, 0.9999999977389215, 0.9999999991130566, 0.9999999972392329, 0.9999999988632137, 0.999999998282328, 0.9999999945346816, 0.9999999981011921, 0.9999999977264318, 0.9999999969331752, 0.9999999968956965, 0.9999999979512854, 0.999999994428496, 0.9999999984572184, 0.9999999987882616, 0.9999999983260506, 0.9999999977701486, 0.9999999984259883, 0.9999999935103228],