{"mean_score_time": [0.5129262924194335, 0.4829123592376709, 0.4851849937438965, 0.4709896373748779, 0.4675817680358887, 0.47578442573547364, 0.493999662399292, 0.48170424461364747, 0.47723002433776857, 0.4782153224945068, 0.4798449611663818, 0.47922834396362307, 0.47261465072631836, 0.4649988555908203, 0.4785261821746826, 0.4939442729949951, 0.4903025817871094, 0.47022706985473633, 0.4821163654327393, 0.4607497024536133, 0.47741089820861815, 0.4868729591369629, 0.48748723983764647, 0.47779457092285155, 0.4865294170379639, 0.4634944152832031, 0.48175312995910646, 0.49079902648925783, 0.49154560089111327, 0.47213234901428225, 0.4877110195159912, 0.46370426177978513, 0.47907114028930664, 0.4745096969604492, 0.4912069702148438, 0.46800768852233887, 0.4742800521850586, 0.4628501033782959, 0.4796341609954834, 0.4804720878601074, 0.49112706184387206, 0.3309573745727539], "mean_test_recall": [0.0, 0.0, 0.0, 0.0, 0.0, 0.0, 0.3999992341008919, 0.27999969364035676, 0.07999969364035675, 0.31999954046053514, 0.39999846820178375, 0.11999954046053514, 0.32000107225875135, 0.19999923410089188, 0.07999969364035675, 0.3999992341008919, 0.2799989277412486, 0.1599993872807135, 0.27999969364035676, 0.2, 0.11999954046053514, 0.4399998468201784, 0.2799989277412486, 0.11999954046053514, 0.23999908092107028, 0.2799989277412486, 0.19999923410089188, 0.32000030635964327, 0.43999908092107026, 0.039999846820178375, 0.32000107225875135, 0.2, 0.11999954046053514, 0.2799989277412486, 0.27999969364035676, 0.11999954046053514, 0.3599986213816054, 0.3599993872807135, 0.1599993872807135, 0.3600009190789297, 0.23999908092107028, 0.07999969364035675], "mean_test_roc_auc": [0.9995366221670943, 0.9993187196985369, 0.9790017079935648, 0.9994512227813267, 0.9990016313963016, 0.8391895100332301, 0.9599947917907407, 0.9999992340862265, 0.8999800862418919, 0.9999988511293398, 0.9999988511293402, 0.7999858306025251, 0.9599974724889473, 0.979990502667743, 0.8999842987749783, 0.9999980852155665, 0.9599924940494203, 0.7999820010336568, 0.9799973958917041, 0.9999934897329265, 0.9399833796740504, 0.9799977788559237, 0.9999988511293397, 0.8399818478538356, 0.9999950215604733, 0.9799966299852635, 0.9399833796813827, 0.9599970895247276, 0.9999980852155667, 0.7999877453869577, 0.9999988511293398, 0.9999954045173601, 0.919982690357519, 0.9999992340862268, 0.9799981618128099, 0.8399810819400617, 0.9999969363449067, 0.9399941024595448, 0.899984681731865, 0.9999977022586801, 0.9799977788559237, 0.839981847846503], "mean_train_balanced_accuracy": [0.5, 0.5, 0.5, 0.5, 0.5, 0.5, 0.985, 0.985, 0.925, 0.955, 0.975, 0.9, 0.945, 0.955, 0.915, 0.965, 0.955, 0.885, 0.98, 0.94, 0.925, 0.975, 0.965, 0.865, 0.975, 0.975, 0.93, 0.945, 0.98, 0.89, 0.955, 0.93, 0.925, 0.97, 0.97, 0.905, 0.93, 0.955, 0.93, 0.96, 0.965, 0.88], "mean_fit_time": [1.1214643287658692, 2.2216901874542234, 3.1716114711761474, 1.347006206512451, 1.4127230262756347, 3.695182342529297, 1.4065322494506836, 2.771944131851196, 4.466944532394409, 1.649996042251587, 1.7238308143615724, 5.553434619903564, 1.3960793495178223, 2.7777633476257324, 4.422844486236572, 1.5931331062316894, 1.7606883716583253, 5.6531666660308835, 1.2666402435302735, 2.740799655914307, 4.474235734939575, 1.5798351669311523, 1.7543956184387206, 5.663733224868775, 1.385596513748169, 2.7792597675323485, 4.57299765586853, 1.6512741470336914, 1.7327206230163574, 5.753262329101562, 1.3707906818389892, 2.7971092224121095, 4.518517475128174, 1.617559003829956, 1.792924690246582, 5.862485685348511, 1.2832690620422362, 2.797956762313843, 4.5661419486999515, 1.6088948249816895, 1.7721037578582763, 4.850340538024902], "mean_test_precision": [0.0, 0.0, 0.0, 0.0, 0.0, 0.0, 0.3999992341008919, 0.27999969364035676, 0.07999969364035675, 0.31999954046053514, 0.39999846820178375, 0.11999954046053514, 0.32000107225875135, 0.19999923410089188, 0.07999969364035675, 0.3999992341008919, 0.2799989277412486, 0.1399994638706243, 0.27999969364035676, 0.2, 0.09999961705044594, 0.4399998468201784, 0.2799989277412486, 0.11999954046053514, 0.23999908092107028, 0.2799989277412486, 0.1799993106908027, 0.32000030635964327, 0.43999908092107026, 0.039999846820178375, 0.32000107225875135, 0.2, 0.09999961705044594, 0.2799989277412486, 0.27999969364035676, 0.09999961705044594, 0.3599986213816054, 0.3599993872807135, 0.1599993872807135, 0.3600009190789297, 0.23999908092107028, 0.05999977023026757], "mean_train_f1": [0.0, 0.0, 0.0, 0.0, 0.0, 0.0, 0.9828571428571429, 0.9828571428571429, 0.9055238095238094, 0.9417142857142857, 0.9714285714285715, 0.8819047619047619, 0.9333333333333335, 0.9417142857142857, 0.8921904761904763, 0.9561904761904763, 0.9466666666666668, 0.8472380952380952, 0.9752380952380952, 0.9295238095238095, 0.9104761904761905, 0.9714285714285715, 0.96, 0.8205714285714285, 0.9714285714285715, 0.9714285714285715, 0.9180952380952381, 0.9264761904761906, 0.9771428571428572, 0.8609523809523809, 0.9447619047619048, 0.9024761904761905, 0.9085714285714286, 0.9638095238095238, 0.9657142857142857, 0.8788571428571429, 0.9112380952380952, 0.9428571428571427, 0.9142857142857143, 0.9523809523809526, 0.9531428571428572, 0.8464761904761905], "mean_train_roc_auc": [0.9998727147494166, 0.9997470569789141, 0.9994282693077978, 0.9998200821170881, 0.9997843712739035, 0.9944122329108283, 1.0, 1.0, 0.9999999521304349, 1.0, 1.0, 0.9999999281955378, 1.0, 1.0, 0.9999998803260874, 1.0, 1.0, 0.9999998803258583, 1.0, 1.0, 1.0, 1.0, 1.0, 0.9999999042606409, 1.0, 1.0, 0.9999999281956525, 1.0, 1.0, 0.9999997845869575, 1.0, 1.0, 0.9999999281956525, 1.0, 1.0, 0.9999999281956525, 1.0, 1.0, 1.0, 1.0, 1.0, 0.9999999281956525], "mean_train_recall": [0.0, 0.0, 0.0, 0.0, 0.0, 0.0, 0.97, 0.97, 0.85, 0.91, 0.95, 0.8, 0.89, 0.91, 0.83, 0.93, 0.91, 0.77, 0.96, 0.88, 0.85, 0.95, 0.93, 0.73, 0.95, 0.95, 0.86, 0.89, 0.96, 0.78, 0.91, 0.86, 0.85, 0.94, 0.94, 0.81, 0.86, 0.91, 0.86, 0.92, 0.93, 0.76], "mean_test_balanced_accuracy": [0.5, 0.5, 0.5, 0.5, 0.5, 0.5, 0.699999617050446, 0.6399998468201784, 0.5399986979495183, 0.6599997702302676, 0.6999992341008919, 0.5599982384027206, 0.6600005361293757, 0.5999996170504459, 0.539998697949518, 0.699999617050446, 0.6399994638706243, 0.5799985447696965, 0.6399998468201784, 0.5999996170431132, 0.5599982384027206, 0.7199999234100892, 0.6399994638706243, 0.5599982384027206, 0.6199995404605352, 0.6399990809137376, 0.5999988511366724, 0.6600001531798216, 0.7199995404605352, 0.5199987745394289, 0.6600005361293757, 0.6, 0.5599986213596072, 0.6399994638706243, 0.6399998468201784, 0.5599982384027207, 0.6799993106908027, 0.6799996936403567, 0.5799996936403568, 0.6800004595394649, 0.6199995404605352, 0.5399983149926314], "mean_train_precision": [0.0, 0.0, 0.0, 0.0, 0.0, 0.0, 1.0, 1.0, 1.0, 1.0, 1.0, 1.0, 1.0, 1.0, 1.0, 1.0, 1.0, 1.0, 1.0, 1.0, 1.0, 1.0, 1.0, 1.0, 1.0, 1.0, 1.0, 1.0, 1.0, 1.0, 1.0, 1.0, 1.0, 1.0, 1.0, 1.0, 1.0, 1.0, 1.0, 1.0, 1.0, 1.0], "mean_test_f1": [0.0, 0.0, 0.0, 0.0, 0.0, 0.0, 0.3999992341008919, 0.27999969364035676, 0.07999969364035675, 0.31999954046053514, 0.39999846820178375, 0.11999954046053514, 0.32000107225875135, 0.19999923410089188, 0.07999969364035675, 0.3999992341008919, 0.2799989277412486, 0.1466661050073207, 0.27999969364035676, 0.2, 0.10666625818714233, 0.4399998468201784, 0.2799989277412486, 0.11999954046053514, 0.23999908092107028, 0.2799989277412486, 0.1866659518274991, 0.32000030635964327, 0.43999908092107026, 0.039999846820178375, 0.32000107225875135, 0.2, 0.10666625818714233, 0.2799989277412486, 0.27999969364035676, 0.10666625818714233, 0.3599986213816054, 0.3599993872807135, 0.1599993872807135, 0.3600009190789297, 0.23999908092107028, 0.06666641136696395], "params": [{"max_depth": 1, "max_features": 2}, {"max_depth": 1, "max_features": 7}, {"max_depth": 1, "max_features": 12}, {"max_depth": 1, "max_features": "sqrt"}, {"max_depth": 1, "max_features": "log2"}, {"max_depth": 1, "max_features": null}, {"max_depth": 6, "max_features": 2}, {"max_depth": 6,