{"mean_test_roc_auc": [0.9993547176458506, 0.9996878901373151, 0.9794551289400988, 0.999826137573444, 0.9997346108774905, 0.7996637638387994, 0.9199842221924006, 0.9999946386035863, 0.9399875922071359, 0.9999969363449062, 1.0, 0.739989506984237, 0.9999977022586799, 0.9999957874742462, 0.8799882049337547, 0.9599990043164944, 0.9999996170431134, 0.7799901196961906, 0.9999996170431132, 0.9999954045173601, 0.8799878219842004, 0.9999973193017934, 0.9999977022586798, 0.7599921110778679, 0.9799996936403568, 0.9799924174595099, 0.8799851412786617, 0.9999973193017929, 0.9999984681724533, 0.7399921876824439, 0.9999965533880202, 0.9599932599631935, 0.9399868262860296, 0.9799931833732823, 0.999998468172453, 0.7799928003943978, 0.9799947151934968, 0.9999980852155661, 0.8999846817391968, 0.9999992340862265, 0.9599967065751741, 0.7599924940420868], "mean_train_precision": [0.0, 0.0, 0.0, 0.0, 0.0, 0.0, 1.0, 1.0, 1.0, 1.0, 1.0, 1.0, 1.0, 1.0, 1.0, 1.0, 1.0, 1.0, 1.0, 1.0, 1.0, 1.0, 1.0, 1.0, 1.0, 1.0, 1.0, 1.0, 1.0, 0.992, 1.0, 0.99, 1.0, 1.0, 1.0, 0.992, 1.0, 1.0, 1.0, 1.0, 1.0, 0.992], "mean_test_recall": [0.0, 0.0, 0.0, 0.0, 0.0, 0.0, 0.4399998468201784, 0.4, 0.4, 0.3999992341008919, 0.4399998468201784, 0.3599993872807135, 0.4799996936403568, 0.4399998468201784, 0.4, 0.4799996936403568, 0.4399998468201784, 0.4, 0.4, 0.4799996936403568, 0.4, 0.47999892774124864, 0.4, 0.4, 0.32000030635964327, 0.4, 0.4, 0.4399998468201784, 0.5199995404605351, 0.4, 0.5199995404605351, 0.4, 0.4, 0.5199995404605351, 0.4799996936403568, 0.4, 0.36000015317982165, 0.4, 0.4, 0.5199995404605351, 0.4399998468201784, 0.4], "mean_train_balanced_accuracy": [0.5, 0.5, 0.5, 0.5, 0.5, 0.5, 0.965, 0.975, 0.955, 0.97, 0.985, 0.93, 0.975, 0.95, 0.905, 0.975, 0.965, 0.875, 0.965, 0.97, 0.955, 0.965, 0.965, 0.905, 0.965, 0.97, 0.925, 0.965, 0.985, 0.90999990426087, 0.97, 0.94999990426087, 0.94, 0.99, 0.965, 0.88999990426087, 0.965, 0.975, 0.95, 0.975, 0.98, 0.90999990426087], "mean_test_precision": [0.0, 0.0, 0.0, 0.0, 0.0, 0.0, 0.4399998468201784, 0.4, 0.3800000765899108, 0.3999992341008919, 0.4399998468201784, 0.3599993872807135, 0.4799996936403568, 0.4399998468201784, 0.37333343545321446, 0.4799996936403568, 0.4399998468201784, 0.4, 0.4, 0.4799996936403568, 0.4, 0.47999892774124864, 0.4, 0.4, 0.32000030635964327, 0.4, 0.4, 0.4399998468201784, 0.5199995404605351, 0.37333343545321446, 0.5199995404605351, 0.4, 0.3800000765899108, 0.5199995404605351, 0.4799996936403568, 0.4, 0.36000015317982165, 0.4, 0.3800000765899108, 0.5199995404605351, 0.4399998468201784, 0.37333343545321446], "mean_score_time": [0.5125052452087402, 0.4782596206665039, 0.5235408878326416, 0.5012999248504638, 0.48254396438598635, 0.4734083843231201, 0.48890831947326663, 0.47733407020568847, 0.4775356388092041, 0.4853703784942627, 0.49492919921875, 0.4798271560668945, 0.4859558868408203, 0.4826674461364746, 0.47815231323242186, 0.486952600479126, 0.4886509990692139, 0.47099157333374025, 0.47542073249816896, 0.47936917304992677, 0.4854615592956543, 0.48635746955871584, 0.4983059406280518, 0.48143333435058594, 0.49447991371154787, 0.47276436805725097, 0.4773408317565918, 0.48141356468200686, 0.49518474578857424, 0.47608826637268065, 0.4969194030761719, 0.46651358604431153, 0.47357458114624024, 0.4864613151550293, 0.4892977237701416, 0.4714370632171631, 0.48387823104858396, 0.4609650897979736, 0.4788315677642822, 0.4856200885772705, 0.49613609313964846, 0.346931619644165], "mean_test_f1": [0.0, 0.0, 0.0, 0.0, 0.0, 0.0, 0.4399998468201784, 0.4, 0.3866667177266072, 0.3999992341008919, 0.4399998468201784, 0.3599993872807135, 0.4799996936403568, 0.4399998468201784, 0.3800000765899108, 0.4799996936403568, 0.4399998468201784, 0.4, 0.4, 0.4799996936403568, 0.4, 0.47999892774124864, 0.4, 0.4, 0.32000030635964327, 0.4, 0.4, 0.4399998468201784, 0.5199995404605351, 0.3800000765899108, 0.5199995404605351, 0.4, 0.3866667177266072, 0.5199995404605351, 0.4799996936403568, 0.4, 0.36000015317982165, 0.4, 0.3866667177266072, 0.5199995404605351, 0.4399998468201784, 0.3800000765899108], "mean_fit_time": [1.1248530864715576, 2.169768533706665, 3.1206362533569334, 1.3095498561859131, 1.3754468441009522, 3.736545972824097, 1.3622385215759278, 2.4824522304534913, 4.111076803207397, 1.6105701923370361, 1.6517442893981933, 4.9685197353363035, 1.452161111831665, 2.515673713684082, 4.103760585784912, 1.5677732181549073, 1.6099252319335937, 4.820277795791626, 1.3744590282440186, 2.5390287590026857, 4.093999519348144, 1.5986236286163331, 1.598605375289917, 5.094540176391601, 1.357333927154541, 2.577180919647217, 3.984837169647217, 1.6128205394744872, 1.5863672065734864, 5.139571838378906, 1.2744102001190185, 2.5473417949676516, 4.10080885887146, 1.5096783924102783, 1.6516908454895018, 5.0964374828338626, 1.234904546737671, 2.5735257148742674, 4.040207605361939, 1.5738177871704102, 1.6424975872039795, 4.531537189483642], "mean_test_balanced_accuracy": [0.5, 0.5, 0.5, 0.5, 0.5, 0.5, 0.7199999234100892, 0.7, 0.699998468172453, 0.699999617050446, 0.7199999234100892, 0.679997778855923, 0.7399998468201784, 0.7199999234100892, 0.6999969363449061, 0.7399998468201784, 0.7199999234100892, 0.699998468172453, 0.7, 0.7399994638632916, 0.7, 0.7399994638706243, 0.7, 0.6999977022586795, 0.6600001531798216, 0.7, 0.6999980852155663, 0.7199999234100892, 0.7599997702302675, 0.6999973193017928, 0.7599997702302675, 0.6999992340862264, 0.6999977022586795, 0.7599997702302675, 0.7399998468201784, 0.6999973193017928, 0.679999693633024, 0.7, 0.6999973193017928, 0.7599997702302675, 0.7199999234100892, 0.6999973193017928], "mean_train_f1": [0.0, 0.0, 0.0, 0.0, 0.0, 0.0, 0.96, 0.9714285714285715, 0.9485714285714286, 0.9638095238095238, 0.9828571428571429, 0.9142857142857143, 0.9714285714285715, 0.9390476190476191, 0.8838095238095238, 0.9695238095238095, 0.9580952380952381, 0.8407619047619047, 0.96, 0.9657142857142857, 0.9485714285714286, 0.9580952380952381, 0.9580952380952381, 0.8819047619047619, 0.9600000000000002, 0.9657142857142859, 0.9085714285714286, 0.96, 0.9828571428571428, 0.885079365079365, 0.9657142857142859, 0.9347619047619048, 0.9276190476190478, 0.9885714285714287, 0.9580952380952381, 0.8546031746031746, 0.9580952380952382, 0.9714285714285714, 0.940952380952381, 0.9714285714285715, 0.9771428571428572, 0.8850793650793652], "mean_train_roc_auc": [0.9999063671062082, 0.9998785787453508, 0.9997480144029828, 0.999944686638002, 0.9987336584603329, 0.9996952381385857, 1.0, 1.0, 0.9999999760651029, 1.0, 1.0, 0.9999999760652174, 1.0, 1.0, 0.9999999521304349, 1.0, 1.0, 0.9999999042608699, 1.0, 1.0, 0.9999999760652174, 1.0, 1.0, 1.0, 1.0, 1.0, 1.0, 1.0, 1.0, 0.9999999281955378, 1.0, 0.9999999521304349, 0.9999999760652174, 1.0, 1.0, 1.0, 1.0, 1.0, 0.9999999281956525, 1.0, 1.0, 0.9999999042608699], "mean_train_recall": [0.0, 0.0, 0.0, 0.0, 0.0, 0.0, 0.93, 0.95, 0.91, 0.94, 0.97, 0.86, 0.95, 0.9, 0.81, 0.95, 0.93, 0.75, 0.93, 0.94, 0.91, 0.93, 0.93, 0.81, 0.93, 0.94, 0.85, 0.93, 0.97, 0.82, 0.94, 0.9, 0.88, 0.98, 0.93, 0.78, 0.93, 0.95, 0.9, 0.95, 0.96, 0.82], "params": [{"max_depth": 1, "max_features": 2}, {"max_depth": 1, "max_features": 7}, {"max_depth": 1, "max_features": 12}, {"max_depth": 1, "max_features": "sqrt"}, {"max_depth": 1, "max_features": "log2"}, {"max_depth": 1, "max_features": null}, {"max_depth": 6, "max_features": 2}, {"max_depth": 6, "max_features": 7}, {"max_depth": 6, "max_features": 12}, {"max_depth": 6, "max_features": "sqrt"}, {"max_depth": 6, "max_features": "log2"}, {"max_depth": 6, "max_features": null}, {"max_depth": 11, "max_features": 2}, {"max_depth": 11, "max_features": 7}, {"max_depth": 11, "max_features": 12}, {"max_depth": 11, "max_features": "sqrt"}, {"max_depth": 11, "max_features": "log2"}, {"max_depth": 11, "max_features": null}, {"max_depth": 16, "max_features": 2}, {"max_depth": 16, "max_features": 7}, {"max_depth": 16, "max_features": 12}, {"max_depth": 16, "max_features": "sqrt"}, {"max_depth": 16, "max_features": "log2"}, {"max_depth": 16,