{"mean_score_time": [0.5054908752441406, 0.46305328369140625, 0.4909824275970459, 0.4698508930206299, 0.4732752513885498, 0.4789888858795166, 0.487386531829834, 0.49235547065734864, 0.4698439121246338, 0.49806225776672364, 0.4916227149963379, 0.48782148361206057, 0.4958262252807617, 0.46894546508789064, 0.47609141349792483, 0.49105199813842776, 0.49027888298034666, 0.4774729633331299, 0.49048336029052736, 0.4828684425354004, 0.48450403213500975, 0.4998850631713867, 0.4923899745941162, 0.48284170150756833, 0.4882365608215332, 0.4960867691040039, 0.4858925437927246, 0.48361451148986817, 0.5068008804321289, 0.47924495697021485, 0.4845228099822998, 0.48177997589111327, 0.48274885177612303, 0.49992587089538576, 0.4912446403503418, 0.47002544403076174, 0.4802005672454834, 0.4707438373565674, 0.4850798225402832, 0.5035374069213867, 0.48530652046203615, 0.37014127731323243], "mean_train_precision": [0.0, 0.0, 0.02, 0.0, 0.0, 0.08, 1.0, 1.0, 1.0, 1.0, 1.0, 1.0, 1.0, 1.0, 1.0, 1.0, 1.0, 0.992, 1.0, 1.0, 1.0, 1.0, 1.0, 1.0, 1.0, 1.0, 1.0, 1.0, 1.0, 0.99, 1.0, 1.0, 1.0, 1.0, 1.0, 1.0, 1.0, 1.0, 1.0, 1.0, 1.0, 0.99], "mean_test_f1": [0.0, 0.0, 0.0, 0.0, 0.0, 0.0, 0.4799996936403568, 0.5359994791886065, 0.3466661050073207, 0.47999892774124864, 0.47999892774124864, 0.1399999744700297, 0.4399998468201784, 0.5199995404605351, 0.3066662581871423, 0.48000045953946485, 0.39999846820178375, 0.1533327461440171, 0.4000007658991081, 0.3866656965277964, 0.21599993872807136, 0.5199995404605351, 0.5199987745614271, 0.09599963236842811, 0.43999908092107026, 0.47999892774124864, 0.13600024508771458, 0.5999992341008918, 0.4399998468201784, 0.13333333333333333, 0.3599993872807135, 0.47999892774124864, 0.21599917282896325, 0.47999892774124864, 0.5999992341008918, 0.039999846820178375, 0.31999954046053514, 0.3599993872807135, 0.16000015317982164, 0.5999992341008918, 0.4399998468201784, 0.04666648795687477], "mean_test_roc_auc": [0.9998089045135248, 0.999758354204482, 0.9994841570736023, 0.9998686457878547, 0.9993060821214301, 0.7797538353117536, 0.979995481114603, 0.9999977022586798, 0.9199811585153076, 0.97999701294215, 0.9999996170431132, 0.7799828435373415, 0.9999973193017931, 0.9999980852155665, 0.8999842987676445, 0.9999980852155663, 0.9999980852155665, 0.7599787076014987, 0.9999988511293397, 0.9799939492797232, 0.9399833796813821, 0.9999992340862265, 1.0, 0.7199815414795272, 0.999996936344906, 0.9999977022586796, 0.9799836094511156, 0.9999965533880194, 0.9999961704311326, 0.7799813117097946, 0.9799977788485905, 0.9599959406614009, 0.8799828435446744, 0.9799977788485905, 0.9999973193017934, 0.7399791671409637, 0.9599963236256206, 0.9999946386035863, 0.8999858305951918, 0.9999988511293398, 0.9999973193017928, 0.739978784198742], "mean_train_recall": [0.0, 0.0, 0.01, 0.0, 0.0, 0.03, 0.97, 0.98, 0.84, 0.96, 0.94, 0.83, 0.98, 0.97, 0.89, 0.94, 0.92, 0.88, 0.95, 0.95, 0.84, 0.88, 0.96, 0.82, 0.93, 0.93, 0.87, 0.98, 0.93, 0.77, 0.96, 0.96, 0.83, 0.96, 0.97, 0.77, 0.94, 0.92, 0.87, 0.97, 0.96, 0.76], "mean_test_recall": [0.0, 0.0, 0.0, 0.0, 0.0, 0.0, 0.4799996936403568, 0.5599993872807135, 0.3599993872807135, 0.47999892774124864, 0.47999892774124864, 0.2, 0.4399998468201784, 0.5199995404605351, 0.31999954046053514, 0.48000045953946485, 0.39999846820178375, 0.19999923410089188, 0.4000007658991081, 0.3999992341008919, 0.2399998468201784, 0.5199995404605351, 0.5199987745614271, 0.11999954046053514, 0.43999908092107026, 0.47999892774124864, 0.16000015317982164, 0.5999992341008918, 0.4399998468201784, 0.16000015317982164, 0.3599993872807135, 0.47999892774124864, 0.23999908092107028, 0.47999892774124864, 0.5999992341008918, 0.039999846820178375, 0.31999954046053514, 0.3599993872807135, 0.16000015317982164, 0.5999992341008918, 0.4399998468201784, 0.07999969364035675], "mean_test_balanced_accuracy": [0.5, 0.5, 0.4999992340862265, 0.5, 0.5, 0.4999973193017928, 0.7399998468201784, 0.7799985447696965, 0.6799977788559232, 0.7399994638706243, 0.7399994638706243, 0.5999957874742461, 0.7199999234100892, 0.7599997702302675, 0.6599982384027205, 0.7400002297697325, 0.6999992341008919, 0.5999961704384655, 0.700000382949554, 0.6999992340935594, 0.6199980086256555, 0.7599997702302675, 0.7599993872807135, 0.5599959406614003, 0.7199995404605352, 0.7399994638706243, 0.579998161805477, 0.799999617050446, 0.7199999234100892, 0.5799970129348172, 0.6799996936403567, 0.7399994638706243, 0.6199972427192149, 0.7399994638706243, 0.799999617050446, 0.5199976256687691, 0.6599997702302676, 0.6799996936403567, 0.5799989277192505, 0.799999617050446, 0.7199999234100892, 0.539996017251311], "mean_fit_time": [1.0670044612884522, 2.010753803253174, 2.7954393291473387, 1.3540491580963134, 1.3610575580596924, 3.3381028175354004, 1.409761257171631, 2.3989407920837404, 4.171981353759765, 1.6054565334320068, 1.5903615951538086, 5.437521734237671, 1.3411419868469239, 2.6202356815338135, 4.151286926269531, 1.5639068794250488, 1.5783713531494141, 5.479827814102173, 1.3667563533782958, 2.4729780197143554, 3.954103889465332, 1.6043465423583985, 1.5750131225585937, 5.461749124526977, 1.3531950283050538, 2.3980006790161132, 4.293399715423584, 1.5998021316528321, 1.6279146671295166, 5.424147281646729, 1.3272947883605957, 2.5089028549194334, 4.203274526596069, 1.5268389987945556, 1.551046199798584, 5.3608131599426265, 1.3514250469207765, 2.4394282627105714, 4.239205455780029, 1.539261484146118, 1.558167200088501, 4.637580699920655], "mean_train_f1": [0.0, 0.0, 0.013333333333333332, 0.0, 0.0, 0.042666666666666665, 0.9828571428571429, 0.9885714285714287, 0.9009523809523811, 0.9771428571428572, 0.9657142857142859, 0.894095238095238, 0.9885714285714287, 0.9828571428571428, 0.9333333333333335, 0.9638095238095239, 0.9523809523809524, 0.9269841269841269, 0.9695238095238095, 0.9695238095238097, 0.8998095238095237, 0.9295238095238095, 0.9771428571428572, 0.8895238095238096, 0.96, 0.9580952380952381, 0.9238095238095237, 0.9885714285714287, 0.9580952380952381, 0.8517142857142858, 0.9752380952380952, 0.9771428571428572, 0.899047619047619, 0.9771428571428572, 0.9828571428571429, 0.8502857142857142, 0.9638095238095238, 0.9504761904761904, 0.9238095238095237, 0.9828571428571429, 0.9752380952380953, 0.8372380952380952], "mean_train_roc_auc": [0.9999303257803004, 0.9998836050446355, 0.9997653430901895, 0.9999523936911313, 0.9999206561165965, 0.9697973200446305, 1.0, 1.0, 0.9999998324565225, 1.0, 1.0, 0.9999999760652174, 1.0, 1.0, 0.9999998803260874, 1.0, 1.0, 0.9999999521303203, 1.0, 1.0, 1.0, 1.0, 1.0, 0.999999952130435, 1.0, 1.0, 1.0, 1.0, 1.0, 0.9999998085216254, 1.0, 1.0, 0.9999999281954233, 1.0, 1.0, 0.9999998803259729, 1.0, 1.0, 1.0, 1.0, 1.0, 0.9999999281956525], "mean_test_precision": [0.0, 0.0, 0.0, 0.0, 0.0, 0.0, 0.4799996936403568, 0.5299995021655798, 0.3399994638706243, 0.47999892774124864, 0.47999892774124864, 0.11333328227339279, 0.4399998468201784, 0.5199995404605351, 0.2999996170504459, 0.48000045953946485, 0.39999846820178375, 0.1333328227339279, 0.4000007658991081, 0.37999892774124866, 0.2099999617050446, 0.5199995404605351, 0.5199987745614271, 0.08999965534540134, 0.43999908092107026, 0.47999892774124864, 0.13000026806468784, 0.5999992341008918, 0.4399998468201784, 0.1199999234100892, 0.3599993872807135, 0.47999892774124864, 0.20999919580593648, 0.47999892774124864, 0.5999992341008918, 0.039999846820178375, 0.31999954046053514, 0.3599993872807135, 0.16000015317982164, 0.5999992341008918, 0.4399998468201784, 0.03333320568348198], "mean_train_balanced_accuracy": [0.5, 0.5, 0.5049999042608699, 0.5, 0.5, 0.51499980852174, 0.985, 0.99, 0.92, 0.98, 0.97, 0.915, 0.99, 0.985, 0.945, 0.97, 0.96, 0.93999990426087, 0.975, 0.975, 0.92, 0.94, 0.98, 0.91, 0.965, 0.965, 0.935, 0.99, 0.965, 0.8849999042608699, 0.98, 0.98, 0.915, 0.98, 0.985, 0.885, 0.97, 0.96, 0.935, 0.985, 0.98, 0.8799999042608699], "params": [{"max_depth": 1, "max_features": 2}, {"max_depth": 1, "max_features": 7}, {"max_depth": 1, "max_features": 12}, {"max_depth": 1,