{"mean_score_time": [0.3802536106109619, 0.3604891777038574, 0.39244654655456546, 0.3728169059753418, 0.3632448673248291, 0.3720502185821533, 0.38095648765563966, 0.3861754322052002, 0.36872196197509766, 0.38109066963195803, 0.37579219818115234, 0.3674743938446045, 0.3783692741394043, 0.37796099662780763, 0.37278448104858397, 0.3903091526031494, 0.3813753604888916, 0.362783203125, 0.3732231616973877, 0.3704950141906738, 0.37139824867248533, 0.3893764495849609, 0.3881828498840332, 0.367895565032959, 0.3855708503723145, 0.37738512992858886, 0.3701153182983398, 0.3802004909515381, 0.378591833114624, 0.3638629055023193, 0.38058063507080075, 0.3778004455566406, 0.36729040145874026, 0.3814387893676758, 0.3810929298400879, 0.36005420684814454, 0.3649099349975586, 0.3666475582122803, 0.37520703315734866, 0.3770091438293457, 0.3713028907775879, 0.2999993896484375], "mean_train_precision": [0.034667774086378736, 0.8838307778610351, 0.885313445206763, 0.49817039026080046, 0.3444075613928914, 0.885313445206763, 0.9999042420707629, 0.9999616858237548, 0.9999233899884268, 1.0, 0.9999808429118774, 0.9999233899884268, 0.999980852082336, 1.0, 0.9999616858237548, 0.9999808429118774, 1.0, 0.9998276228887312, 1.0, 1.0, 0.9999616858237548, 1.0, 0.9999808429118774, 0.9999425287356322, 0.9999617041646721, 1.0, 0.9999233716475096, 1.0, 0.9999808429118774, 0.9999042237298456, 0.999980852082336, 1.0, 1.0, 1.0, 1.0, 0.9999425287356322, 1.0, 1.0, 1.0, 1.0, 0.9999808429118774, 0.9998659187240589], "mean_test_precision": [0.03462738821774165, 0.8838131781735533, 0.8854085922932745, 0.49811814116548836, 0.3444315512151445, 0.8854085922932745, 0.9993132586104828, 0.9993126725843767, 0.9990826568399737, 0.9993897416002168, 0.9990838173357468, 0.9990066171824571, 0.9993132586104828, 0.9992360469301085, 0.9992353308996333, 0.9992372102050915, 0.9993123891826095, 0.9990060331019798, 0.9993129732814141, 0.9993898842647511, 0.9992350378687286, 0.9993895989356824, 0.999313118717788, 0.999082658756248, 0.9993897377456137, 0.9990076204949718, 0.9991591417459817, 0.9993897416002168, 0.999465785082982, 0.9989298420320539, 0.9993132547558798, 0.9991594212758402, 0.9989298420320539, 0.9993897416002168, 0.999237067540557, 0.9990067579380172, 0.999083958896555, 0.9993122446264768, 0.9990832428367253, 0.9994663672544851, 0.9993135486029895, 0.9987005425736292], "mean_train_recall": [0.04, 1.0, 1.0, 0.52, 0.36, 1.0, 1.0, 1.0, 1.0, 1.0, 1.0, 1.0, 1.0, 0.9999808337326306, 1.0, 1.0, 1.0, 1.0, 0.9999808429118774, 1.0, 1.0, 1.0, 1.0, 1.0, 1.0, 1.0, 1.0, 1.0, 0.9999808337326306, 1.0, 0.9999808337326306, 0.9999808429118774, 1.0, 1.0, 1.0, 1.0, 1.0, 1.0, 1.0, 1.0, 0.9999808337326306, 1.0], "mean_test_roc_auc": [0.999977866807799, 0.9999209325658156, 0.9992634613898285, 0.9999809051120823, 0.9999830635126749, 0.999138581487467, 0.9999999960941175, 0.9999999970705878, 0.9999994873529202, 0.999999999023529, 0.9999999951176455, 0.9999969378130728, 0.9999989747058423, 0.9999999980470587, 0.9999984679174164, 0.9999999970705874, 0.9999999980470581, 0.9999974436378471, 0.9999999941411764, 0.9999999951176466, 0.9999999941411749, 0.9999989786117248, 1.0, 0.9999959213198012, 0.9999999951176469, 0.9999999970705882, 0.9999994805176258, 1.0, 0.9999999990235294, 0.9999964300609973, 0.9999989756823127, 0.9999999882768023, 0.9999989776479032, 0.9999999990235294, 0.999998975682313, 0.9999959164300481, 0.9999999980470584, 0.999999485412629, 0.9999989659302545, 0.9999979572234498, 0.9999989756823124, 0.9999964281080558], "mean_test_f1": [0.03712056016941905, 0.9382903085037559, 0.9391948635822877, 0.5084573821720314, 0.3518039416208819, 0.9391948635822877, 0.9995791633901301, 0.9995790877974767, 0.9995406702832972, 0.9996173687659935, 0.9994258364075234, 0.9995024688120234, 0.9995407401513904, 0.9995406655233118, 0.999617153273031, 0.9995410299608257, 0.9995788740693816, 0.9995023216837552, 0.9995023174693108, 0.999579160496406, 0.999540452363632, 0.9995405952805797, 0.9996174429311426, 0.9995406712441849, 0.9996175120562915, 0.9994644757089314, 0.9995789493337838, 0.9996173687659935, 0.9996555721572072, 0.9994641167836202, 0.9995408834416882, 0.999463965437878, 0.9994641167836202, 0.9995790172764146, 0.9994641837616765, 0.9995025393238017, 0.9993875561116481, 0.9995404498087189, 0.999540818372453, 0.9996557900755837, 0.999579309083458, 0.9993492849864736], "mean_fit_time": [0.8047688865661621, 1.4186540126800538, 2.070021562576294, 0.9697920513153077, 0.950422945022583, 2.398709545135498, 1.0429072856903077, 1.4408456039428712, 2.0453942012786865, 1.1425310134887696, 1.0815303897857667, 2.4247706031799314, 1.030572919845581, 1.4689501094818116, 2.0635721588134768, 1.057528305053711, 1.0507742023468019, 2.4204082775115965, 1.0908734893798828, 1.4460890483856201, 2.0255681228637696, 1.069123764038086, 1.1276721858978271, 2.4178217601776124, 0.9816804790496826, 1.4533637142181397, 2.0576868152618406, 1.0930728816986084, 1.1394266605377197, 2.389724082946777, 1.0368292045593261, 1.4474283123016358, 2.041975374221802, 1.09343243598938, 1.0540827465057374, 2.401941795349121, 1.0535966777801513, 1.4484462070465087, 2.0132806491851807, 1.0334203910827637, 1.1647652435302733, 2.136026563644409], "mean_train_balanced_accuracy": [0.5199590952532653, 0.9991257110125471, 0.9991385813534202, 0.7598372735283837, 0.6798842945967136, 0.9991385813534202, 0.9999993628552241, 0.9999997451425767, 0.9999994902835297, 1.0, 0.9999998725708824, 0.9999994902835297, 0.9999998725716943, 0.9999904168663153, 0.9999997451417648, 0.9999998725708824, 1.0, 0.9999988531428136, 0.9999904214559387, 1.0, 0.9999997451425767, 1.0, 0.9999998725716943, 0.9999996177150831, 0.9999997451417648, 1.0, 0.9999994902843418, 1.0, 0.9999902894371977, 0.9999993628552241, 0.9999902894380096, 0.9999904214559387, 1.0, 1.0, 1.0, 0.9999996177126473, 1.0, 1.0, 1.0, 1.0, 0.9999902894371977, 0.9999991079994247], "mean_test_recall": [0.0400006036308395, 1.0, 1.0, 0.5200018108925185, 0.360002414523358, 1.0, 0.9998467448368604, 0.9998467429095589, 1.0, 0.9998465996899695, 0.9997699721083997, 1.0, 0.9997699721083997, 0.9998465977626678, 1.0, 0.9998467448368604, 0.9998465996899695, 1.0, 0.9996934858191178, 0.9997701134006874, 0.9998467448368604, 0.9996933425995284, 0.9999233724184302, 1.0, 0.9998467429095589, 0.9999233724184302, 1.0, 0.9998465996899695, 0.9998465996899695, 1.0, 0.9997701153279891, 0.9997699701810981, 1.0, 0.9997699701810981, 0.9996933425995284, 1.0, 0.9996933425995284, 0.9997699721083997, 1.0, 0.9998467429095589, 0.9998467448368604, 1.0], "mean_test_balanced_accuracy": [0.5199590146843975, 0.9991248191104597, 0.999138581487467, 0.7598383063823353, 0.6798860118906651, 0.999138581487467, 0.9999187849720773, 0.9999187839957769, 0.9999938834256045, 0.9999192221162988, 0.9998788694801455, 0.9999933737202461, 0.999880398607847, 0.9999182017173143, 0.9999949028609384, 0.9999182752417608, 0.999918712411111, 0.9999933737204166, 0.9998421554885054, 0.9998809789590082, 0.9999182752793685, 0.999842593583728, 0.9999570987755118, 0.9999938834254338, 0.9999192937134439, 0.999955059892024, 0.9999943931431009, 0.9999192221162989, 0.9999197318213161, 0.9999928640027497, 0.9998804702049919, 0.9998793782215121, 0.9999928640027497, 0.9998809073618632, 0.9998415741357444, 0.999993373707767, 0.9998405547130602, 0.9998803986204965, 0.9999938834252633, 0.9999198034311109, 0.9999187849592571, 0.999991334862228],