{"mean_train_balanced_accuracy": [0.5599624084273718, 0.999314178520711, 0.9991564213998371, 0.679885441505862, 0.7399517045024708, 0.9991564213998371, 0.9999874860055425, 0.9999998725708824, 0.9999998725716943, 0.9999802057679134, 0.9999895248649281, 0.9999997451417648, 0.9999807063035129, 0.9999998725716943, 0.9999998725708824, 1.0, 0.9999902894371977, 0.9999997451417648, 0.9999904168663153, 1.0, 0.9999998725716943, 0.9999996177126473, 0.9999998725716943, 0.9999996177134592, 0.9999904168663153, 1.0, 1.0, 0.9999902894380096, 0.9999996177142711, 0.9999998725716943, 0.9999901620080801, 1.0, 1.0, 0.9999997451417648, 1.0, 0.9999998725708824, 0.9999807154835717, 0.9999904168663153, 0.9999998725708824, 0.999990162008892, 1.0, 0.9999997451425767], "mean_score_time": [0.3793481159210205, 0.3652181911468506, 0.37488368034362796, 0.36998451232910157, 0.3659077835083008, 0.3780034923553467, 0.3827931785583496, 0.3760363960266113, 0.3615985679626465, 0.3726612854003906, 0.3709299278259277, 0.35881569862365725, 0.3814210796356201, 0.3727185821533203, 0.37516371726989745, 0.3872703647613525, 0.3810386085510254, 0.36287765502929686, 0.3667765140533447, 0.3766361331939697, 0.3782456111907959, 0.3876172065734863, 0.37154077529907226, 0.36334550857543946, 0.3804805278778076, 0.3819687557220459, 0.367496166229248, 0.3807147216796875, 0.3738537216186523, 0.3680018424987793, 0.3717370128631592, 0.3729452133178711, 0.37464126586914065, 0.37722298622131345, 0.37624960899353027, 0.36280652046203615, 0.3727495288848877, 0.37173526763916015, 0.3683406925201416, 0.37856865882873536, 0.3852709865570068, 0.3052122688293457], "mean_fit_time": [0.7871084976196289, 1.529101333618164, 2.1213568210601808, 0.9889699363708496, 0.9815270614624023, 2.522070369720459, 1.0124971294403076, 1.4931247520446778, 2.1489206314086915, 1.112262716293335, 1.1316785430908203, 2.515370283126831, 1.0724067974090576, 1.488898754119873, 2.1502179527282714, 1.1301982402801514, 1.1196232986450196, 2.5693596744537355, 1.086970157623291, 1.5074643611907959, 2.161674461364746, 1.092037878036499, 1.1151603603363036, 2.5297303867340086, 1.06429123878479, 1.4703009605407715, 2.1458831214904786, 1.1165026760101318, 1.125138463973999, 2.531121292114258, 1.0193905544281006, 1.486935806274414, 2.1906472396850587, 1.093217306137085, 1.1490861225128173, 2.5536373805999757, 1.0936746788024903, 1.508288812637329, 2.1576659965515135, 1.084296340942383, 1.096060209274292, 2.343087511062622], "mean_train_f1": [0.11731452332081181, 0.9514739836936786, 0.9403527681803595, 0.351777048736442, 0.4764039791996659, 0.9403527681803595, 0.9997701470248508, 0.9999904191616767, 0.9999904191616767, 0.9999329341317366, 0.999923353289016, 0.9999808383233533, 0.9999712483013843, 0.9999904237491022, 0.9999904191616767, 1.0, 0.9999808337315305, 0.9999808383233533, 0.9999904145698538, 1.0, 0.9999904191616767, 0.9999712574850298, 0.9999904191616767, 0.9999712574850298, 0.9999904145698538, 1.0, 1.0, 0.999980838318956, 0.9999712620724555, 0.9999904237491022, 0.9999712528932071, 1.0, 1.0, 0.9999808383233533, 1.0, 0.9999904191616767, 0.9999712574850298, 0.9999904145698538, 0.9999904191616767, 0.9999712528932071, 1.0, 0.9999808429107788], "mean_train_recall": [0.12, 1.0, 1.0, 0.36, 0.48, 1.0, 0.9999808337326306, 1.0, 1.0, 0.9999616858237548, 0.9999808337326306, 1.0, 0.9999616674652612, 1.0, 1.0, 1.0, 0.9999808337326306, 1.0, 0.9999808337326306, 1.0, 1.0, 1.0, 1.0, 1.0, 0.9999808337326306, 1.0, 1.0, 0.9999808337326306, 1.0, 1.0, 0.9999808337326306, 1.0, 1.0, 1.0, 1.0, 1.0, 0.9999616858237548, 0.9999808337326306, 1.0, 0.9999808337326306, 1.0, 1.0], "mean_test_balanced_accuracy": [0.5599535083940073, 0.9992965939228299, 0.9991564212011922, 0.6798809138752258, 0.7399593299810265, 0.9991564212011922, 0.9998742800668367, 0.9996899139403344, 0.9999192221410864, 0.9996837257299922, 0.9997241509525817, 0.9998819974303502, 0.999570822252346, 0.9998053698610889, 0.9997675628847101, 0.9996096476880993, 0.9995712584330873, 0.9998058786027966, 0.9995335269458938, 0.9997650142955228, 0.9998819974300092, 0.9997236431620459, 0.9994968129547653, 0.9998425916436063, 0.9995691489287546, 0.9998411340865566, 0.9997282287070786, 0.999609135091959, 0.9996862743060183, 0.999881487725333, 0.9996086253619837, 0.9998048582159499, 0.9998819974301797, 0.9997624657196671, 0.9996495603148899, 0.9999964319758198, 0.9996883141408485, 0.9996510923586723, 0.9999964319756491, 0.9996490515607032, 0.9997634851420102, 0.9998804682898286], "mean_train_roc_auc": [0.9999792061734252, 0.9999045557419667, 0.9992389949418979, 0.9999811212793612, 0.9999843257281361, 0.9991564213998371, 0.9999999991455372, 1.0, 1.0, 0.9999999996338267, 1.0, 1.0, 1.0, 1.0, 0.9999999999389415, 1.0, 1.0, 1.0, 1.0, 1.0, 1.0, 1.0, 1.0, 1.0, 0.9999999999389415, 1.0, 1.0, 1.0, 1.0, 1.0, 1.0, 1.0, 1.0, 0.999999999755766, 1.0, 1.0, 1.0, 0.999999999938942, 1.0, 1.0, 1.0, 1.0], "mean_test_f1": [0.11668261918567435, 0.9503668406157587, 0.94040005776316, 0.35141391941965217, 0.4770028630457784, 0.94040005776316, 0.9990817030954166, 0.9994248740308767, 0.9996170102543271, 0.9989651758190743, 0.9991574459478713, 0.9996550578730776, 0.9990037500332001, 0.9995784340739636, 0.9995781336373541, 0.9990808230963841, 0.9990422478609167, 0.999616634018398, 0.9990418109104828, 0.9993871879766926, 0.9996551329861579, 0.9991196115685433, 0.9991179216591255, 0.9995400792817533, 0.9988891408701698, 0.9994256128418111, 0.9994626372171758, 0.999042174408169, 0.9991573746201072, 0.9996167083126482, 0.9990039679819495, 0.9995402271511572, 0.9996552781889687, 0.9991959465879564, 0.9992335590464956, 0.9997320562609937, 0.999310340511526, 0.9993484711382311, 0.9997321304113452, 0.9991954313075165, 0.9992723553268762, 0.9995401530961788], "mean_test_precision": [0.11372574613549631, 0.9064770564468968, 0.8875830536046436, 0.34363214057349883, 0.4740669797579327, 0.8875830536046436, 0.9983966462340869, 0.9994652013675718, 0.9993884447369102, 0.9985477051267112, 0.9988548122841403, 0.9995411059088294, 0.9988537900055784, 0.9995409670915278, 0.9996178808183714, 0.9989301253687636, 0.9989305601902821, 0.999617442383111, 0.9990058835228408, 0.9992366414622352, 0.9995414016685283, 0.9987786214550757, 0.9992345975061665, 0.9993881401868264, 0.9986249225579048, 0.9991601530887032, 0.9994653600947375, 0.9988546625457105, 0.9989309999903905, 0.999464480254561, 0.9987774476838267, 0.9994656520072036, 0.9995419819017729, 0.9988546679368505, 0.9991595708003361, 0.9994646248427118, 0.9992354705184274, 0.9993890205820578, 0.9994649186787945, 0.9990827983750422, 0.9990077804207437, 0.9993115161987096], "mean_test_recall": [0.12000080484111933, 1.0, 1.0, 0.360002414523358, 0.4799991951588807, 1.0, 0.9997699682537966, 0.9993869639290293, 0.9998465996899695, 0.9993868207094398, 0.9994635934379006, 0.999770111473386, 0.9991569360374289, 0.9996168563102463, 0.999540222946772, 0.9992335674736017, 0.9991567889632365, 0.9996168543829449, 0.9990803065285576, 0.999540222946772, 0.999770111473386, 0.9994635972925037, 0.9990038202392757, 0.9996933387449253, 0.9991566476709487, 0.9996934819645146, 0.9994635934379006, 0.9992335616916971, 0.9993868207094398, 0.999770111473386, 0.9992335616916971, 0.9996168524556432, 0.999770111473386, 0.9995402229467719, 0.999310334420158, 1.0, 0.9993868226367414, 0.9993103402020626, 1.0, 0.9993103363474595, 0.999540222946772, 0.999770111473386],