{"mean_test_precision": [0.11782501994534224, 0.8966903664909669, 0.8967129736419486, 0.3150718184402597, 0.49956019369897864, 0.8967129736419486, 0.9993879934102241, 0.9998468913559977, 0.999923517010266, 0.9993115131639967, 0.9993878488220732, 0.9998468894286963, 0.9993118042712851, 0.9993878507493748, 0.9998470340205322, 0.9992357654839757, 0.9992350282432761, 0.9996939292237629, 0.9991592833067898, 0.9996177362302207, 0.9999235189338825, 0.9991585491007752, 0.9991586975508991, 0.9999235189338825, 0.9990829382787361, 0.9998470359441486, 1.0, 0.9991586956272828, 0.9990826510617822, 0.9999233724184302, 0.9994644821708074, 0.999693774440336, 1.0, 0.9993120961910932, 0.9992353240176873, 0.9998473259403403, 0.9990057343075677, 0.9998470359441486, 1.0, 0.999159134051516, 0.9995412513168702, 0.9997704102898803], "mean_fit_time": [0.780054063796997, 1.4960993576049804, 2.155079135894775, 0.9792847728729248, 0.9901764869689942, 2.5398336124420164, 1.0523203277587891, 1.4874162864685059, 2.168089952468872, 1.150041790008545, 1.1343725395202637, 2.5081239223480223, 1.1060770702362062, 1.5081625843048097, 2.114685935974121, 1.1002588367462158, 1.1478345584869385, 2.549255781173706, 1.0388022136688233, 1.5206259632110595, 2.166757736206055, 1.0825291633605958, 1.1206537342071534, 2.5181983661651612, 1.0591913986206054, 1.5118580150604248, 2.116588659286499, 1.1118032360076904, 1.1294711017608643, 2.528296136856079, 1.0681313705444335, 1.4914257431030273, 2.093583745956421, 1.1165540885925294, 1.1703247547149658, 2.508225612640381, 1.0530304718017578, 1.495556001663208, 2.147627763748169, 1.116724042892456, 1.1449270725250245, 2.4034129428863524], "mean_test_f1": [0.11890069470290253, 0.9453622399995808, 0.9455042572540389, 0.31750455200049466, 0.5092635182434447, 0.9455042572540389, 0.9996554257893937, 0.999731543152916, 0.9997699654270811, 0.9994253211896392, 0.9993485440545967, 0.9996933368809365, 0.9995787985466331, 0.9994252489610561, 0.9996934092478833, 0.9994253969871092, 0.9993487641143273, 0.9996167835214659, 0.9995406690379085, 0.9997319092542094, 0.9997315431510699, 0.9993489128378985, 0.9993871891397572, 0.9997316149002307, 0.9993489851219801, 0.999693335846057, 0.999769892027101, 0.999348764938289, 0.9994641111400776, 0.9997316149705354, 0.9995785072232959, 0.9995400042541421, 0.99980824351668, 0.9995788700852778, 0.9993486923626739, 0.999731760526946, 0.9992337866212004, 0.9996933368106318, 0.9998082435166799, 0.9993872630117789, 0.9995402252081407, 0.9996933387397812], "mean_test_balanced_accuracy": [0.5599851175784254, 0.9992288011991274, 0.9992328789425097, 0.6599667611277106, 0.7598485284158523, 0.9992328789425097, 0.9999576075038877, 0.9998073351953427, 0.9998079174738055, 0.9997654533935388, 0.9996510188350786, 0.9997690930015324, 0.9999187114348106, 0.9997276493074301, 0.9997690930017029, 0.9998031858565211, 0.9997266289086161, 0.9997680735786775, 0.9999560783760156, 0.9999208219152731, 0.9997695311094046, 0.9997644339450437, 0.9998028193584435, 0.9997696027191992, 0.9998021664085376, 0.9997690920378816, 0.9997701124370367, 0.9997644329943836, 0.9999172538912634, 0.9997696027191992, 0.9998431013739228, 0.9996914450211484, 0.9998084271914724, 0.9999187830446052, 0.9997266289212656, 0.9998074077561385, 0.9997250988170933, 0.9997690930015324, 0.9998084271914724, 0.9998027477358286, 0.9997670541436847, 0.9998068980509506], "mean_test_recall": [0.11999979878972017, 1.0, 1.0, 0.3200008048411193, 0.5199977866869219, 1.0, 0.9999233704911287, 0.9996167092360538, 0.9996168543829449, 0.999540081654484, 0.9993101931278701, 0.9995402248740735, 0.9998465977626678, 0.9994634540729144, 0.9995402248740735, 0.9996165660164645, 0.9994634521456127, 0.9995402248740735, 0.9999233704911287, 0.9998467409822572, 0.999540081654484, 0.999540081654484, 0.9996168524556432, 0.9995402248740735, 0.9996165660164645, 0.999540222946772, 0.9995402248740735, 0.9995400797271826, 0.9998467409822572, 0.9995402248740735, 0.9996933387449253, 0.9993869677836323, 0.9996168543829449, 0.9998467409822572, 0.9994634521456127, 0.9996168543829449, 0.9994634502183113, 0.9995402248740735, 0.9996168543829449, 0.9996167092360538, 0.9995402248740735, 0.9996168543829449], "mean_train_balanced_accuracy": [0.5599859828709524, 0.9992265072228821, 0.9992328786341053, 0.6599754062209073, 0.7598481051105472, 0.9992328786341053, 0.9999888877209642, 1.0, 0.9999712505989459, 0.9999897843135986, 1.0, 0.9999616720548846, 0.9999804560357133, 0.9999808337326306, 0.9999425149667619, 0.9999998725708824, 0.9999997451425767, 0.9999615492162023, 0.9999902940276332, 1.0, 0.9999425057875152, 0.9999904168663153, 1.0, 0.9999137609760845, 0.9999902894371977, 0.9999904168663153, 0.9999904168663153, 1.0, 1.0, 0.9999520935108234, 0.9999998725716943, 0.9999902894371977, 0.9999904214559387, 0.9999807063043249, 0.9999807063043249, 0.999961544625767, 0.9999998725708824, 0.999980838322254, 0.9999425057875152, 1.0, 0.9999807063035129, 0.9999232166806515], "mean_train_f1": [0.11896021913560836, 0.9451625401428018, 0.9454638263810216, 0.31816576032128174, 0.509152662027423, 0.9454638263810216, 0.9998754628640699, 1.0, 0.9999712437095615, 0.999942524144911, 1.0, 0.9999616628712381, 0.9999520912165605, 0.9999808291397076, 0.9999425011945914, 0.9999904191616767, 0.9999808429107788, 0.9999520912121631, 0.9999808383233534, 1.0, 0.9999424920109458, 0.9999904145698538, 1.0, 0.99991374031233, 0.9999808337315305, 0.9999904145698538, 0.9999904145698538, 1.0, 1.0, 0.9999520820329146, 0.9999904191616767, 0.9999808337326306, 0.9999904191616767, 0.9999712483013843, 0.9999712483013843, 0.9999520820340149, 0.9999904191616767, 0.9999808337315303, 0.9999424920109458, 1.0, 0.9999712483013843, 0.9999137449052532], "mean_train_recall": [0.12, 1.0, 1.0, 0.32, 0.52, 1.0, 0.9999808337326306, 1.0, 0.9999425011978917, 0.9999808429118774, 1.0, 0.9999233441097691, 0.999961676644508, 0.9999616674652612, 0.9998850299335238, 1.0, 1.0, 0.9999233532890159, 0.9999808429118774, 1.0, 0.9998850115750302, 0.9999808337326306, 1.0, 0.9998275219521687, 0.9999808337326306, 0.9999808337326306, 0.9999808337326306, 1.0, 1.0, 0.9999041870216465, 1.0, 0.9999808337326306, 0.9999808429118774, 0.9999616674652612, 0.9999616674652612, 0.9999233441097691, 1.0, 0.999961676644508, 0.9998850115750302, 1.0, 0.9999616674652612, 0.9998466882195381], "mean_train_precision": [0.11794822848397962, 0.8962508059091228, 0.8965729055271197, 0.31636126545466803, 0.4993260062328282, 0.8965729055271197, 0.9997701883061978, 1.0, 1.0, 0.9999042329003042, 1.0, 1.0, 0.9999425287356322, 1.0, 1.0, 0.9999808429118774, 0.9999616949942134, 0.999980852082336, 0.9999808429118774, 1.0, 1.0, 1.0, 1.0, 1.0, 0.9999808429118774, 1.0, 1.0, 1.0, 1.0, 1.0, 0.9999808429118774, 0.9999808337326306, 1.0, 0.9999808429118774, 0.9999808429118774, 0.9999808337326306, 0.9999808429118774, 1.0, 1.0, 1.0, 0.9999808429118774, 0.9999808337326306], "mean_train_roc_auc": [0.9999808926646034, 0.9998376886040805, 0.9994230028774947, 0.999968781758867, 0.9999790870596734, 0.999232878634105, 0.999999999877883, 1.0, 1.0, 1.0, 1.0, 0.9999999999389415, 1.0, 1.0, 1.0, 1.0, 0.9999999999389712, 0.9999999999389712, 1.0, 1.0, 1.0, 0.9999999999389415, 1.0, 0.999999999938971, 1.0, 1.0, 1.0, 1.0, 1.0, 1.0, 0.999999999938942, 0.999999999877883, 0.9999999999389712, 0.9999999999389415, 1.0, 0.9999999998168541, 1.0, 1.0, 1.0, 1.0, 1.0, 0.999999999755766],