{"mean_test_balanced_accuracy": [0.559483312395191, 0.9988714700605731, 0.998597248738833, 0.7589828242710022, 0.6996414815744741, 0.998597248738833, 0.9990407764462571, 0.9991334250300338, 0.999034674558563, 0.9990407764462571, 0.9990407764462571, 0.9990316235020039, 0.9990392510306896, 0.9990377255024101, 0.9991334250300338, 0.9990407764462571, 0.9993283206846294, 0.9991257975013481, 0.9990407764462571, 0.9991349504456014, 0.9992260736138104, 0.9991353962138145, 0.9990407764462571, 0.9994137873952216, 0.9990407764462571, 0.9991364759738807, 0.9990300980864365, 0.9990407764462571, 0.9991364759738807, 0.9990300979737244, 0.9991369216293821, 0.9991303738607624, 0.9990331490302834, 0.9992326211570056, 0.9990392510306896, 0.9991303740861869, 0.9991369216293821, 0.9990392509179776, 0.999034674445851, 0.9991364759738809, 0.9991369216293821, 0.999224548085531], "mean_fit_time": [0.18454257965087892, 0.3913479042053223, 0.5258650588989258, 0.23767904281616212, 0.24174967765808106, 0.6244701671600342, 0.28661197662353516, 0.4580235195159912, 0.7088739585876465, 0.30737115859985353, 0.2976649284362793, 0.8761725425720215, 0.2654652690887451, 0.4498781776428223, 0.6817400074005127, 0.3050700569152832, 0.2995950889587402, 0.8688425159454346, 0.27199784278869626, 0.4398841953277588, 0.6798040771484375, 0.2994479465484619, 0.3177961921691895, 0.8698215675354004, 0.26233078956604006, 0.4431626510620117, 0.6761050224304199, 0.30124377250671386, 0.30583041191101074, 0.8678794384002686, 0.2529306507110596, 0.45379133224487306, 0.7059936237335205, 0.2949665451049805, 0.3053936100006103, 0.8468158340454102, 0.2747845268249512, 0.453563871383667, 0.6603823852539062, 0.3067996597290039, 0.29873188972473147, 0.7758658981323242], "mean_score_time": [0.10772615432739258, 0.10886754035949707, 0.11006252288818359, 0.1102765941619873, 0.1105406379699707, 0.10514557838439942, 0.10965055465698242, 0.11028697013854981, 0.10751548767089844, 0.11259129524230957, 0.11184057235717773, 0.11024171829223633, 0.11095136642456055, 0.10816554069519042, 0.10981090545654297, 0.11234431266784668, 0.11208606719970703, 0.10655270576477051, 0.11129410743713379, 0.11098669052124023, 0.10872353553771973, 0.11398113250732422, 0.11454644203186035, 0.1084199619293213, 0.1111827564239502, 0.10914243698120117, 0.10899859428405761, 0.11218635559082031, 0.11434553146362304, 0.1086744499206543, 0.10982290267944336, 0.10870122909545898, 0.10999109268188477, 0.11060146331787109, 0.11243714332580566, 0.10837398529052734, 0.11233198165893554, 0.11014483451843261, 0.1071152400970459, 0.10951114654541015, 0.11054417610168457, 0.08650176048278808], "mean_test_precision": [0.1161527463652957, 0.9066329274325076, 0.8964693016575132, 0.513584493551857, 0.3814684424855054, 0.8964693016575132, 1.0, 0.9996181420521747, 0.9992362841043495, 1.0, 1.0, 0.9988553088419999, 0.9998086296833495, 0.9996172220025755, 0.9996181420521747, 1.0, 1.0, 0.9986675295657708, 1.0, 0.9998095123688252, 0.9992362841043495, 0.9998086296833495, 1.0, 0.998670212370198, 1.0, 1.0, 0.9986630184757501, 1.0, 1.0, 0.9986639097867527, 1.0, 0.9992380494753008, 0.9990457964731747, 1.0, 0.9998086296833495, 0.9992362841043495, 1.0, 0.9998095123688252, 0.9992353353161534, 1.0, 1.0, 0.9990457964731746], "mean_train_f1": [0.11739928769311227, 0.949286159737875, 0.9447054897997738, 0.5164479382754756, 0.39030209474144456, 0.9447054897997738, 0.99973619655937, 0.9998801102571576, 0.9998560287942411, 0.9998080958657534, 0.9998560863022123, 0.9998561150734365, 0.9998560863022123, 0.9998320622954889, 0.9997362252617017, 0.9998081821622494, 0.9998080383405437, 0.9998800527491867, 0.9997601917775684, 0.9997361965766085, 0.9998081246542783, 0.9997841294533185, 0.999856172564169, 0.9997841582245425, 0.9998800527491865, 0.9999280143971205, 0.9998081246542782, 0.9998080959002926, 0.9997361390513987, 0.9998560863022123, 0.9997362253133555, 0.9999520383520659, 0.9998561150561979, 0.9998320335415035, 0.9999280431511062, 0.9997601342005806, 0.9997841869612896, 0.9998321486092236, 0.9996880623012053, 0.9998081534255024, 0.9998320911012525, 0.9998561437413528], "mean_test_recall": [0.1190337430753522, 0.9994240202122531, 0.9990403307907559, 0.5180785304211202, 0.39960941290075175, 0.9990403307907559, 0.9980815528925145, 0.9982729519477618, 0.9980815528925145, 0.9980815528925145, 0.9980815528925145, 0.9980815528925145, 0.9980815528925145, 0.9980815528925145, 0.9982729519477618, 0.9980815528925145, 0.9986566413692589, 0.9982729519477618, 0.9980815528925145, 0.9982729519477618, 0.9984643510030092, 0.9982738432587642, 0.9980815528925145, 0.9988489317355087, 0.9980815528925145, 0.9982729519477618, 0.9980815528925145, 0.9980815528925145, 0.9982729519477618, 0.9980815528925145, 0.9982738432587642, 0.9982729519477618, 0.9980815528925145, 0.9984652423140116, 0.9980815528925145, 0.9982729519477618, 0.998273843258764, 0.9980815528925145, 0.9980815528925145, 0.9982729519477618, 0.9982738432587642, 0.9984643510030092], "mean_test_f1": [0.11750180689742674, 0.9501706191473958, 0.9448424003916944, 0.5156582394542255, 0.3900714727086736, 0.9448424003916944, 0.9990380050055191, 0.99894254828148, 0.9986552335116533, 0.9990380050055191, 0.9990380050055191, 0.9984647491511579, 0.9989420903863826, 0.998846620369738, 0.99894254828148, 0.9990380050055191, 0.9993262399095717, 0.9984661162950913, 0.9990380050055191, 0.9990384629006165, 0.9988470915574408, 0.9990384672446476, 0.9990380050055191, 0.998755258112919, 0.9990380050055191, 0.999133934028413, 0.9983688356431731, 0.9990380050055191, 0.999133934028413, 0.9983692791188042, 0.9991343818637841, 0.9987525074123247, 0.9985602202789542, 0.9992303108866778, 0.9989420903863826, 0.9987511625345472, 0.9991348474524715, 0.9989425338777228, 0.9986556792095881, 0.999133934028413, 0.9991343818637841, 0.9987516204296445], "mean_train_balanced_accuracy": [0.5596029345661769, 0.9987142470361486, 0.9985976673520418, 0.7592810385448364, 0.6996252561509109, 0.9985976673520418, 0.9997363546288718, 0.9998801820818793, 0.9998561151079137, 0.9998082683553755, 0.9998561725469923, 0.9998797719886319, 0.9998561725469923, 0.9998321917316446, 0.9997599253582442, 0.9998082970749149, 0.9998081821967577, 0.9998801246428007, 0.9997603641637588, 0.999736383348411, 0.9998082396358362, 0.9997842588204885, 0.9998562587056102, 0.9998078582621281, 0.9998801246428007, 0.999928057553957, 0.9998082396358362, 0.9998082109162969, 0.9997362971897931, 0.9998561725469923, 0.999736383348411, 0.9999520670888438, 0.9998562012665317, 0.9998321630121053, 0.9999280862734962, 0.9997603067246801, 0.9997843162595672, 0.9998322491707233, 0.9996883355590976, 0.9998082970749149, 0.9998321917316446, 0.9999033427180044], "mean_train_precision": [0.11576017130620984, 0.9052681193757672, 0.8959910952326573, 0.5144551042361679, 0.38193843914763265, 0.8959910952326573, 1.0, 1.0, 1.0, 1.0, 1.0, 0.9999520383693046, 1.0, 1.0, 0.9999520958083832, 1.0, 1.0, 1.0, 1.0, 1.0, 1.0, 1.0, 1.0, 0.9999520383693046, 1.0, 1.0, 1.0, 1.0, 1.0, 1.0, 1.0, 1.0, 1.0, 1.0, 1.0, 1.0, 1.0, 1.0, 1.0, 1.0, 1.0, 0.9999042489184311], "mean_test_roc_auc": [0.9999941988733441, 0.999888101365047, 0.9991117280686601, 0.9999749957166018, 0.9999976419598435, 0.998597248738833, 0.9996157403187146, 0.9995200994263702, 0.9995201361641142, 0.9995200484357726, 0.999520070367858, 0.999520128899486, 0.9995199969614703, 0.9995200995645716, 0.9995201507624709, 0.9995201214621064, 0.9995201141629282, 0.9995185741399427, 0.9995200994954708, 0.9995201360950136, 0.9995201507279206, 0.9995201214275562, 0.9995200996336719, 0.9995186033712066, 0.9996162080790529, 0.9995201287612849, 0.9995201068983001, 0.9995200995991217, 0.9995201360950136, 0.9995201143011294, 0.9995201143011294, 0.9995201142320287, 0.9995200849316644, 0.9995201214621064, 0.9995200921962923, 0.9995201215657573, 0.999520077632486, 0.9995201068637498, 0.9994239544505471, 0.9995201361295639, 0.9995201214275562, 0.9995186325679201],