{"mean_train_balanced_accuracy": [0.5598268812701757, 0.9973601260508996, 0.9971443677753993, 0.737339997137216, 0.6987957372668476, 0.9971443677753993, 0.9997842875400278, 0.9999516857151357, 0.9999760191846522, 0.9998561725469923, 0.9999041628972271, 0.9999756378109441, 0.9998561725469923, 0.9998561438274529, 0.9998793906149238, 0.9999520958083832, 0.9998082109162969, 0.9999996186262919, 0.9999041054581486, 0.9999280862734962, 0.9999516857151357, 0.9999281149930355, 0.9998562299860709, 0.9999037240844403, 0.9999041054581486, 0.9999520383693046, 0.9999516857151357, 0.9999280862734962, 0.999928057553957, 0.9999273235333521, 0.9998562012665317, 0.9999041054581486, 0.9999520670888438, 0.9998321630121053, 0.9999041054581486, 0.9999760479041916, 0.9997842875400278, 0.9998801820818793, 0.9999041341776878, 0.9998321917316446, 0.9998801246428007, 0.9999512756218882], "mean_test_recall": [0.11904331468611051, 0.9961675623400407, 0.9961675623400407, 0.47538875211220394, 0.3980746552147632, 0.9961675623400407, 0.9975082470377746, 0.9988498230465112, 0.9990421134127608, 0.9978910451482693, 0.998083335514519, 0.9986584239912637, 0.9982747345697665, 0.9984661336250139, 0.9982747345697666, 0.9982747345697666, 0.998083335514519, 0.9986575326802613, 0.998083335514519, 0.9988498230465112, 0.9990412221017586, 0.9978919364592718, 0.9986575326802611, 0.9988498230465109, 0.998083335514519, 0.9984661336250139, 0.9988507143575136, 0.9980842268255216, 0.9982747345697666, 0.9986584239912637, 0.998083335514519, 0.9984661336250139, 0.9990412221017586, 0.9982747345697666, 0.9978919364592718, 0.9988498230465109, 0.9978919364592718, 0.9986575326802611, 0.9988498230465109, 0.9984670249360162, 0.9982756258807689, 0.9990412221017586], "mean_train_recall": [0.11966444090236793, 0.9965485432013671, 0.9961650799121183, 0.47501331150648346, 0.39798733468315173, 0.9961650799121183, 0.9995685750800557, 0.9999041341776878, 0.9999520383693046, 0.9997123450939847, 0.9998083257944543, 0.9999520383693046, 0.9997123450939847, 0.999712287654906, 0.9997603067246801, 0.9999041916167664, 0.9996164218325938, 1.0, 0.9998082109162968, 0.9998561725469923, 0.9999041341776878, 0.9998562299860709, 0.999712459972142, 0.9998082109162969, 0.9998082109162969, 0.9999040767386091, 0.9999041341776878, 0.9998561725469923, 0.9998561151079137, 0.9998561725469923, 0.9997124025330634, 0.9998082109162969, 0.9999041341776878, 0.9996643260242106, 0.9998082109162969, 0.9999520958083832, 0.9995685750800557, 0.9997603641637588, 0.9998082683553755, 0.9996643834632892, 0.9997602492856015, 0.9999040767386091], "mean_fit_time": [0.1904865550994873, 0.3912900161743164, 0.5056511592864991, 0.2333959484100342, 0.23603065490722655, 0.60619140625, 0.27373303413391115, 0.4781873893737793, 0.8146727085113525, 0.3099484729766846, 0.3060135746002197, 1.0696583080291748, 0.2684672927856445, 0.4664592742919922, 0.7954424381256103, 0.30700218200683593, 0.30482314109802244, 1.0482864093780517, 0.2821505069732666, 0.4827540874481201, 0.8221733093261718, 0.31064820289611816, 0.3132209777832031, 1.0325826168060304, 0.2820325088500977, 0.4764539051055908, 0.807810640335083, 0.3148246955871582, 0.31390818595886233, 1.0307813835144044, 0.2710894012451172, 0.4796313762664795, 0.8055671024322509, 0.3211161422729492, 0.3173531055450439, 1.0633705902099608, 0.2802496337890625, 0.4730103588104248, 0.7985187149047852, 0.3121119689941406, 0.3013752460479736, 0.9322165393829346], "mean_test_balanced_accuracy": [0.5595186063992081, 0.9971715435495686, 0.9971456092306799, 0.737554033089985, 0.6988558005624712, 0.9971456092306799, 0.9987541235188874, 0.9994249115232555, 0.9995088528182801, 0.9989455225741346, 0.9990416677572596, 0.9993200591640907, 0.9991373672848831, 0.999230015981372, 0.9991266888123504, 0.9991373672848831, 0.9990416677572596, 0.9993165624520305, 0.9990416677572596, 0.999423386107688, 0.9995114581066259, 0.9989444427013562, 0.9993287663401306, 0.9994111821068757, 0.9990416677572596, 0.9992284904530924, 0.9994131534033684, 0.9990421134127608, 0.9991373672848831, 0.999315482579252, 0.9990416677572596, 0.9992284903403803, 0.9995129837476178, 0.9991373672848831, 0.9989459682296359, 0.9994142331634347, 0.9989459682296359, 0.9993287663401306, 0.9994157585790021, 0.9992335124680081, 0.9991378129403844, 0.9995068815217873], "mean_test_roc_auc": [0.9999593696727187, 0.9998398357443193, 0.9992432510744819, 0.9999948739128255, 0.9999911242517732, 0.9971456092306796, 0.999807979728917, 0.9998085497814033, 0.9999999488366508, 0.9998075854095166, 0.9999999196053869, 0.9999984307548121, 0.9999037963888979, 0.9999999707341859, 0.9999999561358291, 0.9998080383296458, 0.9998080747564371, 0.9999999561358291, 0.9999041468095771, 0.9998080675609097, 0.9999042639073839, 0.9999037597202545, 0.9997123825970924, 0.9999999707341859, 0.9998080089256305, 0.9999999122716584, 0.99999994876755, 0.9998075926395944, 0.9997123972299995, 0.9999999561012789, 0.9997123386983713, 0.9999999561358291, 0.99999994876755, 0.9999999561358291, 0.9999042346070194, 0.9998085717134888, 0.999808461983961, 0.9999042420098486, 0.9999999122716584, 0.9999037963197972, 0.9999999489057514, 0.9999984305729994], "mean_train_roc_auc": [0.9999580300998469, 0.9998740633927684, 0.999033008141132, 0.9999939915069689, 0.9999927568706295, 0.9971443677753993, 1.0, 1.0, 1.0, 1.0, 1.0, 1.0, 1.0, 1.0, 0.9999999981714259, 1.0, 1.0, 1.0, 1.0, 1.0, 1.0, 1.0, 1.0, 0.9999999972585297, 1.0, 1.0, 0.9999999995432738, 1.0, 1.0, 1.0, 1.0, 1.0, 1.0, 1.0, 1.0, 1.0, 1.0, 1.0, 1.0, 1.0, 1.0, 0.9999999990854347], "mean_test_precision": [0.11961659166408702, 0.8974271513626696, 0.8943908065088261, 0.46384502507967135, 0.37935198743978693, 0.8943908065088261, 1.0, 1.0, 0.9984734508941746, 1.0, 1.0, 0.9988535147324515, 1.0, 0.9996163393170998, 0.99866752092668, 1.0, 1.0, 0.9984743364145391, 1.0, 0.9998086296833496, 0.9988553088419999, 0.9998086009447528, 1.0, 0.9982865744029275, 1.0, 0.9994258516859248, 0.9984716567846263, 1.0, 1.0, 0.9982829373592917, 1.0, 0.9994267343714006, 0.999044913787699, 1.0, 1.0, 0.9986648326712407, 1.0, 1.0, 0.9988571144119638, 1.0, 1.0, 0.998287457088403], "mean_train_precision": [0.11933253873659119, 0.8969533055954156, 0.8941631781842284, 0.46108949203731314, 0.37762313188365804, 0.8941631781842284, 1.0, 0.9999520958083832, 1.0, 1.0, 1.0, 0.9999520958083832, 1.0, 1.0, 0.9999043062200957, 1.0, 1.0, 0.9999520958083832, 1.0, 1.0, 0.9999520958083832, 1.0, 1.0, 0.9999520958083832, 1.0, 1.0, 0.9999520958083832, 1.0, 1.0, 0.9999042489184311, 1.0, 1.0, 1.0, 1.0, 1.0, 1.0, 1.0, 1.0, 1.0, 1.0, 1.0, 0.9999041341776878], "mean_train_f1": [0.119497849859039, 0.9440391513293409, 0.9424081090683739, 0.46755155491800615, 0.38723657946155154, 0.9424081090683739, 0.9997841294015405, 0.9999280719050917, 0.9999760047990403, 0.9998560863022122, 0.9999041054581176, 0.9999520383520659, 0.9998560863022123, 0.9998560575482267, 0.9998321773115552, 0.9999520383693046, 0.9998080959002926, 0.9999760335530258, 0.9999040191443828, 0.9999280431511062, 0.9999280719050917, 0.9999280719050917, 0.9998561150734365, 0.9998800815031721, 0.9999040479501463, 0.9999520095980805, 0.9999280719050917, 0.9999280431511062, 0.9999280143971205, 0.9998801389423128, 0.9998561150561978, 0.9999040479501463, 0.9999520383520659, 0.9998320623472668, 0.9999040479501463, 0.9999760335530258, 0.9997841294705568, 0.9998801102571576, 0.999904076704132, 0.9998320911012525, 0.9998800527491865, 0.9999040767213705],