{"mean_test_recall": [0.040002402546699505, 0.9973141740495199, 0.9971227749942727, 0.5159633363923727, 0.2779054218524267, 0.9971227749942727, 0.9976978634710171, 0.998464351003009, 0.9988489317355086, 0.9978910451482693, 0.9976987547820195, 0.9992326211570058, 0.997890153837267, 0.9982729519477616, 0.9986566413692589, 0.9980815528925142, 0.998464351003009, 0.9994240202122531, 0.9976987547820195, 0.9986566413692589, 0.9986557500582565, 0.9982729519477616, 0.9984652423140112, 0.9994240202122531, 0.9986566413692589, 0.9988480404245061, 0.9990412221017586, 0.998271169325757, 0.9982729519477616, 0.9990412221017584, 0.9978892625262646, 0.9988480404245061, 0.9990394394797537, 0.9984652423140115, 0.997890153837267, 0.9992326211570058, 0.9976978634710171, 0.9986557500582565, 0.9984652423140112, 0.9980815528925143, 0.9982729519477616, 0.9996154192675005], "mean_fit_time": [0.190989351272583, 0.3685097503662109, 0.5224880313873291, 0.2362644100189209, 0.23616307258605956, 0.6172200298309326, 0.2913022899627686, 0.47303311347961424, 0.8091529178619384, 0.3137120914459228, 0.31612945556640626, 1.0439218807220458, 0.2583977222442627, 0.5017316055297851, 0.803708152770996, 0.3114597320556641, 0.3079860877990723, 1.0092339992523194, 0.2843684864044189, 0.4797131252288818, 0.8009016227722168, 0.3074308300018311, 0.31437588691711427, 1.0463160037994386, 0.26996492385864257, 0.4883076477050781, 0.7976043605804444, 0.31080921173095705, 0.3107577705383301, 1.0138222408294677, 0.2718126392364502, 0.47711429595947263, 0.8078960132598877, 0.3075041580200195, 0.3089257144927979, 1.0062611293792725, 0.2699619197845459, 0.4961994647979736, 0.7905819034576416, 0.30782785415649416, 0.3267252445220947, 0.9026142501831055], "mean_test_precision": [0.039623232854313725, 0.897842008358411, 0.89152006104606, 0.5007997115841056, 0.25659808478176094, 0.89152006104606, 1.0, 1.0, 0.9996208303076143, 1.0, 1.0, 1.0, 1.0, 0.9998095123688252, 1.0, 0.9996208303076143, 1.0, 1.0, 0.9996208303076143, 1.0, 1.0, 1.0, 1.0, 0.9998086296833496, 1.0, 1.0, 0.9998086296833495, 1.0, 1.0, 0.9996190819411434, 1.0, 0.9996172220025754, 0.9998086296833495, 1.0, 1.0, 0.9996181420521747, 1.0, 1.0, 1.0, 1.0, 1.0, 1.0], "mean_test_f1": [0.039811914915524736, 0.9446646114192725, 0.9412775607819435, 0.5078017431854324, 0.26655081107991757, 0.9412775607819435, 0.9988461647130479, 0.999230328639994, 0.9992325947253493, 0.998942989406684, 0.9988461513511935, 0.9996153882376827, 0.9989420803740874, 0.999038928489304, 0.999326705498259, 0.9988475217658064, 0.999230328639994, 0.9997113172605764, 0.9986556637200189, 0.999326705498259, 0.9993262576628877, 0.9991343996171003, 0.9992307764753653, 0.9996154026414398, 0.999326705498259, 0.9994226345211527, 0.9994235445956524, 0.999133503946358, 0.9991343996171003, 0.9993276277009128, 0.9989420937359416, 0.9992312498853714, 0.99942264892491, 0.9992303152781398, 0.9989420803740872, 0.9994240024907498, 0.9988457035158224, 0.9993262576628877, 0.9992303152781399, 0.9990380093969811, 0.9991343996171003, 0.9998072462834701], "mean_test_roc_auc": [0.9999607910357661, 0.9999074585674395, 0.9991814909334906, 0.9999863952587019, 0.9999820864467139, 0.9975927058939009, 0.9999999120989067, 0.999999977998814, 1.0, 0.9998081186897085, 0.9999037890206189, 1.0, 0.9999041979038257, 0.9999038254819603, 0.999999977998814, 0.9998076289972851, 0.9999042492053761, 1.0, 0.9997115205173538, 0.9999999927008215, 1.0, 0.9999999120643563, 0.9998080966885228, 1.0, 0.9998075483953699, 0.9999999486638991, 0.9999999926662714, 0.999711958804576, 0.9999999633313567, 1.0, 0.999903810918154, 0.9999999633313564, 0.9999038474831464, 0.999903803549875, 0.9999999413301704, 0.9999999926662714, 0.9997119294696614, 0.9999999853325428, 0.9999999927008215, 0.999903803549875, 0.9999037814795884, 1.0], "mean_train_f1": [0.03983223487118035, 0.9450747160087082, 0.94118278857175, 0.5087826031569885, 0.26763244143371595, 0.94118278857175, 0.9998080959002925, 0.9998800815031721, 0.9999040479501464, 0.9998081246542782, 0.9999040479501463, 0.9999520671060514, 0.9998560863022122, 0.9999280719050917, 0.9999040479501463, 0.9999280143971205, 0.9998561150561979, 0.9999760047990403, 0.9998321198552381, 0.9998321486092236, 0.9999520383520659, 0.999832091118491, 0.9999280431511062, 0.9999760047990403, 0.9998080671117677, 0.9999040479501463, 1.0, 0.9998320911012525, 0.9999280431511062, 0.999952067037221, 0.9999041054581174, 0.9999520383520659, 0.9999760047990403, 0.9998081534082638, 0.9998561438101834, 0.999951980792317, 0.9999280719050917, 0.9999280719050917, 0.9999280431511062, 0.9998561438274219, 0.9999040479501463, 1.0], "mean_train_balanced_accuracy": [0.5199265320591244, 0.9978474348035569, 0.9975931297839429, 0.7578560190821365, 0.6390141326405668, 0.9975931297839429, 0.9998082109162969, 0.9998801533623402, 0.9999276761802488, 0.9998082396358362, 0.9999041054581486, 0.9999520958083832, 0.9998561725469923, 0.9999281149930355, 0.9999041054581486, 0.999928057553957, 0.9998562012665317, 0.9999760191846522, 0.9998322204511839, 0.9998322491707233, 0.9999520670888438, 0.9998322204511839, 0.9999280862734962, 0.9999760191846522, 0.9998082396358362, 0.9999041054581486, 1.0, 0.9998321917316446, 0.9999280862734962, 0.9999756378182164, 0.9999041628972271, 0.9999520670888438, 0.9999760191846522, 0.9998082683553755, 0.9998562299860709, 0.9999520383693046, 0.9999281149930355, 0.9999281149930355, 0.9999280862734962, 0.9998562587056102, 0.9999041054581486, 1.0], "mean_score_time": [0.10933945655822754, 0.10813260078430176, 0.11016651153564454, 0.1108167552947998, 0.10804564476013184, 0.10504055976867675, 0.11472309112548829, 0.10844728469848633, 0.10900842666625976, 0.10984646797180175, 0.10906428337097168, 0.10536561012268067, 0.10988536834716797, 0.10908397674560547, 0.10948569297790528, 0.1130353832244873, 0.11202488899230957, 0.10958020210266113, 0.11303174018859863, 0.10924528121948242, 0.10885325431823731, 0.11158239364624023, 0.11325264930725097, 0.10994004249572754, 0.11293999671936035, 0.11033062934875489, 0.1078974723815918, 0.11281021118164063, 0.11239797592163087, 0.10966377258300782, 0.11283434867858887, 0.10942961692810059, 0.10763930320739747, 0.1090625, 0.11049781799316406, 0.10760391235351563, 0.11004254341125488, 0.10953216552734375, 0.1087873363494873, 0.11005575180053712, 0.11289376258850098, 0.08833271026611328], "mean_train_recall": [0.03985611510791367, 0.9975071439854105, 0.9971236232570828, 0.5160217119717401, 0.27841726618705037, 0.9971236232570828, 0.9996164218325938, 0.9997603067246801, 0.9998561151079137, 0.9996164792716725, 0.9998082109162969, 0.9999041916167664, 0.9997123450939847, 0.9998562299860709, 0.9998082109162969, 0.9998561151079137, 0.9997124025330634, 0.9999520383693046, 0.999664440902368, 0.9996644983414466, 0.9999041341776878, 0.999664440902368, 0.9998561725469923, 0.9999520383693046, 0.9996164792716725, 0.9998082109162969, 1.0, 0.9996643834632892, 0.9998561725469923, 0.9999520383693046, 0.9998083257944542, 0.9999041341776878, 0.9999520383693046, 0.9996165367107511, 0.999712459972142, 0.9999040767386091, 0.9998562299860709, 0.9998562299860709, 0.9998561725469923, 0.9997125174112207, 0.9998082109162969, 1.0], "mean_train_roc_auc": [0.9999734104570266, 0.9999017565251269, 0.9993071927262744, 0.9999880661199572, 0.9999801687856603, 0.9975931297839429, 1.0, 1.0, 1.0, 1.0, 1.0, 1.0, 1.0, 1.0, 1.0, 1.0, 1.0, 1.0, 1.0, 1.0, 1.0, 1.0, 1.0, 1.0, 1.0, 1.0, 1.0, 1.0, 1.0, 1.0, 1.0, 1.0, 1.0, 1.0, 1.0, 1.0, 1.0, 1.0, 1.0, 1.0, 1.0, 1.0],