{"mean_train_balanced_accuracy": [0.5485417231977955, 0.8645329726845226, 0.894331744578412, 0.7285345026096688, 0.6644350827845565, 0.8964993629077701, 0.9897684528105273, 0.9869995894274721, 0.9841676098439877, 0.9899991148543925, 0.9898808562981669, 0.9832365831924631, 0.9978715196721959, 0.9993331620241881, 0.9985497498762276, 0.9989548150765661, 0.9990996386460529, 0.998330878492369, 0.9995984910150141, 0.9999244644389143, 0.9998764272579337, 0.9997994936663482, 0.9998654148888904, 0.9998987286842537, 0.9997137307337519, 0.9999393963671152, 0.9999060951665362, 0.9998844764267508, 0.9998433097119537, 0.9999108126195941, 0.999616665847511, 0.9999437219245741, 0.9999287890916224, 0.9998138380527345, 0.9998695441969662, 0.9999089440641475, 0.9996189238858875, 0.9999365486758385, 0.9999212242488713, 0.999869543593799, 0.9998015593759291, 0.9999149404197517], "mean_train_roc_auc": [0.9833805854067923, 0.9749306469498493, 0.9254627345875417, 0.9855409186861017, 0.9878808105611679, 0.8964993629077701, 0.9998585718253733, 0.9999287359223191, 0.9956873293522353, 0.9999356373287879, 0.9999464958559884, 0.9928645552570878, 0.9999994163071736, 0.9999992219680487, 0.9999944394882214, 0.9999998373116463, 0.9999997838185487, 0.9999917348745694, 0.9999999455487153, 0.9999999889070088, 0.9999999895568048, 0.9999999856343795, 0.9999999898695868, 0.9999999883536791, 0.9999999884500889, 0.9999999924203131, 0.9999999913855391, 0.9999999949949903, 0.999999994585872, 0.9999999880889793, 0.9999999847205484, 0.9999999890996161, 0.999999991506036, 0.9999999946099973, 0.9999999931422073, 0.9999999911208391, 0.9999999687202518, 0.9999999887866123, 0.999999991457797, 0.9999999948265469, 0.9999999953077015, 0.9999999884259754], "mean_score_time": [0.2692523288726807, 0.25119369506835937, 0.24946640968322753, 0.2594917106628418, 0.2584890365600586, 0.25754317283630374, 0.29419005393981934, 0.28926567077636717, 0.2925435447692871, 0.28761346817016603, 0.28805880546569823, 0.29078824996948244, 0.3026247501373291, 0.30047380447387695, 0.3041400909423828, 0.2973879623413086, 0.29087034225463865, 0.30935211181640626, 0.3082505035400391, 0.2993840980529785, 0.30787293434143065, 0.29869836807250977, 0.29985187530517576, 0.3114305019378662, 0.30729867935180666, 0.29854467391967776, 0.30662097930908205, 0.29896575927734376, 0.2951785087585449, 0.3076973056793213, 0.30965871810913087, 0.2991849136352539, 0.30873766899108884, 0.30289615631103517, 0.29665653228759764, 0.31040470123291014, 0.31133662223815917, 0.3019893169403076, 0.3083773994445801, 0.3003823280334473, 0.29571148872375486, 0.18998598098754882], "mean_test_f1": [0.12720672552807177, 0.821914867943851, 0.8162667322167649, 0.5813455126672749, 0.42662294044511406, 0.8165657942635032, 0.9893942165090747, 0.9864771741165127, 0.9832246871946722, 0.9895139260530088, 0.9893250538827835, 0.9823951045661573, 0.996410734529385, 0.9984753318195143, 0.9973921583112585, 0.9973995642332952, 0.9974895122508144, 0.9971166997839699, 0.9976960922367375, 0.9989973375928217, 0.9988110290334907, 0.9983568438814603, 0.9984751215777677, 0.998722934762604, 0.9979328703416714, 0.9990367376135684, 0.9987912845437382, 0.9984062810429474, 0.9984453378344479, 0.9987327608402389, 0.9978042987034618, 0.9990661852005893, 0.998850214378226, 0.9983074614491282, 0.9984453872933458, 0.9986638518223723, 0.997755349513716, 0.9989777003095263, 0.9989879364976736, 0.9984946145732337, 0.9981404810152644, 0.9986539311134855], "mean_train_f1": [0.12915149038055204, 0.8224439056024323, 0.8160871449827793, 0.5798544381534205, 0.42650931292422456, 0.8165717697654933, 0.9896368818924214, 0.9868109160437152, 0.9838993515223102, 0.9898120674657287, 0.9897447604729054, 0.982935230344059, 0.997792006100263, 0.9992330437120072, 0.9981651568280256, 0.9989377382650332, 0.9989968911370378, 0.9979139821679841, 0.9995847178121793, 0.9998747382845863, 0.9998108758329789, 0.9997813664639663, 0.9998427877515291, 0.9998354386172064, 0.9996978111773756, 0.9998919308145413, 0.999842805851531, 0.9998550771384533, 0.9998206694459302, 0.9998452684352767, 0.9996142223801588, 0.9998894799960586, 0.9998722853541662, 0.9997911920585316, 0.9998378843071184, 0.999850176406091, 0.9996142414012235, 0.9998845641818839, 0.9998624609644168, 0.9998378797813262, 0.9997789108199049, 0.9998403571449491], "mean_test_roc_auc": [0.9834279883399004, 0.9755734049266775, 0.9251437454545558, 0.9854042280125413, 0.9880052756080004, 0.896499149700793, 0.9998133407422088, 0.9999113729459199, 0.9957009853719503, 0.9999200084548886, 0.9999375502773852, 0.9926910961359982, 0.9999722273224098, 0.9999952113236359, 0.9999565671197244, 0.9999853649637717, 0.9999930912741156, 0.9998301029339516, 0.9999537043142291, 0.9999639672627612, 0.9999170471063908, 0.9999673549576472, 0.9999466447912192, 0.9997409948600907, 0.9999218346126783, 0.9999268027389075, 0.9998352750247762, 0.9999480403075296, 0.9999579440233952, 0.9997728352605488, 0.9999346191368312, 0.9999743802857836, 0.9998600226013931, 0.9999481257561069, 0.9999074337660208, 0.9997621585541486, 0.9998853673536899, 0.9999079128427364, 0.9998706793131222, 0.9999366536668923, 0.9999167954229319, 0.9997720037009857], "mean_test_precision": [0.19911945288821686, 0.9445690692195524, 0.8327970682365043, 0.827500500045649, 0.6351987880105541, 0.8269868170528533, 0.9998598083604786, 0.9996575579555861, 0.9996135475950507, 0.9996422656020646, 0.9997611739992731, 0.9994497880833402, 0.9997432487954703, 0.9994689174709008, 0.9986019380057098, 0.9996844160673196, 0.999271609800163, 0.9982093927608567, 0.9996451525991927, 0.9994494269324706, 0.9989983626679625, 0.9996457960527063, 0.999684971037592, 0.9987041453622029, 0.999724001567815, 0.9994102617521462, 0.9990375119540242, 0.9996259563461767, 0.9997245535009329, 0.9987434197231343, 0.999644995664782, 0.9994693178859124, 0.9990570613004089, 0.9997439697349266, 0.999606433056901, 0.9987238986737573, 0.9996057256739262, 0.999351640105212, 0.9991556186781936, 0.9997047892617916, 0.9994486059774795, 0.9987431241782777], "mean_test_balanced_accuracy": [0.5475509544022878, 0.8641381508609631, 0.8944442690931188, 0.729244154085456, 0.6645821503209359, 0.8964991497007929, 0.9895711245249269, 0.9868223797472095, 0.9836769596150651, 0.9897885359515244, 0.9895474606824588, 0.9829436522678857, 0.996541566956132, 0.9987213805871996, 0.998038447367569, 0.9975510821994579, 0.9978293693171847, 0.9979441854545896, 0.9978638766160011, 0.999251088299239, 0.9992723542144661, 0.9985220928647441, 0.998621919736062, 0.9993195411988096, 0.9980635082054916, 0.999308464785353, 0.999234651172898, 0.9985802664737687, 0.9985743844426753, 0.9993112900659171, 0.997971941322635, 0.999310825145371, 0.9992845422420609, 0.9984278105737598, 0.9986286123014294, 0.9992515578609208, 0.9979409264044269, 0.9992766525735529, 0.9993768748977524, 0.9986325535527982, 0.9983963893159401, 0.9992326952351175], "mean_train_precision": [0.19927566478871725, 0.9446662550009648, 0.8327647563853838, 0.8275316801005904, 0.6351310397165264, 0.8269397433673356, 0.999944940358406, 0.9999849912123175, 0.9999797787299749, 0.9998155306328564, 0.9999301264664027, 0.9999745803936791, 0.9998374540036123, 0.9997837055128207, 0.9991681697376028, 0.9999655487496841, 0.999778844864911, 0.9990987595148064, 0.9999705147578033, 0.9998919395607823, 0.9998575547968089, 0.999960694598937, 0.9999508768465097, 0.9998624579481172, 0.9999656043785666, 0.9998968511513969, 0.9998624657870694, 0.9999361396594775, 0.9999508792605128, 0.999857557817237, 0.9999950872021617, 0.9998821175845539, 0.9998772041819184, 0.999950874433396, 0.9999312250531748, 0.9998722943997689, 0.9999901731972477, 0.9998870273656668, 0.9998722998257575, 0.9999312280682703, 0.99995086598609, 0.9998379138613736],