{"mean_test_balanced_accuracy": [0.6396999000045172, 0.8685227106412904, 0.89090335650265, 0.7126076389770352, 0.702141106039317, 0.8949478562329587, 0.9898602551558958, 0.9859746005662391, 0.9830499148073328, 0.9897313467811966, 0.989307482085204, 0.9826053784587708, 0.9970496678087989, 0.9986031177792485, 0.9983500583199104, 0.9975872356144098, 0.997755459243657, 0.9981346767123184, 0.9980383528523168, 0.999280975894887, 0.9993344244272081, 0.9985370545301631, 0.9985527686708408, 0.9992766821484892, 0.9981492045227979, 0.999352860506076, 0.9992805919928889, 0.9984328863134588, 0.9985181872916709, 0.9992283406206017, 0.9980898517777917, 0.99936192228703, 0.9992970988998099, 0.9984447172902295, 0.9986132623773454, 0.9991505339433565, 0.9981684243985531, 0.9993340111778489, 0.999250333991947, 0.998406529386689, 0.9983413284284052, 0.999209486850367], "mean_train_precision": [0.5973504422994957, 0.9185966296630634, 0.8362850458072003, 0.8335521117573557, 0.7529054677241936, 0.8247473104356368, 0.9998057492111365, 0.9999848611624295, 0.9999898225085895, 0.999974969310407, 0.9999899705005848, 0.9999745882982254, 0.9997784231679462, 0.9997835209389341, 0.9993751576309969, 0.9998818399600176, 0.9998327412052219, 0.9994979428658417, 0.9998968185692465, 0.9998919311158471, 0.999857546959336, 0.9999115708421311, 0.9999213964403277, 0.9998428206267985, 0.9999164842450636, 0.9998821169800531, 0.9998673816026711, 0.9999263068232735, 0.9999066634738356, 0.9998722913830436, 0.999901745246899, 0.9999017621401779, 0.9998624639757892, 0.9999066562316773, 0.9999214036792244, 0.9998477225664385, 0.9999066544246964, 0.9998968499450623, 0.9998526432087109, 0.999916484846452, 0.9999213976454765, 0.9998624585509881], "mean_test_roc_auc": [0.988302888440256, 0.9717317884803395, 0.9159857343478173, 0.987614509680648, 0.9863766741247251, 0.8949478562329589, 0.9997959612998679, 0.9996471120720735, 0.9985584325858274, 0.9999172164299595, 0.9998668840330662, 0.9943282461448866, 0.9999446390327078, 0.9998975522779704, 0.9998527709169422, 0.999917020583196, 0.9999470156008051, 0.9997335925782784, 0.9999103494811575, 0.9999082703035514, 0.9998043113083177, 0.9999284450258612, 0.9999342949632861, 0.9996679648959093, 0.9998698307507361, 0.9999390039628047, 0.9998230287671698, 0.9999196770456363, 0.9999393550036627, 0.9996868034184333, 0.9998790704592674, 0.9999397769421273, 0.9998404228619324, 0.9999376619536819, 0.9999484806928612, 0.9996883410973486, 0.9999468224431358, 0.9998981560685729, 0.9998081916720808, 0.9999389677988616, 0.9999573038105501, 0.9996974132204188], "mean_score_time": [0.2591461944580078, 0.2602604579925537, 0.263446569442749, 0.2567071342468262, 0.2590143871307373, 0.2558967876434326, 0.2949930191040039, 0.29282163619995116, 0.2941079044342041, 0.29008099555969236, 0.291825475692749, 0.29168874740600587, 0.311947603225708, 0.30760363578796385, 0.30629271507263184, 0.30324541091918944, 0.297064037322998, 0.30923465728759764, 0.30896204948425293, 0.30419196128845216, 0.30760454177856444, 0.300174560546875, 0.3049464511871338, 0.3095309829711914, 0.3102474594116211, 0.30536107063293455, 0.31214619636535645, 0.3050661849975586, 0.3009063911437988, 0.30745588302612303, 0.314423713684082, 0.3023892116546631, 0.30795883178710937, 0.3052030944824219, 0.2995131015777588, 0.3086241054534912, 0.30777118682861326, 0.3032633113861084, 0.308594856262207, 0.3060223293304443, 0.29993692398071287, 0.2007581424713135], "mean_test_f1": [0.37686566292964613, 0.8161217731138406, 0.8133360544379382, 0.5545708118481211, 0.5197117553506937, 0.8139783452794578, 0.9896257676031142, 0.9856980619083866, 0.9825987714704664, 0.9895929975151857, 0.9891430127752583, 0.9821131225946278, 0.9967783945691719, 0.9982390600115321, 0.9977867593323506, 0.9974000217689504, 0.9974693509280466, 0.9975796866917894, 0.9978441262592689, 0.9989189078805998, 0.9989091798521346, 0.9983177345424544, 0.9982882878551939, 0.9987519819713533, 0.9978742848105958, 0.9990270113612604, 0.998801113351959, 0.9982581905412453, 0.9983076808902442, 0.9987126833832349, 0.9979230588915267, 0.9990270042933955, 0.9987815692270119, 0.9981797691334222, 0.9983669663148323, 0.9986435756345088, 0.9980019702927634, 0.9990172181524475, 0.998761758293914, 0.9982679892042171, 0.998129899951734, 0.9987027360662211], "mean_train_balanced_accuracy": [0.6401638562413109, 0.868357854507086, 0.8908153361182706, 0.711490612547921, 0.7026482138601845, 0.894947409271352, 0.9901313899088684, 0.9861424736094578, 0.983369758669436, 0.9898850774335424, 0.9895123068269168, 0.9829565847872374, 0.9982940686010783, 0.9991636867893932, 0.9989509480076315, 0.9988262242099752, 0.9989102260250452, 0.9986562145984844, 0.9997723865786748, 0.9999146406530359, 0.9999034437246423, 0.9998515662170198, 0.9998617837079992, 0.9998954875894596, 0.9998591304566037, 0.9999265292437439, 0.9999185728069776, 0.9998619784494642, 0.9999078586967317, 0.9998942074805788, 0.9998487182241592, 0.9999420484121763, 0.9999011835751805, 0.9998562830669104, 0.9999182706275923, 0.9998686676737178, 0.9998415461817579, 0.9999295719780696, 0.999913072165889, 0.9998640447622121, 0.9998789757856621, 0.9998839917991015], "mean_train_roc_auc": [0.9881830496737137, 0.9718083265165757, 0.9161456511084921, 0.9877848380881953, 0.9864677995005335, 0.894947409271352, 0.9998498179856676, 0.9997861819321675, 0.9987642256543076, 0.9999287773284534, 0.9999432722439308, 0.9949362900622784, 0.999999276616343, 0.9999989888583433, 0.9999959431831134, 0.9999996368186053, 0.9999995458346456, 0.9999911717094909, 0.999999973169893, 0.9999999886664435, 0.9999999880888553, 0.999999988209172, 0.9999999851290197, 0.9999999877759903, 0.9999999857305559, 0.9999999911207773, 0.9999999885701544, 0.9999999851295398, 0.9999999875594233, 0.9999999898213536, 0.999999979353906, 0.9999999927570639, 0.9999999869818734, 0.9999999864524237, 0.9999999885941026, 0.999999986115729, 0.9999999807976772, 0.999999994032415, 0.9999999894363757, 0.9999999889552567, 0.9999999882332264, 0.999999990543393], "mean_test_recall": [0.2795205047296941, 0.7431213654268222, 0.7944806097932168, 0.4255523071451335, 0.40466156345692855, 0.8035180034875897, 0.979742456397064, 0.9719617418257834, 0.9661264785950496, 0.9794673963437176, 0.9786228021392823, 0.9652421085654626, 0.9941447952112357, 0.9972689386836574, 0.9967973062590895, 0.9952058228767409, 0.9955595136667577, 0.9963649757914934, 0.9961096248325416, 0.9986246550287222, 0.9987425251360005, 0.9971117308557712, 0.9971509970491064, 0.9986442836549353, 0.996345436574371, 0.9987621537622139, 0.9986442657731169, 0.9968955566810641, 0.9970724288987997, 0.9985460332329608, 0.9962079199590614, 0.9987818449747903, 0.9986835498482706, 0.9969348944016716, 0.9972688492745667, 0.9983888522278018, 0.9963650652005841, 0.9987228875688784, 0.9985853173081144, 0.9968365724524249, 0.9967187112860556, 0.9985067580987166], "mean_train_recall": [0.2804687948982662, 0.7427246442338291, 0.7943018326394095, 0.4233104173990123, 0.40566285010544567, 0.8035171095643757, 0.9802780637460984, 0.9722861229057126, 0.9667403011300703, 0.9797721143450798, 0.9790253974450316, 0.9659151290524701, 0.9966057725041118, 0.998344616985143, 0.9979516667563376, 0.9976618539143266, 0.9978337765004571, 0.9973524025480682, 0.9995530029649292, 0.9998379030092498, 0.9998182524216565, 0.9997101865548218, 0.9997298377455828, 0.9998035158380877, 0.9997249231383905, 0.9998624639818644, 0.9998477267951285, 0.9997298353329133, 0.9998231634098447, 0.9997986042467321, 0.9997052743602989, 0.9998919347363328, 0.9998133402271335, 0.999720012150202, 0.9998428115847688, 0.999749484111005, 0.9996905383798975, 0.999867373763718, 0.999837901199748, 0.9997347517496074, 0.9997642219009082, 0.9997789566749751],