{"mean_train_precision": [0.5143025597399498, 0.9216783585444988, 0.8264357851807421, 0.8287348631875191, 0.8975338624814235, 0.8264357851807421, 0.9999399618254853, 0.9999848833989478, 0.9999949102939305, 0.9999899823932972, 0.9999450286501579, 0.9999542261897924, 0.9998718359014573, 0.9997444130510279, 0.9990263473091632, 0.9999655444926776, 0.9999212852299769, 0.9989130778415013, 0.9999115485113035, 0.9999214042826883, 0.9998821055195779, 0.9999361408674423, 0.9999361360394365, 0.9998673719499199, 0.9999263013901724, 0.9999115859262045, 0.9998722853513692, 0.999926309841037, 0.9999361324193953, 0.9998821067227991, 0.999916473378712, 0.9999164896741624, 0.9999213976466623, 0.9999410494407386, 0.9999410506482589, 0.9998771939285185, 0.999936131208909, 0.999916493898408, 0.999891938353855, 0.9999361354358242, 0.9999459598250183, 0.9998526401918376], "mean_train_recall": [0.26587590267002864, 0.7458104198116815, 0.8097062122854566, 0.42398229872849924, 0.4804168133368495, 0.8097062122854566, 0.9802583256992458, 0.9735287742168656, 0.9668434771195722, 0.9795264798890752, 0.9812162162977254, 0.9656842432433801, 0.9959671902319708, 0.998870222402261, 0.9977600917731116, 0.997784644301384, 0.997755195864106, 0.9978632496675947, 0.9994940590433237, 0.9997887792545189, 0.9997838718853345, 0.9997838688694981, 0.9996954499712529, 0.9997494829046706, 0.9995972096997987, 0.9998771975495966, 0.999764219488239, 0.999729836539248, 0.9997200115470349, 0.9997642212977409, 0.9995284413891473, 0.9997986060562342, 0.9996758054153326, 0.9996856261853746, 0.9997200091343657, 0.9997740432741176, 0.9996119438706983, 0.9998182530248237, 0.999842813394271, 0.9996954499712531, 0.9996856261853746, 0.9997249249478923], "mean_score_time": [0.2608092975616455, 0.2553665065765381, 0.25765947341918943, 0.26109148979187013, 0.2554655742645264, 0.2534830379486084, 0.2970652389526367, 0.2897002696990967, 0.2877534961700439, 0.28897025108337404, 0.28419921875, 0.28863627433776856, 0.3052854061126709, 0.29742372512817383, 0.3072393035888672, 0.3005497455596924, 0.30120943069458006, 0.3099506664276123, 0.3106275749206543, 0.3064677143096924, 0.30831589698791506, 0.3043775367736816, 0.30005062103271485, 0.31191465377807615, 0.30955795288085936, 0.30366370201110837, 0.3070121383666992, 0.3043141460418701, 0.30245262145996094, 0.3108048343658447, 0.31002388954162596, 0.30136006355285644, 0.3096122074127197, 0.30752947807312014, 0.3050668525695801, 0.3099825859069824, 0.31048179626464845, 0.30438923835754395, 0.3068505859375, 0.30336441040039064, 0.30320612907409666, 0.19719453811645507], "mean_train_roc_auc": [0.9882966175506919, 0.9704913206936782, 0.9338924892181899, 0.9890214372115298, 0.987677654444572, 0.8980687912514604, 0.9998915494221702, 0.9997549092958864, 0.995193387300522, 0.9998573435688654, 0.9999241500041167, 0.9936582354782233, 0.999999535901898, 0.9999995120969526, 0.9999962619413557, 0.9999998855090294, 0.9999998149598768, 0.9999901255431335, 0.9999999884499087, 0.9999999912653819, 0.9999999911931209, 0.9999999921072944, 0.9999999898934817, 0.999999987126416, 0.9999999909523664, 0.999999995283644, 0.999999990687637, 0.9999999929015146, 0.9999999929013612, 0.9999999895809094, 0.9999999909523752, 0.9999999948024509, 0.9999999909764533, 0.9999999948505599, 0.9999999931901951, 0.9999999883054548, 0.9999999918426036, 0.9999999942249898, 0.9999999916742578, 0.9999999922517631, 0.9999999936714264, 0.9999999855142606], "mean_test_f1": [0.3445371978849255, 0.8177333838746613, 0.817982948039483, 0.5548341091618524, 0.6103417486466577, 0.817982948039483, 0.9897338932526903, 0.9863024297985529, 0.9829450292946824, 0.9894004360658233, 0.9901960836544411, 0.9820832379291754, 0.9962637150879998, 0.9983476179689202, 0.997472480244997, 0.9974985697625358, 0.9973802850077614, 0.997443790561784, 0.997528712853812, 0.9988891440131652, 0.9987026320451013, 0.9981894473102405, 0.9980912343887979, 0.9985846975791953, 0.9976670355619648, 0.9989187591073286, 0.9987615046199172, 0.9981499763627293, 0.9981205426700639, 0.9985847459896181, 0.9976373467951213, 0.9987806851576407, 0.9986925856019635, 0.9981207789577724, 0.9981401062711792, 0.9985553284632378, 0.9976470927145291, 0.9987809789148931, 0.9987811459882764, 0.9980118492414499, 0.9979922773926297, 0.998673210627782], "mean_fit_time": [0.4718901538848877, 0.9248425388336181, 1.2904519176483153, 0.5980556964874267, 0.5848531436920166, 1.5048879146575929, 1.273245849609375, 3.3486047172546387, 5.5231355285644534, 1.5175299167633056, 1.5635939502716065, 6.7930552196502685, 1.3405856800079345, 3.8913901329040526, 7.282583818435669, 1.7550687026977538, 1.7528600215911865, 9.269663944244385, 1.4174812507629395, 4.161433372497559, 7.356332044601441, 1.8001119327545165, 1.8156419372558594, 9.287843894958495, 1.3694131660461426, 4.064552383422852, 7.502839775085449, 1.801778039932251, 1.7571767044067383, 9.351908493041993, 1.4117867755889892, 4.094462594985962, 7.494714527130127, 1.819623680114746, 1.8152559471130372, 9.46723687171936, 1.3008985424041748, 4.130033864974975, 7.437413244247437, 1.8659062957763672, 1.792310037612915, 7.340793409347534], "mean_test_balanced_accuracy": [0.6321595420043934, 0.8697327822683817, 0.8980690766887542, 0.711517306776972, 0.7395203852175852, 0.8980690766887542, 0.9898960577656178, 0.9865188923726339, 0.983347573352965, 0.9895536684711945, 0.9903659663296301, 0.9825938892040867, 0.9965568523764786, 0.9986930452850357, 0.9982436213071033, 0.9976945209377174, 0.9975946493049609, 0.998304546258573, 0.9977781514448065, 0.9991610398636042, 0.9991100391261242, 0.9984183154882329, 0.9983381708316891, 0.999064457938485, 0.9978976562880183, 0.9991995758770595, 0.9991147284391912, 0.9983338162456201, 0.9983043554529294, 0.9991006247648009, 0.9978952780746289, 0.9990077823133365, 0.9990821145771327, 0.9983314872356776, 0.998324015400771, 0.9990892115647375, 0.9978599308088368, 0.9990801069112714, 0.9991434189032521, 0.9982053390874388, 0.9981947186251721, 0.9991528672246256], "mean_test_precision": [0.5138815564906168, 0.9198636998437205, 0.8265020052581469, 0.8280587464440243, 0.897705707665882, 0.8265020052581469, 0.9998803274737218, 0.9999396164836343, 0.9997356158798636, 0.9999194558343608, 0.9998403725256801, 0.9995527964061739, 0.9993881448224216, 0.9992527004499706, 0.9983290102995096, 0.999586270800853, 0.9995470635646128, 0.9981319610995724, 0.9994678590818854, 0.9994105188952781, 0.9991157642238465, 0.9995078601703652, 0.9994684420027197, 0.99895848813121, 0.9995070769084471, 0.9993906403481767, 0.9992332757592318, 0.9996061025462885, 0.9996061325197982, 0.998879768392896, 0.9994481957953526, 0.9995085198173514, 0.9991547770986762, 0.9995471934152603, 0.9996059971426288, 0.9988406680315345, 0.9995465525050662, 0.9993516748038431, 0.9992138605382461, 0.9995864365483007, 0.9995664507877278, 0.9989585551900616], "mean_train_f1": [0.3458022568963628, 0.8189096132199345, 0.8179833013888256, 0.5547003832703628, 0.6108527104171586, 0.8179833013888256, 0.9899992275514706, 0.9865760496482373, 0.9831381898713617, 0.9896508762233287, 0.9904915639702752, 0.9825201082664939, 0.9979148393559875, 0.9993069632884282, 0.9983923928994228, 0.9988734977264984, 0.9988367423351054, 0.998387705522326, 0.9997027490257224, 0.9998550786456488, 0.9998329796542059, 0.999859992349776, 0.9998157650997342, 0.9998084162669033, 0.999761710141782, 0.9998943840457115, 0.9998182379405659, 0.9998280559958737, 0.9998280514703219, 0.9998231507377373, 0.9997223935727297, 0.9998575376097798, 0.9997985764934052, 0.9998133079467172, 0.999830503190109, 0.9998256112112129, 0.9997739910782125, 0.9998673619982141, 0.999867368031925, 0.9998157669103479, 0.9998157647987065, 0.9997887662815877],