{"mean_test_precision": [0.1975399284370477, 0.1975399284370477, 0.1975399284370477, 0.1975399284370477, 0.3836370887214845, 0.3836370887214845, 0.3836370887214845, 0.3836370887214845, 0.38441680544624823, 0.3844077913259983, 0.3844077913259983, 0.3844077913259983, 0.38441680544624823, 0.3844077913259983, 0.3844077913259983, 0.3844077913259983, 0.38441680544624823, 0.3844077913259983, 0.3844077913259983, 0.3844077913259983, 0.38441680544624823, 0.3844077913259983, 0.3844077913259983, 0.3844077913259983, 0.38441680544624823, 0.3844077913259983, 0.3844077913259983, 0.3844077913259983], "mean_test_recall": [0.9671596220527209, 0.9671596220527209, 0.9671596220527209, 0.9671596220527209, 0.990359723298947, 0.990359723298947, 0.990359723298947, 0.990359723298947, 0.990359723298947, 0.9902538970185378, 0.9902538970185378, 0.9902538970185378, 0.990359723298947, 0.9902538970185378, 0.9902538970185378, 0.9902538970185378, 0.990359723298947, 0.9902538970185378, 0.9902538970185378, 0.9902538970185378, 0.990359723298947, 0.9902538970185378, 0.9902538970185378, 0.9902538970185378, 0.990359723298947, 0.9902538970185378, 0.9902538970185378, 0.9902538970185378], "mean_score_time": [0.6234573554992676, 1.2540164947509767, 1.509538974761963, 1.229518117904663, 1.3531241512298584, 1.026645212173462, 1.3482652187347413, 1.1529081344604493, 1.1964514255523682, 1.2113284111022948, 1.2184070682525634, 1.224713726043701, 1.2301304531097412, 1.2386407947540283, 0.9613027858734131, 1.1828896617889404, 1.1967294311523438, 1.1706380367279052, 1.0276990985870362, 1.138067455291748, 1.0679209423065186, 1.2244727802276612, 1.1633340644836425, 1.2418814659118653, 1.1851155853271484, 1.3174975109100342, 1.0213029956817627, 1.1611103439331054], "mean_train_f1": [0.3281481652897193, 0.3281481652897193, 0.3281481652897193, 0.3281481652897193, 0.5531225479777163, 0.5531225479777163, 0.5531225479777163, 0.5531225479777163, 0.5538852393203887, 0.5538808631807135, 0.5538808631807135, 0.5538808631807135, 0.5538852393203887, 0.5538808631807135, 0.5538808631807135, 0.5538808631807135, 0.5538852393203887, 0.5538808631807135, 0.5538808631807135, 0.5538808631807135, 0.5538852393203887, 0.5538808631807135, 0.5538808631807135, 0.5538808631807135, 0.5538852393203887, 0.5538808631807135, 0.5538808631807135, 0.5538808631807135], "mean_test_f1": [0.32805527643263505, 0.32805527643263505, 0.32805527643263505, 0.32805527643263505, 0.5529736902478747, 0.5529736902478747, 0.5529736902478747, 0.5529736902478747, 0.5537982206349584, 0.5537719329490183, 0.5537719329490183, 0.5537719329490183, 0.5537982206349584, 0.5537719329490183, 0.5537719329490183, 0.5537719329490183, 0.5537982206349584, 0.5537719329490183, 0.5537719329490183, 0.5537719329490183, 0.5537982206349584, 0.5537719329490183, 0.5537719329490183, 0.5537719329490183, 0.5537982206349584, 0.5537719329490183, 0.5537719329490183, 0.5537719329490183], "mean_test_roc_auc": [0.9786093468550426, 0.9786093468550426, 0.9786093468550426, 0.9786093468550426, 0.9941498305123003, 0.9941498305123003, 0.9941498305123003, 0.9941498305123003, 0.9941820441129788, 0.9941816780900753, 0.9941816969169657, 0.9941816652658306, 0.9941820441129788, 0.9941816780900753, 0.9941816969169657, 0.9941816652658306, 0.9941820441129788, 0.9941816780900753, 0.9941816969169657, 0.9941816652658306, 0.9941820441129788, 0.9941816780900753, 0.9941816969169657, 0.9941816652658306, 0.9941820441129788, 0.9941816780900753, 0.9941816969169657, 0.9941816652658306], "mean_train_roc_auc": [0.978670658898595, 0.978670658898595, 0.978670658898595, 0.978670658898595, 0.9944544598491766, 0.9944544622183662, 0.9944544622183662, 0.9944544622183662, 0.9945018228668343, 0.994501108242369, 0.9945011280157138, 0.9945011145879586, 0.9945018228668343, 0.994501108242369, 0.9945011280157138, 0.9945011145879586, 0.9945018228668343, 0.994501108242369, 0.9945011280157138, 0.9945011145879586, 0.9945018228668343, 0.994501108242369, 0.9945011280157138, 0.9945011145879586, 0.9945018228668343, 0.994501108242369, 0.9945011280157138, 0.9945011145879586], "mean_train_precision": [0.19759588428075145, 0.19759588428075145, 0.19759588428075145, 0.19759588428075145, 0.3837485189085668, 0.3837485189085668, 0.3837485189085668, 0.3837485189085668, 0.38445595515257913, 0.38445165891006267, 0.38445165891006267, 0.38445165891006267, 0.38445595515257913, 0.38445165891006267, 0.38445165891006267, 0.38445165891006267, 0.38445595515257913, 0.38445165891006267, 0.38445165891006267, 0.38445165891006267, 0.38445595515257913, 0.38445165891006267, 0.38445165891006267, 0.38445165891006267, 0.38445595515257913, 0.38445165891006267, 0.38445165891006267, 0.38445165891006267], "mean_test_balanced_accuracy": [0.9393016364548975, 0.9393016364548975, 0.9393016364548975, 0.9393016364548975, 0.9772387608726376, 0.9772387608726376, 0.9772387608726376, 0.9772387608726376, 0.9773020069546681, 0.9772502869910558, 0.9772502869910558, 0.9772502869910558, 0.9773020069546681, 0.9772502869910558, 0.9772502869910558, 0.9772502869910558, 0.9773020069546681, 0.9772502869910558, 0.9772502869910558, 0.9772502869910558, 0.9773020069546681, 0.9772502869910558, 0.9772502869910558, 0.9772502869910558, 0.9773020069546681, 0.9772502869910558, 0.9772502869910558, 0.9772502869910558], "mean_train_balanced_accuracy": [0.9393371866403382, 0.9393371866403382, 0.9393371866403382, 0.9393371866403382, 0.9772674901784458, 0.9772674901784458, 0.9772674901784458, 0.9772674901784458, 0.9773868172439626, 0.9773865189324065, 0.9773865189324065, 0.9773865189324065, 0.9773868172439626, 0.9773865189324065, 0.9773865189324065, 0.9773865189324065, 0.9773868172439626, 0.9773865189324065, 0.9773865189324065, 0.9773865189324065, 0.9773868172439626, 0.9773865189324065, 0.9773865189324065, 0.9773865189324065, 0.9773868172439626, 0.9773865189324065, 0.9773865189324065, 0.9773865189324065], "mean_train_recall": [0.9671609258374569, 0.9671609258374569, 0.9671609258374569, 0.9671609258374569, 0.9903867532137396, 0.9903867532137396, 0.9903867532137396, 0.9903867532137396, 0.9905192035448654, 0.9905192035448654, 0.9905192035448654, 0.9905192035448654, 0.9905192035448654, 0.9905192035448654, 0.9905192035448654, 0.9905192035448654, 0.9905192035448654, 0.9905192035448654, 0.9905192035448654, 0.9905192035448654, 0.9905192035448654, 0.9905192035448654, 0.9905192035448654, 0.9905192035448654, 0.9905192035448654, 0.9905192035448654, 0.9905192035448654, 0.9905192035448654], "mean_fit_time": [0.5236928653717041, 0.5946690273284913, 0.6466414546966552, 0.682814826965332, 2.109331712722778, 1.7711986160278321, 2.1885648345947266, 1.7614387035369874, 2.0411829948425293, 2.384629907608032, 2.3782429790496824, 2.216705570220947, 2.0206016159057616, 2.231375379562378, 2.3129931449890138, 2.73855788230896, 2.0373700523376463, 2.8056023597717283, 2.6384979629516603, 2.9837876319885255, 2.080368547439575, 2.2209958457946777, 2.0994616317749024, 2.535240068435669, 1.8302124214172364, 2.3206949615478516, 2.3516709327697756, 2.3680574703216553], "params": [{"max_iter": 1.0, "tol": 0.001}, {"max_iter": 1.0, "tol": 0.0001}, {"max_iter": 1.0, "tol": 1e-05}, {"max_iter": 1.0, "tol": 1e-06}, {"max_iter": 10.0, "tol": 0.001}, {"max_iter": 10.0, "tol": 0.0001}, {"max_iter": 10.0, "tol": 1e-05}, {"max_iter": 10.0, "tol": 1e-06}, {"max_iter": 100.0, "tol": 0.001}, {"max_iter": 100.0, "tol": 0.0001}, {"max_iter": 100.0, "tol": 1e-05}, {"max_iter": 100.0, "tol": 1e-06}, {"max_iter": 1000.0, "tol": 0.001}, {"max_iter": 1000.0, "tol": 0.0001}, {"max_iter": 1000.0, "tol": 1e-05}, {"max_iter": 1000.0, "tol": 1e-06}, {"max_iter": 10000.0, "tol": 0.001}, {"max_iter": 10000.0, "tol": 0.0001}, {"max_iter": 10000.0, "tol": 1e-05}, {"max_iter": 10000.0, "tol": 1e-06}, {"max_iter": 100000.0, "tol": 0.001}, {"max_iter": 100000.0, "tol": 0.0001}, {"max_iter": 100000.0, "tol": 1e-05}, {"max_iter": 100000.0, "tol": 1e-06}, {"max_iter": 1000000.0, "tol": 0.001}, {"max_iter": 1000000.0, "tol": 0.0001}, {"max_iter": 1000000.0,