{"mean_test_recall": [0.9632410929502281, 0.9632410929502281, 0.9632410929502281, 0.9632410929502281, 0.963162040878372, 0.963162040878372, 0.963162040878372, 0.963162040878372, 0.984822129568153, 0.9890118652805366, 0.989169965981964, 0.9898814311863847, 0.984822129568153, 0.9890118652805366, 0.989169965981964, 0.9898814311863847, 0.984822129568153, 0.9890118652805366, 0.989169965981964, 0.9898814311863847, 0.984822129568153, 0.9890118652805366, 0.989169965981964, 0.9898814311863847, 0.984822129568153, 0.9890118652805366, 0.989169965981964, 0.9898814311863847], "mean_score_time": [0.9646327209472656, 1.5139229965209962, 1.5853337383270263, 1.556268768310547, 1.4083438587188721, 1.2733126544952393, 1.248208875656128, 1.3214488697052003, 1.0163008880615234, 0.9738099956512452, 0.8564906597137452, 0.8920992660522461, 0.8954043483734131, 0.9747407054901123, 0.7880330848693847, 0.8799394893646241, 0.9476946830749512, 0.8351871490478515, 0.8163350296020507, 0.7973487949371338, 0.8610914611816406, 0.9672999382019043, 0.7817340755462646, 0.8293087100982666, 0.9240041065216065, 0.9233722019195557, 0.6763521766662598, 0.5075816822052002], "mean_train_roc_auc": [0.5577542867250582, 0.5577542867250582, 0.5577542867250582, 0.5577542867250582, 0.5879060225437805, 0.5879060225437805, 0.5879060225437805, 0.5879060225437805, 0.892242072359975, 0.8929244137085246, 0.892862815497737, 0.8934657828529996, 0.892242072359975, 0.8929244137085246, 0.8928628205575183, 0.8934668713659539, 0.892242072359975, 0.8929244137085246, 0.8928628205575183, 0.8934668713659539, 0.892242072359975, 0.8929244137085246, 0.8928628205575183, 0.8934668713659539, 0.892242072359975, 0.8929244137085246, 0.8928628205575183, 0.8934668713659539], "mean_fit_time": [0.6497322845458985, 0.8620393180847168, 0.694709882736206, 0.6562614250183105, 1.8926793956756591, 1.8696607875823974, 2.135491008758545, 1.7738590335845947, 4.318701477050781, 5.734164628982544, 6.126099233627319, 10.364857234954833, 4.2334876537323, 5.604904756546021, 6.475177583694458, 10.545587644577026, 4.245931072235107, 5.487548418045044, 6.538967409133911, 10.16615327835083, 4.774662199020386, 5.564837675094605, 6.103865327835083, 10.434621171951294, 4.424222354888916, 5.667872276306152, 6.586356325149536, 8.381929264068603], "mean_test_roc_auc": [0.557760731405556, 0.557760731405556, 0.557760731405556, 0.557760731405556, 0.5878788358426676, 0.5878788358426676, 0.5878788358426676, 0.5878788358426676, 0.8919225970125515, 0.8925265028784166, 0.8923885321578611, 0.892772697996555, 0.8919225970125515, 0.8925265028784166, 0.8923885603165759, 0.8927732611708503, 0.8919225970125515, 0.8925265028784166, 0.8923885603165759, 0.8927732611708503, 0.8919225970125515, 0.8925265028784166, 0.8923885603165759, 0.8927732611708503, 0.8919225970125515, 0.8925265028784166, 0.8923885603165759, 0.8927732611708503], "mean_train_f1": [0.0722178925827646, 0.0722178925827646, 0.0722178925827646, 0.0722178925827646, 0.07223458151623055, 0.07223458151623055, 0.07223458151623055, 0.07223458151623055, 0.18407031198394327, 0.2050560556111112, 0.20572766688804944, 0.20640624950372297, 0.18407031198394327, 0.2050560556111112, 0.20572808586863156, 0.20643672024253878, 0.18407031198394327, 0.2050560556111112, 0.20572808586863156, 0.20643672024253878, 0.18407031198394327, 0.2050560556111112, 0.20572808586863156, 0.20643672024253878, 0.18407031198394327, 0.2050560556111112, 0.20572808586863156, 0.20643672024253878], "mean_test_precision": [0.03751672401484385, 0.03751672401484385, 0.03751672401484385, 0.03751672401484385, 0.03751893521778446, 0.03751893521778446, 0.03751893521778446, 0.03751893521778446, 0.10179558334629128, 0.11440095696352737, 0.11478391616959611, 0.11506224613323257, 0.10179558334629128, 0.11440095696352737, 0.11478391616959611, 0.11507282873176403, 0.10179558334629128, 0.11440095696352737, 0.11478391616959611, 0.11507282873176403, 0.10179558334629128, 0.11440095696352737, 0.11478391616959611, 0.11507282873176403, 0.10179558334629128, 0.11440095696352737, 0.11478391616959611, 0.11507282873176403], "mean_train_precision": [0.03751528124141976, 0.03751528124141976, 0.03751528124141976, 0.03751528124141976, 0.03752416859722287, 0.03752416859722287, 0.03752416859722287, 0.03752416859722287, 0.10169712421196746, 0.11438261414044174, 0.11479521441879957, 0.11520405571568204, 0.10169712421196746, 0.11438261414044174, 0.1147954750846349, 0.11522249008335471, 0.10169712421196746, 0.11438261414044174, 0.1147954750846349, 0.11522249008335471, 0.10169712421196746, 0.11438261414044174, 0.1147954750846349, 0.11522249008335471, 0.10169712421196746, 0.11438261414044174, 0.1147954750846349, 0.11522249008335471], "mean_train_balanced_accuracy": [0.7032292318410408, 0.7032292318410408, 0.7032292318410408, 0.7032292318410408, 0.7033143966586075, 0.7033143966586075, 0.7033143966586075, 0.7033143966586075, 0.8918729650085698, 0.9083677907915819, 0.9088770155377505, 0.9096462063155825, 0.8918729650085698, 0.9083677907915819, 0.9088772381681285, 0.9096782138322176, 0.8918729650085698, 0.9083677907915819, 0.9088772381681285, 0.9096782138322176, 0.8918729650085698, 0.9083677907915819, 0.9088772381681285, 0.9096782138322176, 0.8918729650085698, 0.9083677907915819, 0.9088772381681285, 0.9096782138322176], "mean_train_recall": [0.9632411067193675, 0.9632411067193675, 0.9632411067193675, 0.9632411067193675, 0.9633201581027667, 0.9633201581027667, 0.9633201581027667, 0.9633201581027667, 0.9844664031620555, 0.9893280632411067, 0.9897035573122531, 0.9907312252964426, 0.9844664031620555, 0.9893280632411067, 0.9897035573122531, 0.9907707509881422, 0.9844664031620555, 0.9893280632411067, 0.9897035573122531, 0.9907707509881422, 0.9844664031620555, 0.9893280632411067, 0.9897035573122531, 0.9907707509881422, 0.9844664031620555, 0.9893280632411067, 0.9897035573122531, 0.9907707509881422], "mean_test_f1": [0.0722204936595772, 0.0722204936595772, 0.0722204936595772, 0.0722204936595772, 0.0722243690234092, 0.0722243690234092, 0.0722243690234092, 0.0722243690234092, 0.18422851227068823, 0.20507684731673867, 0.20569559543238844, 0.2061575350010494, 0.18422851227068823, 0.20507684731673867, 0.20569559543238844, 0.20617452400966804, 0.18422851227068823, 0.20507684731673867, 0.20569559543238844, 0.20617452400966804, 0.18422851227068823, 0.20507684731673867, 0.20569559543238844, 0.20617452400966804, 0.18422851227068823, 0.20507684731673867, 0.20569559543238844, 0.20617452400966804], "mean_test_balanced_accuracy": [0.7032298931828459, 0.7032298931828459, 0.7032298931828459, 0.7032298931828459, 0.7032304405248535, 0.7032304405248535, 0.7032304405248535, 0.7032304405248535, 0.8920566398205532, 0.9082448678927542, 0.908636490595386, 0.9091632029424656, 0.8920566398205532, 0.9082448678927542, 0.908636490595386, 0.9091721081360092, 0.8920566398205532, 0.9082448678927542, 0.908636490595386, 0.9091721081360092, 0.8920566398205532, 0.9082448678927542, 0.908636490595386, 0.9091721081360092, 0.8920566398205532, 0.9082448678927542, 0.908636490595386, 0.9091721081360092], "params": [{"max_iter": 1.0, "tol": 0.001}, {"max_iter": 1.0, "tol": 0.0001}, {"max_iter": 1.0, "tol": 1e-05}, {"max_iter": 1.0, "tol": 1e-06}, {"max_iter": 10.0, "tol": 0.001}, {"max_iter": 10.0, "tol": 0.0001}, {"max_iter": 10.0, "tol": 1e-05}, {"max_iter": 10.0, "tol": 1e-06}, {"max_iter": 100.0, "tol": 0.001}, {"max_iter": 100.0, "tol": 0.0001}, {"max_iter": 100.0, "tol": 1e-05}, {"max_iter": 100.0, "tol": 1e-06}, {"max_iter": 1000.0, "tol": 0.001}, {"max_iter": 1000.0, "tol": 0.0001}, {"max_iter": 1000.0, "tol": 1e-05}, {"max_iter": 1000.0, "tol": 1e-06}, {"max_iter": 10000.0, "tol": 0.001}, {"max_iter": 10000.0, "tol": 0.0001}, {"max_iter": 10000.0, "tol": 1e-05}, {"max_iter": 10000.0, "tol": 1e-06}, {"max_iter": 100000.0, "tol": 0.001}, {"max_iter": 100000.0, "tol": 0.0001}, {"max_iter": 100000.0, "tol": 1e-05}, {"max_iter": 100000.0, "tol": 1e-06}, {"max_iter": 1000000.0, "tol": 0.001}, {"max_iter": 1000000.0,