{"mean_train_precision": [0.19775059181744115, 0.19775059181744115, 0.19775059181744115, 0.19775059181744115, 0.39099809175303535, 0.3910064498749087, 0.39100243504263277, 0.39100243504263277, 0.3910024212626944, 0.3910066677574599, 0.3910112446106306, 0.3910112446106306, 0.3910024212626944, 0.3910066677574599, 0.3910112446106306, 0.3910112446106306, 0.3910024212626944, 0.3910066677574599, 0.3910112446106306, 0.3910112446106306, 0.3910024212626944, 0.3910066677574599, 0.3910112446106306, 0.3910112446106306, 0.3910024212626944, 0.3910066677574599, 0.3910112446106306, 0.3910112446106306], "mean_test_f1": [0.328287602278087, 0.328287602278087, 0.328287602278087, 0.328287602278087, 0.5603048874088474, 0.5603153502961771, 0.5603153502961771, 0.5603153502961771, 0.5603048874088474, 0.5603153502961771, 0.5603153502961771, 0.5603153502961771, 0.5603048874088474, 0.5603153502961771, 0.5603153502961771, 0.5603153502961771, 0.5603048874088474, 0.5603153502961771, 0.5603153502961771, 0.5603153502961771, 0.5603048874088474, 0.5603153502961771, 0.5603153502961771, 0.5603153502961771, 0.5603048874088474, 0.5603153502961771, 0.5603153502961771, 0.5603153502961771], "mean_train_f1": [0.328297054177235, 0.328297054177235, 0.328297054177235, 0.328297054177235, 0.5607309514514616, 0.5607394941274485, 0.5607353495854347, 0.5607353495854347, 0.5607353264415126, 0.560739646761109, 0.560744209482225, 0.560744209482225, 0.5607353264415126, 0.560739646761109, 0.560744209482225, 0.560744209482225, 0.5607353264415126, 0.560739646761109, 0.560744209482225, 0.560744209482225, 0.5607353264415126, 0.560739646761109, 0.560744209482225, 0.560744209482225, 0.5607353264415126, 0.560739646761109, 0.560744209482225, 0.560744209482225], "mean_score_time": [0.7881172847747803, 1.2443118858337403, 1.496698694229126, 1.4226726627349853, 1.1250128746032715, 1.1069449710845947, 1.3212570190429687, 1.1059168434143067, 1.3797102546691895, 1.1773817729949951, 1.2305494785308837, 1.0796767616271972, 1.1869585132598877, 1.0784700107574463, 1.2002925205230712, 1.0641682720184327, 1.1610589694976807, 1.1749940395355225, 1.0051790237426759, 1.2784449863433838, 1.1715427589416505, 1.0932730770111083, 1.163216428756714, 1.2147313308715821, 1.2152852535247802, 1.4037150764465331, 1.2699808979034424, 1.0020257949829101], "mean_test_recall": [0.9661041165874948, 0.9661041165874948, 0.9661041165874948, 0.9661041165874948, 0.9896219958722725, 0.9895159012674837, 0.9895159012674837, 0.9895159012674837, 0.9896219958722725, 0.9895159012674837, 0.9895159012674837, 0.9895159012674837, 0.9896219958722725, 0.9895159012674837, 0.9895159012674837, 0.9895159012674837, 0.9896219958722725, 0.9895159012674837, 0.9895159012674837, 0.9895159012674837, 0.9896219958722725, 0.9895159012674837, 0.9895159012674837, 0.9895159012674837, 0.9896219958722725, 0.9895159012674837, 0.9895159012674837, 0.9895159012674837], "mean_train_roc_auc": [0.9858537789983868, 0.9858537789983868, 0.9858537789983868, 0.9858537789983868, 0.9952484308681477, 0.9952486837510816, 0.9952486209285769, 0.9952486248801086, 0.9952484482537107, 0.9952486841483611, 0.9952486489842366, 0.9952486588603526, 0.9952484482537107, 0.9952486841483611, 0.9952486489842366, 0.9952486588603526, 0.9952484482537107, 0.9952486841483611, 0.9952486489842366, 0.9952486588603526, 0.9952484482537107, 0.9952486841483611, 0.9952486489842366, 0.9952486588603526, 0.9952484482537107, 0.9952486841483611, 0.9952486489842366, 0.9952486588603526], "mean_test_precision": [0.19775630968579305, 0.19775630968579305, 0.19775630968579305, 0.19775630968579305, 0.39087378000091233, 0.3909015153907463, 0.3909015153907463, 0.3909015153907463, 0.39087378000091233, 0.3909015153907463, 0.3909015153907463, 0.3909015153907463, 0.39087378000091233, 0.3909015153907463, 0.3909015153907463, 0.3909015153907463, 0.39087378000091233, 0.3909015153907463, 0.3909015153907463, 0.3909015153907463, 0.39087378000091233, 0.3909015153907463, 0.3909015153907463, 0.3909015153907463, 0.39087378000091233, 0.3909015153907463, 0.3909015153907463, 0.3909015153907463], "mean_test_roc_auc": [0.9857485229693501, 0.9857485229693501, 0.9857485229693501, 0.9857485229693501, 0.9947182990423987, 0.9947123942513254, 0.9947124005487793, 0.9947124068790064, 0.9947167963463853, 0.994710872597404, 0.9947100643919934, 0.9947100201950517, 0.9947167963463853, 0.994710872597404, 0.9947100643919934, 0.9947100201950517, 0.9947167963463853, 0.994710872597404, 0.9947100643919934, 0.9947100201950517, 0.9947167963463853, 0.994710872597404, 0.9947100643919934, 0.9947100201950517, 0.9947167963463853, 0.994710872597404, 0.9947100643919934, 0.9947100201950517], "mean_train_balanced_accuracy": [0.9388962498728004, 0.9388962498728004, 0.9388962498728004, 0.9388962498728004, 0.9781288063529128, 0.9781294029893745, 0.9781291046689187, 0.9781291046689187, 0.9781291046733687, 0.9781294029849248, 0.9781297013053806, 0.9781297013053806, 0.9781291046733687, 0.9781294029849248, 0.9781297013053806, 0.9781297013053806, 0.9781291046733687, 0.9781294029849248, 0.9781297013053806, 0.9781297013053806, 0.9781291046733687, 0.9781294029849248, 0.9781297013053806, 0.9781297013053806, 0.9781291046733687, 0.9781294029849248, 0.9781297013053806, 0.9781297013053806], "mean_train_recall": [0.9661018491328492, 0.9661018491328492, 0.9661018491328492, 0.9661018491328492, 0.9910485490508895, 0.9910485490508895, 0.9910485490508895, 0.9910485490508895, 0.9910485490508895, 0.9910485490508895, 0.9910485490508895, 0.9910485490508895, 0.9910485490508895, 0.9910485490508895, 0.9910485490508895, 0.9910485490508895, 0.9910485490508895, 0.9910485490508895, 0.9910485490508895, 0.9910485490508895, 0.9910485490508895, 0.9910485490508895, 0.9910485490508895, 0.9910485490508895, 0.9910485490508895, 0.9910485490508895, 0.9910485490508895, 0.9910485490508895], "mean_fit_time": [0.572981481552124, 0.5030628871917725, 0.616407241821289, 0.526009464263916, 2.1570582008361816, 1.9779428386688231, 2.4581930351257326, 2.2680884075164793, 2.200241928100586, 2.141409492492676, 2.1799756908416748, 2.8794979190826417, 2.233588762283325, 2.1418652725219727, 2.568549089431763, 2.2309614181518556, 2.4708049583435057, 2.4983258724212645, 2.634654302597046, 2.844340696334839, 2.2632590198516844, 2.1903243255615235, 2.277253303527832, 2.450369606018066, 1.6881187057495117, 2.1177232837677002, 2.3254676342010496, 2.3986121368408204], "mean_test_balanced_accuracy": [0.9388765015325256, 0.9388765015325256, 0.9388765015325256, 0.9388765015325256, 0.9774164246137897, 0.9773669570547732, 0.9773669570547732, 0.9773669570547732, 0.9774164246137897, 0.9773669570547732, 0.9773669570547732, 0.9773669570547732, 0.9774164246137897, 0.9773669570547732, 0.9773669570547732, 0.9773669570547732, 0.9774164246137897, 0.9773669570547732, 0.9773669570547732, 0.9773669570547732, 0.9774164246137897, 0.9773669570547732, 0.9773669570547732, 0.9773669570547732, 0.9774164246137897, 0.9773669570547732, 0.9773669570547732, 0.9773669570547732], "params": [{"max_iter": 1.0, "tol": 0.001}, {"max_iter": 1.0, "tol": 0.0001}, {"max_iter": 1.0, "tol": 1e-05}, {"max_iter": 1.0, "tol": 1e-06}, {"max_iter": 10.0, "tol": 0.001}, {"max_iter": 10.0, "tol": 0.0001}, {"max_iter": 10.0, "tol": 1e-05}, {"max_iter": 10.0, "tol": 1e-06}, {"max_iter": 100.0, "tol": 0.001}, {"max_iter": 100.0, "tol": 0.0001}, {"max_iter": 100.0, "tol": 1e-05}, {"max_iter": 100.0, "tol": 1e-06}, {"max_iter": 1000.0, "tol": 0.001}, {"max_iter": 1000.0, "tol": 0.0001}, {"max_iter": 1000.0, "tol": 1e-05}, {"max_iter": 1000.0, "tol": 1e-06}, {"max_iter": 10000.0, "tol": 0.001}, {"max_iter": 10000.0, "tol": 0.0001}, {"max_iter": 10000.0, "tol": 1e-05}, {"max_iter": 10000.0, "tol": 1e-06}, {"max_iter": 100000.0, "tol": 0.001}, {"max_iter": 100000.0, "tol": 0.0001}, {"max_iter": 100000.0, "tol": 1e-05}, {"max_iter": 100000.0, "tol": 1e-06}, {"max_iter": 1000000.0, "tol": 0.001}, {"max_iter": 1000000.0, "tol": 0.0001}, {"max_iter": 1000000.0, "tol": 1e-05}, {"max_iter": 1000000.0,