{"mean_test_roc_auc": [0.9838358379323243, 0.9838358379323243, 0.9838358379323243, 0.9838358379323243, 0.9923981290340221, 0.9923981290340221, 0.9923981290340221, 0.9923981290340221, 0.9924977396783492, 0.9924071651347819, 0.9924078075313444, 0.9924080897541042, 0.9924977396783492, 0.9922797832885312, 0.9922715642485682, 0.9922717883078573, 0.9924977396783492, 0.9922771477404719, 0.9922688741347105, 0.9922691193807202, 0.9924977396783492, 0.9922771477404719, 0.9922688741347105, 0.9922691193807202, 0.9924977396783492, 0.9922771477404719, 0.9922688741347105, 0.9922691193807202], "mean_train_roc_auc": [0.9838236317969112, 0.9838236317969112, 0.9838236317969112, 0.9838236317969112, 0.9923955930376053, 0.9923955930376053, 0.9923955930376053, 0.9923955930376053, 0.9925443967179939, 0.9924605328008453, 0.9924614656036238, 0.9924615725490818, 0.9925443967179939, 0.9923453393452658, 0.9923363655648361, 0.9923363719233449, 0.9925443967179939, 0.9923426020739075, 0.9923335281192395, 0.9923335574882169, 0.9925443967179939, 0.9923426020739075, 0.9923335281192395, 0.9923335574882169, 0.9925443967179939, 0.9923426020739075, 0.9923335281192395, 0.9923335574882169], "mean_test_f1": [0.667549320933493, 0.667549320933493, 0.667549320933493, 0.667549320933493, 0.839008184956319, 0.839008184956319, 0.839008184956319, 0.839008184956319, 0.8412401823332117, 0.8417518913525174, 0.8417595322274122, 0.8417632846881933, 0.8412401823332117, 0.8422187751977503, 0.8423867295899391, 0.8423904820507201, 0.8412401823332117, 0.8422263347665334, 0.8423905089482954, 0.8423942614090764, 0.8412401823332117, 0.8422263347665334, 0.8423905089482954, 0.8423942614090764, 0.8412401823332117, 0.8422263347665334, 0.8423905089482954, 0.8423942614090764], "mean_test_recall": [0.9981313397225466, 0.9981313397225466, 0.9981313397225466, 0.9981313397225466, 0.9929097702723608, 0.9929097702723608, 0.9929097702723608, 0.9929097702723608, 0.9926428177368509, 0.9927068859269907, 0.9927068859269907, 0.9927068859269907, 0.9926428177368509, 0.9927175640209401, 0.9927175640209401, 0.9927175640209401, 0.9926428177368509, 0.9927175640209401, 0.9927175640209401, 0.9927175640209401, 0.9926428177368509, 0.9927175640209401, 0.9927175640209401, 0.9927175640209401, 0.9926428177368509, 0.9927175640209401, 0.9927175640209401, 0.9927175640209401], "mean_train_precision": [0.501481531417846, 0.501481531417846, 0.501481531417846, 0.501481531417846, 0.7267096926369254, 0.7267096926369254, 0.7267096926369254, 0.7267096926369254, 0.7300002389168897, 0.7308342182890509, 0.7308426054478738, 0.7308446251124687, 0.7300002389168897, 0.7315710840179208, 0.7317078734507416, 0.7317084767311391, 0.7300002389168897, 0.7315951777036225, 0.7317319671364433, 0.7317325704168408, 0.7300002389168897, 0.7315951777036225, 0.7317319671364433, 0.7317325704168408, 0.7300002389168897, 0.7315951777036225, 0.7317319671364433, 0.7317325704168408], "mean_fit_time": [2.127252149581909, 1.8063691997528075, 2.414759111404419, 2.5533783721923826, 5.997436504364014, 6.3870616626739505, 5.864220027923584, 5.973100337982178, 8.459028148651123, 18.68648078918457, 17.623545684814452, 19.952862033843996, 6.771161613464355, 47.26120348930359, 52.75916151046753, 46.01037883758545, 6.1375877380371096, 46.87163229942322, 53.29704787254334, 54.26629426956177, 5.78649829864502, 47.31558655738831, 51.37654630661011, 47.551772384643556, 5.613643350601197, 41.23786632537842, 43.58057329177856, 34.635598192214964], "mean_train_f1": [0.6675634336090397, 0.6675634336090397, 0.6675634336090397, 0.6675634336090397, 0.8391591352741896, 0.8391591352741896, 0.8391591352741896, 0.8391591352741896, 0.8413120982304839, 0.8418889171034943, 0.8418934421530281, 0.8418957234992844, 0.8413120982304839, 0.8423834703017404, 0.8424734256946443, 0.8424747618502407, 0.8413120982304839, 0.8423995466655971, 0.842489502058501, 0.8424908382140975, 0.8413120982304839, 0.8423995466655971, 0.842489502058501, 0.8424908382140975, 0.8413120982304839, 0.8423995466655971, 0.842489502058501, 0.8424908382140975], "mean_test_balanced_accuracy": [0.9642748088121021, 0.9642748088121021, 0.9642748088121021, 0.9642748088121021, 0.9833360129493046, 0.9833360129493046, 0.9833360129493046, 0.9833360129493046, 0.9834395097341315, 0.9835187138156404, 0.9835194625454237, 0.9835198369103152, 0.9834395097341315, 0.983569725390406, 0.983586197451145, 0.9835865718160365, 0.9834395097341315, 0.9835704741211074, 0.9835865718164956, 0.9835869461813872, 0.9834395097341315, 0.9835704741211074, 0.9835865718164956, 0.9835869461813872, 0.9834395097341315, 0.9835704741211074, 0.9835865718164956, 0.9835869461813872], "mean_test_precision": [0.501468864428714, 0.501468864428714, 0.501468864428714, 0.501468864428714, 0.7265078158214962, 0.7265078158214962, 0.7265078158214962, 0.7265078158214962, 0.7299574675168125, 0.7306937220815781, 0.7307052525983041, 0.7307108368252513, 0.7299574675168125, 0.7313884117414485, 0.7316418115604216, 0.7316473957873689, 0.7299574675168125, 0.7313997345170624, 0.7316474718437831, 0.7316530560707303, 0.7299574675168125, 0.7313997345170624, 0.7316474718437831, 0.7316530560707303, 0.7299574675168125, 0.7313997345170624, 0.7316474718437831, 0.7316530560707303], "mean_train_balanced_accuracy": [0.9642779910551514, 0.9642779910551514, 0.9642779910551514, 0.9642779910551514, 0.9833735404695587, 0.9833735404695587, 0.9833735404695587, 0.9833735404695587, 0.9835040467494346, 0.9835897087199929, 0.9835889355109192, 0.983590363859327, 0.9835040467494346, 0.9836422868345851, 0.9836499368367619, 0.9836512715938361, 0.9835040467494346, 0.9836438778798082, 0.983651527881985, 0.9836528626390593, 0.9835040467494346, 0.9836438778798082, 0.983651527881985, 0.9836528626390593, 0.9835040467494346, 0.9836438778798082, 0.983651527881985, 0.9836528626390593], "mean_score_time": [2.4441349601745603, 1.9374657917022704, 2.1600010585784912, 1.744748468399048, 1.5295320701599122, 1.5410295581817628, 1.6734353733062743, 1.5009255695343018, 1.4620283031463623, 1.0842114448547364, 1.2277404022216798, 1.2393845462799071, 1.2429913902282714, 0.929262351989746, 1.003655366897583, 0.9296915435791016, 1.067537441253662, 0.9529905605316162, 0.852437047958374, 0.9268259239196778, 0.966787977218628, 0.8781429290771484, 0.8442172622680664, 0.8147902393341064, 0.931809720993042, 0.7800891208648681, 0.7973815441131592, 0.6375727462768555], "mean_train_recall": [0.9981313400961024, 0.9981313400961024, 0.9981313400961024, 0.9981313400961024, 0.9929604911906033, 0.9929604911906033, 0.9929604911906033, 0.9929604911906033, 0.9927709556860651, 0.9928350240256272, 0.9928323545114789, 0.9928350240256272, 0.9927709556860651, 0.9928430325680726, 0.9928403630539241, 0.9928430325680726, 0.9927709556860651, 0.9928430325680726, 0.9928403630539241, 0.9928430325680726, 0.9927709556860651, 0.9928430325680726, 0.9928403630539241, 0.9928430325680726, 0.9927709556860651, 0.9928430325680726, 0.9928403630539241, 0.9928430325680726], "params": [{"max_iter": 1.0, "tol": 0.001}, {"max_iter": 1.0, "tol": 0.0001}, {"max_iter": 1.0, "tol": 1e-05}, {"max_iter": 1.0, "tol": 1e-06}, {"max_iter": 10.0, "tol": 0.001}, {"max_iter": 10.0, "tol": 0.0001}, {"max_iter": 10.0, "tol": 1e-05}, {"max_iter": 10.0, "tol": 1e-06}, {"max_iter": 100.0, "tol": 0.001}, {"max_iter": 100.0, "tol": 0.0001}, {"max_iter": 100.0, "tol": 1e-05}, {"max_iter": 100.0, "tol": 1e-06}, {"max_iter": 1000.0, "tol": 0.001}, {"max_iter": 1000.0, "tol": 0.0001}, {"max_iter": 1000.0, "tol": 1e-05}, {"max_iter": 1000.0, "tol": 1e-06}, {"max_iter": 10000.0, "tol": 0.001}, {"max_iter": 10000.0, "tol": 0.0001}, {"max_iter": 10000.0, "tol": 1e-05}, {"max_iter": 10000.0, "tol": 1e-06}, {"max_iter": 100000.0, "tol": 0.001}, {"max_iter": 100000.0, "tol": 0.0001}, {"max_iter": 100000.0, "tol": 1e-05}, {"max_iter": 100000.0, "tol": 1e-06}, {"max_iter": 1000000.0, "tol": 0.001}, {"max_iter": 1000000.0, "tol": 0.0001}, {"max_iter": 1000000.0, "tol": 1e-05}, {"max_iter": 1000000.0, "tol": 1e-06}],