{"mean_test_f1": [0.20475221760530338, 0.20475221760530338, 0.20475221760530338, 0.20475221760530338, 0.20821754670410567, 0.20910208480637016, 0.20910208480637016, 0.20910208480637016, 0.20821754670410567, 0.35244544190976834, 0.3644392342589869, 0.42269491339198617, 0.20821754670410567, 0.35244544190976834, 0.3644392342589869, 0.42269491339198617, 0.20821754670410567, 0.35244544190976834, 0.3644392342589869, 0.42269491339198617, 0.20821754670410567, 0.35244544190976834, 0.3644392342589869, 0.42269491339198617, 0.20821754670410567, 0.35244544190976834, 0.3644392342589869, 0.42269491339198617], "mean_fit_time": [1.7496810913085938, 2.226905221939087, 2.6190318489074706, 3.250399417877197, 5.967129783630371, 6.290143041610718, 6.460255451202393, 6.598192596435547, 5.965707015991211, 13.567144813537597, 16.841178798675536, 46.47884746551514, 6.085834970474243, 13.424164628982544, 17.360574083328245, 46.064050893783566, 6.06785924911499, 13.41446177482605, 17.266864318847656, 46.00151440620422, 6.010535640716553, 13.343579368591309, 17.11622582435608, 45.862980690002445, 6.136642961502075, 13.2908820438385, 17.392176084518432, 36.23682660102844], "mean_train_f1": [0.2047460426696427, 0.2047460426696427, 0.2047460426696427, 0.2047460426696427, 0.20821746767820837, 0.20909032274699973, 0.20909032274699973, 0.20909032274699973, 0.20821746767820837, 0.3525061339548516, 0.3644487970068202, 0.42262527657520743, 0.20821746767820837, 0.3525061339548516, 0.3644487970068202, 0.42262527657520743, 0.20821746767820837, 0.3525061339548516, 0.3644487970068202, 0.42262527657520743, 0.20821746767820837, 0.3525061339548516, 0.3644487970068202, 0.42262527657520743, 0.20821746767820837, 0.3525061339548516, 0.3644487970068202, 0.42262527657520743], "mean_train_balanced_accuracy": [0.7272249039227232, 0.7272249039227232, 0.7272249039227232, 0.7272249039227232, 0.7328969639099933, 0.7342550872741406, 0.7342550872741406, 0.7342550872741406, 0.7328969639099933, 0.8710606179025188, 0.8769888285686899, 0.9009012543133776, 0.7328969639099933, 0.8710606179025188, 0.8769888285686899, 0.9009012543133776, 0.7328969639099933, 0.8710606179025188, 0.8769888285686899, 0.9009012543133776, 0.7328969639099933, 0.8710606179025188, 0.8769888285686899, 0.9009012543133776, 0.7328969639099933, 0.8710606179025188, 0.8769888285686899, 0.9009012543133776], "mean_test_recall": [0.9978006418468757, 0.9978006418468757, 0.9978006418468757, 0.9978006418468757, 0.9976492226826327, 0.9976492226826327, 0.9976492226826327, 0.9976492226826327, 0.9976492226826327, 0.9998326478663452, 0.9979759538931965, 0.9945812335486209, 0.9976492226826327, 0.9998326478663452, 0.9979759538931965, 0.9945812335486209, 0.9976492226826327, 0.9998326478663452, 0.9979759538931965, 0.9945812335486209, 0.9976492226826327, 0.9998326478663452, 0.9979759538931965, 0.9945812335486209, 0.9976492226826327, 0.9998326478663452, 0.9979759538931965, 0.9945812335486209], "mean_test_roc_auc": [0.5460727755618292, 0.5460727755618292, 0.5460727755618292, 0.5460727755618292, 0.7148015929283927, 0.7125742400193543, 0.7125742400193543, 0.7125742400193543, 0.7148015929283927, 0.8691076576528178, 0.869702718994135, 0.9154953981295741, 0.7148015929283927, 0.8691076576528178, 0.869702718994135, 0.9154953981295741, 0.7148015929283927, 0.8691076576528178, 0.869702718994135, 0.9154953981295741, 0.7148015929283927, 0.8691076576528178, 0.869702718994135, 0.9154953981295741, 0.7148015929283927, 0.8691076576528178, 0.869702718994135, 0.9154953981295741], "mean_train_precision": [0.1140775846543312, 0.1140775846543312, 0.1140775846543312, 0.1140775846543312, 0.11623875123528997, 0.1167851736605689, 0.1167851736605689, 0.1167851736605689, 0.11623875123528997, 0.21399939627445094, 0.22294669504018408, 0.2690419120817074, 0.11623875123528997, 0.21399939627445094, 0.22294669504018408, 0.2690419120817074, 0.11623875123528997, 0.21399939627445094, 0.22294669504018408, 0.2690419120817074, 0.11623875123528997, 0.21399939627445094, 0.22294669504018408, 0.2690419120817074, 0.11623875123528997, 0.21399939627445094, 0.22294669504018408, 0.2690419120817074], "mean_train_roc_auc": [0.5460741017076282, 0.5460741017076282, 0.5460741017076282, 0.5460741017076282, 0.7150608286825865, 0.7127451268964718, 0.7127451268964718, 0.7127451268964718, 0.7150608286825865, 0.8690864127176376, 0.8697109678796555, 0.915578784636778, 0.7150608286825865, 0.8690864127176376, 0.8697109678796555, 0.915578784636778, 0.7150608286825865, 0.8690864127176376, 0.8697109678796555, 0.915578784636778, 0.7150608286825865, 0.8690864127176376, 0.8697109678796555, 0.915578784636778, 0.7150608286825865, 0.8690864127176376, 0.8697109678796555, 0.915578784636778], "mean_test_precision": [0.11408109933932177, 0.11408109933932177, 0.11408109933932177, 0.11408109933932177, 0.11623895109798149, 0.1167928949720394, 0.1167928949720394, 0.1167928949720394, 0.11623895109798149, 0.21396012514144702, 0.2229433991101795, 0.269081555314503, 0.11623895109798149, 0.21396012514144702, 0.2229433991101795, 0.269081555314503, 0.11623895109798149, 0.21396012514144702, 0.2229433991101795, 0.269081555314503, 0.11623895109798149, 0.21396012514144702, 0.2229433991101795, 0.269081555314503, 0.11623895109798149, 0.21396012514144702, 0.2229433991101795, 0.269081555314503], "mean_test_balanced_accuracy": [0.7272395081303888, 0.7272395081303888, 0.7272395081303888, 0.7272395081303888, 0.7328938267500621, 0.7342655751618828, 0.7342655751618828, 0.7342655751618828, 0.7328938267500621, 0.8710038543900146, 0.8769627226993746, 0.900987902077493, 0.7328938267500621, 0.8710038543900146, 0.8769627226993746, 0.900987902077493, 0.7328938267500621, 0.8710038543900146, 0.8769627226993746, 0.900987902077493, 0.7328938267500621, 0.8710038543900146, 0.8769627226993746, 0.900987902077493, 0.7328938267500621, 0.8710038543900146, 0.8769627226993746, 0.900987902077493], "mean_train_recall": [0.9977707368574675, 0.9977707368574675, 0.9977707368574675, 0.9977707368574675, 0.9976492155715969, 0.9976492155715969, 0.9976492155715969, 0.9976492155715969, 0.9976492155715969, 0.9998525786287901, 0.9980217513270037, 0.9944557290365572, 0.9976492155715969, 0.9998525786287901, 0.9980217513270037, 0.9944557290365572, 0.9976492155715969, 0.9998525786287901, 0.9980217513270037, 0.9944557290365572, 0.9976492155715969, 0.9998525786287901, 0.9980217513270037, 0.9944557290365572, 0.9976492155715969, 0.9998525786287901, 0.9980217513270037, 0.9944557290365572], "mean_score_time": [2.6486457920074464, 2.6340319442749025, 2.339463348388672, 2.160835027694702, 2.0246775722503663, 1.926763925552368, 1.834706792831421, 2.213932228088379, 1.8903619861602783, 1.5640852451324463, 1.4610703563690186, 1.3387701797485352, 1.3977648258209228, 1.7059684848785401, 1.500357837677002, 1.4683498764038085, 1.4519303798675538, 1.5996071529388427, 1.4890645122528077, 1.2476619815826415, 1.3836565685272217, 1.4923950004577637, 1.4435804653167725, 1.3750202178955078, 1.3998265743255616, 1.5384261989593506, 1.3978951835632325, 0.7711874866485595], "params": [{"max_iter": 1.0, "tol": 0.001}, {"max_iter": 1.0, "tol": 0.0001}, {"max_iter": 1.0, "tol": 1e-05}, {"max_iter": 1.0, "tol": 1e-06}, {"max_iter": 10.0, "tol": 0.001}, {"max_iter": 10.0, "tol": 0.0001}, {"max_iter": 10.0, "tol": 1e-05}, {"max_iter": 10.0, "tol": 1e-06}, {"max_iter": 100.0, "tol": 0.001}, {"max_iter": 100.0, "tol": 0.0001}, {"max_iter": 100.0, "tol": 1e-05}, {"max_iter": 100.0, "tol": 1e-06}, {"max_iter": 1000.0, "tol": 0.001}, {"max_iter": 1000.0, "tol": 0.0001}, {"max_iter": 1000.0, "tol": 1e-05}, {"max_iter": 1000.0, "tol": 1e-06}, {"max_iter": 10000.0, "tol": 0.001}, {"max_iter": 10000.0, "tol": 0.0001}, {"max_iter": 10000.0, "tol": 1e-05}, {"max_iter": 10000.0, "tol": 1e-06}, {"max_iter": 100000.0, "tol": 0.001}, {"max_iter": 100000.0, "tol": 0.0001}, {"max_iter": 100000.0, "tol": 1e-05}, {"max_iter": 100000.0, "tol": 1e-06}, {"max_iter": 1000000.0, "tol": 0.001}, {"max_iter": 1000000.0,