{"mean_test_precision": [0.5383034808749217, 0.5383034808749217, 0.5383034808749217, 0.5383034808749217, 0.7095481206969881, 0.7095481206969881, 0.7095481206969881, 0.7095481206969881, 0.718588212614671, 0.7186921634340373, 0.7187150156497505, 0.7187150156497505, 0.718588212614671, 0.7186921634340373, 0.7187150156497505, 0.7187150156497505, 0.718588212614671, 0.7186921634340373, 0.7187150156497505, 0.7187150156497505, 0.718588212614671, 0.7186921634340373, 0.7187150156497505, 0.7187150156497505, 0.718588212614671, 0.7186921634340373, 0.7187150156497505, 0.7187150156497505], "mean_train_balanced_accuracy": [0.9688738249996858, 0.9688738249996858, 0.9688738249996858, 0.9688738249996858, 0.9836835210975018, 0.9836835210975018, 0.9836835210975018, 0.9836835210975018, 0.9828065300246344, 0.9828070138076808, 0.9828088165214224, 0.9828088165214224, 0.9828065300246344, 0.9828070138076808, 0.9828088165214224, 0.9828088165214224, 0.9828065300246344, 0.9828070138076808, 0.9828088165214224, 0.9828088165214224, 0.9828065300246344, 0.9828070138076808, 0.9828088165214224, 0.9828088165214224, 0.9828065300246344, 0.9828070138076808, 0.9828088165214224, 0.9828088165214224], "mean_test_f1": [0.6993078079206575, 0.6993078079206575, 0.6993078079206575, 0.6993078079206575, 0.8286499561943932, 0.8286499561943932, 0.8286499561943932, 0.8286499561943932, 0.8337101503717635, 0.8337690433547084, 0.8337842486748042, 0.8337842486748042, 0.8337101503717635, 0.8337690433547084, 0.8337842486748042, 0.8337842486748042, 0.8337101503717635, 0.8337690433547084, 0.8337842486748042, 0.8337842486748042, 0.8337101503717635, 0.8337690433547084, 0.8337842486748042, 0.8337842486748042, 0.8337101503717635, 0.8337690433547084, 0.8337842486748042, 0.8337842486748042], "mean_test_balanced_accuracy": [0.9688727012786594, 0.9688727012786594, 0.9688727012786594, 0.9688727012786594, 0.9836191843511028, 0.9836191843511028, 0.9836191843511028, 0.9836191843511028, 0.9827579414853528, 0.9827494116436376, 0.9827509091032038, 0.9827509091032038, 0.9827579414853528, 0.9827494116436376, 0.9827509091032038, 0.9827509091032038, 0.9827579414853528, 0.9827494116436376, 0.9827509091032038, 0.9827509091032038, 0.9827579414853528, 0.9827494116436376, 0.9827509091032038, 0.9827509091032038, 0.9827579414853528, 0.9827494116436376, 0.9827509091032038, 0.9827509091032038], "mean_test_recall": [0.9977576068078775, 0.9977576068078775, 0.9977576068078775, 0.9977576068078775, 0.995824878900618, 0.995824878900618, 0.995824878900618, 0.995824878900618, 0.9927816335185254, 0.9927495992366775, 0.9927495992366775, 0.9927495992366775, 0.9927816335185254, 0.9927495992366775, 0.9927495992366775, 0.9927495992366775, 0.9927816335185254, 0.9927495992366775, 0.9927495992366775, 0.9927495992366775, 0.9927816335185254, 0.9927495992366775, 0.9927495992366775, 0.9927495992366775, 0.9927816335185254, 0.9927495992366775, 0.9927495992366775, 0.9927495992366775], "mean_test_roc_auc": [0.9833678069558153, 0.9833678069558153, 0.9833678069558153, 0.9833678069558153, 0.9910025264000287, 0.9910025264000287, 0.9910025264000287, 0.9910025264000287, 0.9921529022414639, 0.992149681863452, 0.9921496858610439, 0.9921496784656846, 0.9921529022414639, 0.992149681863452, 0.9921496858610439, 0.9921496784656846, 0.9921529022414639, 0.992149681863452, 0.9921496858610439, 0.9921496784656846, 0.9921529022414639, 0.992149681863452, 0.9921496858610439, 0.9921496784656846, 0.9921529022414639, 0.992149681863452, 0.9921496858610439, 0.9921496784656846], "mean_train_precision": [0.5382841582924417, 0.5382841582924417, 0.5382841582924417, 0.5382841582924417, 0.709786790530498, 0.709786790530498, 0.709786790530498, 0.709786790530498, 0.7186154141399883, 0.7187576332820459, 0.7187650345108129, 0.7187650345108129, 0.7186154141399883, 0.7187576332820459, 0.7187650345108129, 0.7187650345108129, 0.7186154141399883, 0.7187576332820459, 0.7187650345108129, 0.7187650345108129, 0.7186154141399883, 0.7187576332820459, 0.7187650345108129, 0.7187650345108129, 0.7186154141399883, 0.7187576332820459, 0.7187650345108129, 0.7187650345108129], "mean_train_recall": [0.997757608115323, 0.997757608115323, 0.997757608115323, 0.997757608115323, 0.9959209823812067, 0.9959209823812067, 0.9959209823812067, 0.9959209823812067, 0.9928750667378539, 0.9928563801388148, 0.9928590496529632, 0.9928590496529632, 0.9928750667378539, 0.9928563801388148, 0.9928590496529632, 0.9928590496529632, 0.9928750667378539, 0.9928563801388148, 0.9928590496529632, 0.9928590496529632, 0.9928750667378539, 0.9928563801388148, 0.9928590496529632, 0.9928590496529632, 0.9928750667378539, 0.9928563801388148, 0.9928590496529632, 0.9928590496529632], "mean_train_roc_auc": [0.9833722914416613, 0.9833722914416613, 0.9833722914416613, 0.9833722914416613, 0.9910358094646492, 0.9910358094646492, 0.9910358094646492, 0.9910358094646492, 0.9921693945535789, 0.9921686306054208, 0.9921685938156137, 0.9921685868450011, 0.9921693945535789, 0.9921686306054208, 0.9921685938156137, 0.9921685868450011, 0.9921693945535789, 0.9921686306054208, 0.9921685938156137, 0.9921685868450011, 0.9921693945535789, 0.9921686306054208, 0.9921685938156137, 0.9921685868450011, 0.9921693945535789, 0.9921686306054208, 0.9921685938156137, 0.9921685868450011], "mean_score_time": [2.645378284454346, 2.113414793014526, 2.2911962509155273, 1.8578913879394532, 1.756219367980957, 1.8599939346313477, 1.5886672401428223, 1.9080116939544678, 1.602649793624878, 1.5404288578033447, 1.565558786392212, 1.462528657913208, 1.7002810764312744, 1.5382348251342775, 1.3669951915740968, 1.6256441593170166, 1.5433139514923095, 1.6278333282470703, 1.480864963531494, 1.6720627975463866, 1.55546160697937, 1.4713763523101806, 1.6177172565460205, 1.448664140701294, 1.6387018394470214, 1.427412633895874, 1.4659685134887694, 1.3160420989990234], "mean_fit_time": [1.346276149749756, 2.0237198448181153, 2.5151335525512697, 2.5867426681518553, 4.909653739929199, 4.9497292041778564, 4.371148586273193, 4.671640701293946, 6.256661396026612, 6.5742270946502686, 7.430643424987793, 7.799627237319946, 6.450788841247559, 7.154088630676269, 6.645461101531982, 7.768943586349487, 5.828748931884766, 6.8794997119903565, 7.370759744644165, 7.735561895370483, 6.094285078048706, 6.1425925064086915, 7.78494086265564, 6.7171471118927, 6.771845188140869, 6.800681438446045, 7.464830093383789, 7.126756811141968], "mean_train_f1": [0.6992997841066676, 0.6992997841066676, 0.6992997841066676, 0.6992997841066676, 0.8288509652298308, 0.8288509652298308, 0.8288509652298308, 0.8288509652298308, 0.8337669920377977, 0.8338560787255943, 0.833862024506073, 0.833862024506073, 0.8337669920377977, 0.8338560787255943, 0.833862024506073, 0.833862024506073, 0.8337669920377977, 0.8338560787255943, 0.833862024506073, 0.833862024506073, 0.8337669920377977, 0.8338560787255943, 0.833862024506073, 0.833862024506073, 0.8337669920377977, 0.8338560787255943, 0.833862024506073, 0.833862024506073], "params": [{"max_iter": 1.0, "tol": 0.001}, {"max_iter": 1.0, "tol": 0.0001}, {"max_iter": 1.0, "tol": 1e-05}, {"max_iter": 1.0, "tol": 1e-06}, {"max_iter": 10.0, "tol": 0.001}, {"max_iter": 10.0, "tol": 0.0001}, {"max_iter": 10.0, "tol": 1e-05}, {"max_iter": 10.0, "tol": 1e-06}, {"max_iter": 100.0, "tol": 0.001}, {"max_iter": 100.0, "tol": 0.0001}, {"max_iter": 100.0, "tol": 1e-05}, {"max_iter": 100.0, "tol": 1e-06}, {"max_iter": 1000.0, "tol": 0.001}, {"max_iter": 1000.0, "tol": 0.0001}, {"max_iter": 1000.0, "tol": 1e-05}, {"max_iter": 1000.0, "tol": 1e-06}, {"max_iter": 10000.0, "tol": 0.001}, {"max_iter": 10000.0, "tol": 0.0001}, {"max_iter": 10000.0, "tol": 1e-05}, {"max_iter": 10000.0, "tol": 1e-06}, {"max_iter": 100000.0, "tol": 0.001}, {"max_iter": 100000.0, "tol": 0.0001}, {"max_iter": 100000.0, "tol": 1e-05}, {"max_iter": 100000.0, "tol": 1e-06}, {"max_iter": 1000000.0, "tol": 0.001}, {"max_iter": 1000000.0, "tol": 0.0001}, {"max_iter": 1000000.0, "tol": 1e-05}, {"max_iter": 1000000.0, "tol": 1e-06}],