{"mean_score_time": [2.7581007957458494, 2.506775302886963, 2.1507100868225097, 2.1211561012268065, 2.034141321182251, 1.7846652793884277, 1.8862270832061767, 1.8831630420684815, 1.2640882301330567, 1.1457950401306152, 1.153829402923584, 1.132166337966919, 1.1569415760040282, 1.202523536682129, 1.136475830078125, 1.0319320011138915, 1.1127767372131347, 1.1293588066101075, 1.0616836547851562, 1.1705047702789306, 1.1122984600067138, 1.105696620941162, 1.095038948059082, 1.1249281501770019, 1.1806586170196534, 1.1547900581359862, 1.0616679573059082, 0.6925293827056884], "mean_test_f1": [8.138636604003019e-05, 8.138636604003019e-05, 8.138636604003019e-05, 8.138636604003019e-05, 0.00013271160383742118, 0.00013271160383742118, 0.00013271160383742118, 0.00013271160383742118, 0.0018209762954978456, 0.005927842635469713, 0.0060386349532459555, 0.0060386349532459555, 0.0018209762954978456, 0.007681134285266187, 0.00835615999805361, 0.008428934318991351, 0.0018209762954978456, 0.007681134285266187, 0.00835615999805361, 0.008428934318991351, 0.0018209762954978456, 0.007681134285266187, 0.00835615999805361, 0.008428934318991351, 0.0018209762954978456, 0.007681134285266187, 0.00835615999805361, 0.008428934318991351], "mean_train_precision": [9.813513361087302e-05, 9.813513361087302e-05, 9.813513361087302e-05, 9.813513361087302e-05, 0.0004907122731749325, 0.0004907122731749325, 0.0004907122731749325, 0.0004907122731749325, 0.0008779091012225132, 0.0032133580829479557, 0.0033024156976124643, 0.0033024156976124643, 0.0008779091012225132, 0.004217733278601914, 0.005751454191981277, 0.005982013934987134, 0.0008779091012225132, 0.004217733278601914, 0.005751454191981277, 0.005982013934987134, 0.0008779091012225132, 0.004217733278601914, 0.005751454191981277, 0.005982013934987134, 0.0008779091012225132, 0.004217733278601914, 0.005751454191981277, 0.005982013934987134], "mean_train_roc_auc": [0.8123549008685446, 0.8123549008685446, 0.8123549008685446, 0.8123549008685446, 0.8165595501559949, 0.8165595501559949, 0.8165595501559949, 0.8165595501559949, 0.9940027456231703, 0.9976221618582316, 0.9976219475174862, 0.9976219475174862, 0.9940027456231703, 0.9982910219063408, 0.9983194959970351, 0.9983194007341032, 0.9940027456231703, 0.9982910219063408, 0.9983194959970351, 0.9983194007341032, 0.9940027456231703, 0.9982910219063408, 0.9983194959970351, 0.9983194007341032, 0.9940027456231703, 0.9982910219063408, 0.9983194959970351, 0.9983194007341032], "mean_fit_time": [1.4613337516784668, 1.973280725479126, 2.6161019229888915, 2.7382238006591795, 4.9600936317443844, 5.25940276145935, 4.852007341384888, 5.143075342178345, 31.56813289642334, 33.23436644554138, 34.24425329208374, 34.384476261138914, 29.201977882385254, 36.510106801986694, 37.58258526802063, 39.89525060653686, 27.862541790008546, 36.98899941444397, 37.37553224563599, 38.67002723693847, 29.364012508392335, 36.0202162361145, 37.293581323623656, 39.17185723304748, 29.25275171279907, 35.25387606620789, 38.94501249313355, 30.91573479652405], "mean_train_recall": [0.648, 0.648, 0.648, 0.648, 0.6279999999999999, 0.6279999999999999, 0.6279999999999999, 0.6279999999999999, 1.0, 1.0, 1.0, 1.0, 1.0, 1.0, 1.0, 1.0, 1.0, 1.0, 1.0, 1.0, 1.0, 1.0, 1.0, 1.0, 1.0, 1.0, 1.0, 1.0], "mean_test_balanced_accuracy": [0.6728051200262308, 0.6728051200262308, 0.6728051200262308, 0.6728051200262308, 0.6933481437891401, 0.6933481437891401, 0.6933481437891401, 0.6933481437891401, 0.9605993124889891, 0.9704235562337395, 0.9704372740076892, 0.9704372740076892, 0.9605993124889891, 0.972856758406129, 0.9732079945459303, 0.9732162823717747, 0.9605993124889891, 0.972856758406129, 0.9732079945459303, 0.9732162823717747, 0.9605993124889891, 0.972856758406129, 0.9732079945459303, 0.9732162823717747, 0.9605993124889891, 0.972856758406129, 0.9732079945459303, 0.9732162823717747], "mean_train_balanced_accuracy": [0.6868147612190192, 0.6868147612190192, 0.6868147612190192, 0.6868147612190192, 0.7073583507830395, 0.7073583507830395, 0.7073583507830395, 0.7073583507830395, 0.9807379206267721, 0.9904648768915613, 0.9904814526289057, 0.9904814526289057, 0.9807379206267721, 0.992872575961043, 0.9932330270648729, 0.9932466734798312, 0.9807379206267721, 0.992872575961043, 0.9932330270648729, 0.9932466734798312, 0.9807379206267721, 0.992872575961043, 0.9932330270648729, 0.9932466734798312, 0.9807379206267721, 0.992872575961043, 0.9932330270648729, 0.9932466734798312], "mean_train_f1": [0.00019614914302931312, 0.00019614914302931312, 0.00019614914302931312, 0.00019614914302931312, 0.0009720458051557577, 0.0009720458051557577, 0.0009720458051557577, 0.0009720458051557577, 0.0017519202005186864, 0.006393457498658252, 0.006568884866485378, 0.006568884866485378, 0.0017519202005186864, 0.008385713619546948, 0.011380081839547728, 0.01182275688110971, 0.0017519202005186864, 0.008385713619546948, 0.011380081839547728, 0.01182275688110971, 0.0017519202005186864, 0.008385713619546948, 0.011380081839547728, 0.01182275688110971, 0.0017519202005186864, 0.008385713619546948, 0.011380081839547728, 0.01182275688110971], "mean_test_precision": [4.06975322572234e-05, 4.06975322572234e-05, 4.06975322572234e-05, 4.06975322572234e-05, 6.638069929070656e-05, 6.638069929070656e-05, 6.638069929070656e-05, 6.638069929070656e-05, 0.0009128974097199544, 0.002979410573718772, 0.0030354089649488394, 0.0030354089649488394, 0.0009128974097199544, 0.0038634158121071227, 0.0042050447730566905, 0.00424185166119734, 0.0009128974097199544, 0.0038634158121071227, 0.0042050447730566905, 0.00424185166119734, 0.0009128974097199544, 0.0038634158121071227, 0.0042050447730566905, 0.00424185166119734, 0.0009128974097199544, 0.0038634158121071227, 0.0042050447730566905, 0.00424185166119734], "mean_test_roc_auc": [0.8270353576656967, 0.8270353576656967, 0.8270353576656967, 0.8270353576656967, 0.8288692622039067, 0.8288692622039067, 0.8288692622039067, 0.8288692622039067, 0.988116590531809, 0.9929918591442883, 0.9929947170138614, 0.9929947170138614, 0.988116590531809, 0.9941290122628847, 0.9951784369488421, 0.9952153039931222, 0.988116590531809, 0.9941290122628847, 0.9951784369488421, 0.9952153039931222, 0.988116590531809, 0.9941290122628847, 0.9951784369488421, 0.9952153039931222, 0.988116590531809, 0.9941290122628847, 0.9951784369488421, 0.9952153039931222], "mean_test_recall": [0.6199996570605517, 0.6199996570605517, 0.6199996570605517, 0.6199996570605517, 0.5999994284342528, 0.5999994284342528, 0.5999994284342528, 0.5999994284342528, 0.9599995427474022, 0.9599995427474022, 0.9599995427474022, 0.9599995427474022, 0.9599995427474022, 0.9599995427474022, 0.9599995427474022, 0.9599995427474022, 0.9599995427474022, 0.9599995427474022, 0.9599995427474022, 0.9599995427474022, 0.9599995427474022, 0.9599995427474022, 0.9599995427474022, 0.9599995427474022, 0.9599995427474022, 0.9599995427474022, 0.9599995427474022, 0.9599995427474022], "params": [{"max_iter": 1.0, "tol": 0.001}, {"max_iter": 1.0, "tol": 0.0001}, {"max_iter": 1.0, "tol": 1e-05}, {"max_iter": 1.0, "tol": 1e-06}, {"max_iter": 10.0, "tol": 0.001}, {"max_iter": 10.0, "tol": 0.0001}, {"max_iter": 10.0, "tol": 1e-05}, {"max_iter": 10.0, "tol": 1e-06}, {"max_iter": 100.0, "tol": 0.001}, {"max_iter": 100.0, "tol": 0.0001}, {"max_iter": 100.0, "tol": 1e-05}, {"max_iter": 100.0, "tol": 1e-06}, {"max_iter": 1000.0, "tol": 0.001}, {"max_iter": 1000.0, "tol": 0.0001}, {"max_iter": 1000.0, "tol": 1e-05}, {"max_iter": 1000.0, "tol": 1e-06}, {"max_iter": 10000.0, "tol": 0.001}, {"max_iter": 10000.0, "tol": 0.0001}, {"max_iter": 10000.0, "tol": 1e-05}, {"max_iter": 10000.0, "tol": 1e-06}, {"max_iter": 100000.0, "tol": 0.001}, {"max_iter": 100000.0, "tol": 0.0001}, {"max_iter": 100000.0, "tol": 1e-05}, {"max_iter": 100000.0, "tol": 1e-06}, {"max_iter": 1000000.0, "tol": 0.001}, {"max_iter": 1000000.0, "tol": 0.0001}, {"max_iter": 1000000.0, "tol": 1e-05}, {"max_iter": 1000000.0, "tol": 1e-06}], "optimal_params": {"max_iter": 1000.0, "tol": 1e-06},