{"mean_score_time": [2.441809587478638, 2.2385264301300047, 2.142337703704834, 1.7819452857971192, 1.7846968460083008, 1.7990373134613038, 1.7437606143951416, 1.592041826248169, 1.6580906009674072, 1.4834580421447754, 1.6154377937316895, 1.4140386867523194, 1.5841343021392822, 1.6237789726257323, 1.4727562618255616, 1.6214879989624023, 1.6552331733703614, 1.6750318336486816, 1.5001599502563476, 1.4435832405090332, 1.6599704360961913, 1.5618767929077149, 1.6214165019989013, 1.6884725856781007, 1.5148185062408448, 1.6780197048187255, 1.4516485691070558, 1.4706061267852784], "mean_test_recall": [1.0, 1.0, 1.0, 1.0, 1.0, 1.0, 1.0, 1.0, 1.0, 1.0, 1.0, 1.0, 1.0, 1.0, 1.0, 1.0, 1.0, 1.0, 1.0, 1.0, 1.0, 1.0, 1.0, 1.0, 1.0, 1.0, 1.0, 1.0], "mean_test_f1": [0.002135924994187312, 0.002135924994187312, 0.002135924994187312, 0.002135924994187312, 0.16820303663062075, 0.16820303663062075, 0.16820303663062075, 0.16820303663062075, 0.42095016114569517, 0.42095016114569517, 0.42095016114569517, 0.42095016114569517, 0.4621902125023547, 0.4621902125023547, 0.4621902125023547, 0.4621902125023547, 0.4621902125023547, 0.4621902125023547, 0.4621902125023547, 0.4621902125023547, 0.4621902125023547, 0.4621902125023547, 0.4621902125023547, 0.4621902125023547, 0.4621902125023547, 0.4621902125023547, 0.4621902125023547, 0.4621902125023547], "mean_test_precision": [0.0010695490646226299, 0.0010695490646226299, 0.0010695490646226299, 0.0010695490646226299, 0.09712926173147232, 0.09712926173147232, 0.09712926173147232, 0.09712926173147232, 0.2892378556210886, 0.2892378556210886, 0.2892378556210886, 0.2892378556210886, 0.320380670092424, 0.320380670092424, 0.320380670092424, 0.320380670092424, 0.320380670092424, 0.320380670092424, 0.320380670092424, 0.320380670092424, 0.320380670092424, 0.320380670092424, 0.320380670092424, 0.320380670092424, 0.320380670092424, 0.320380670092424, 0.320380670092424, 0.320380670092424], "mean_test_balanced_accuracy": [0.9807307583306161, 0.9807307583306161, 0.9807307583306161, 0.9807307583306161, 0.9998571570812589, 0.9998571570812589, 0.9998571570812589, 0.9998571570812589, 0.999962853181989, 0.999962853181989, 0.999962853181989, 0.999962853181989, 0.9999728100610435, 0.9999728100610435, 0.9999728100610435, 0.9999728100610435, 0.9999728100610435, 0.9999728100610435, 0.9999728100610435, 0.9999728100610435, 0.9999728100610435, 0.9999728100610435, 0.9999728100610435, 0.9999728100610435, 0.9999728100610435, 0.9999728100610435, 0.9999728100610435, 0.9999728100610435], "mean_fit_time": [1.0877318954467774, 1.6517669773101806, 2.1955184364318847, 2.353872203826904, 3.52421012878418, 3.339027137756348, 3.5257320499420164, 3.4436930274963378, 5.197167444229126, 4.64011510848999, 4.878438282012939, 4.442508821487427, 5.404798526763916, 5.240815706253052, 5.078158855438232, 5.104051733016968, 5.3649085426330565, 5.295277681350708, 4.749247350692749, 4.953526000976563, 5.233169174194336, 4.946196479797363, 4.97105525970459, 4.9363478088378905, 4.804101610183716, 4.935103988647461, 4.886025791168213, 5.046202754974365], "mean_train_recall": [1.0, 1.0, 1.0, 1.0, 1.0, 1.0, 1.0, 1.0, 1.0, 1.0, 1.0, 1.0, 1.0, 1.0, 1.0, 1.0, 1.0, 1.0, 1.0, 1.0, 1.0, 1.0, 1.0, 1.0, 1.0, 1.0, 1.0, 1.0], "mean_train_precision": [0.001086903918047191, 0.001086903918047191, 0.001086903918047191, 0.001086903918047191, 0.0989280768499205, 0.0989280768499205, 0.0989280768499205, 0.0989280768499205, 0.2507226547102708, 0.2507226547102708, 0.2507226547102708, 0.2507226547102708, 0.27373557161792456, 0.27373557161792456, 0.27373557161792456, 0.27373557161792456, 0.27373557161792456, 0.27373557161792456, 0.27373557161792456, 0.27373557161792456, 0.27373557161792456, 0.27373557161792456, 0.27373557161792456, 0.27373557161792456, 0.27373557161792456, 0.27373557161792456, 0.27373557161792456, 0.27373557161792456], "mean_train_roc_auc": [0.9998784591171538, 0.9998784591171538, 0.9998784591171538, 0.9998784591171538, 1.0, 1.0, 1.0, 1.0, 1.0, 1.0, 1.0, 1.0, 1.0, 1.0, 1.0, 1.0, 1.0, 1.0, 1.0, 1.0, 1.0, 1.0, 1.0, 1.0, 1.0, 1.0, 1.0, 1.0], "mean_test_roc_auc": [0.9997955010224955, 0.9997955010224955, 0.9997955010224955, 0.9997955010224955, 0.9999992340862265, 0.9999992340862265, 0.9999992340862265, 0.9999992340862265, 1.0, 1.0, 1.0, 1.0, 1.0, 1.0, 1.0, 1.0, 1.0, 1.0, 1.0, 1.0, 1.0, 1.0, 1.0, 1.0, 1.0, 1.0, 1.0, 1.0], "mean_train_balanced_accuracy": [0.9807218626914392, 0.9807218626914392, 0.9807218626914392, 0.9807218626914392, 0.9998662522754169, 0.9998662522754169, 0.9998662522754169, 0.9998662522754169, 0.9999669699634797, 0.9999669699634797, 0.9999669699634797, 0.9999669699634797, 0.9999741504106052, 0.9999741504106052, 0.9999741504106052, 0.9999741504106052, 0.9999741504106052, 0.9999741504106052, 0.9999741504106052, 0.9999741504106052, 0.9999741504106052, 0.9999741504106052, 0.9999741504106052, 0.9999741504106052, 0.9999741504106052, 0.9999741504106052, 0.9999741504106052, 0.9999741504106052], "mean_train_f1": [0.00217051600991525, 0.00217051600991525, 0.00217051600991525, 0.00217051600991525, 0.17148276243698915, 0.17148276243698915, 0.17148276243698915, 0.17148276243698915, 0.3967301730677064, 0.3967301730677064, 0.3967301730677064, 0.3967301730677064, 0.42884728755936186, 0.42884728755936186, 0.42884728755936186, 0.42884728755936186, 0.42884728755936186, 0.42884728755936186, 0.42884728755936186, 0.42884728755936186, 0.42884728755936186, 0.42884728755936186, 0.42884728755936186, 0.42884728755936186, 0.42884728755936186, 0.42884728755936186, 0.42884728755936186, 0.42884728755936186], "params": [{"max_iter": 1.0, "tol": 0.001}, {"max_iter": 1.0, "tol": 0.0001}, {"max_iter": 1.0, "tol": 1e-05}, {"max_iter": 1.0, "tol": 1e-06}, {"max_iter": 10.0, "tol": 0.001}, {"max_iter": 10.0, "tol": 0.0001}, {"max_iter": 10.0, "tol": 1e-05}, {"max_iter": 10.0, "tol": 1e-06}, {"max_iter": 100.0, "tol": 0.001}, {"max_iter": 100.0, "tol": 0.0001}, {"max_iter": 100.0, "tol": 1e-05}, {"max_iter": 100.0, "tol": 1e-06}, {"max_iter": 1000.0, "tol": 0.001}, {"max_iter": 1000.0, "tol": 0.0001}, {"max_iter": 1000.0, "tol": 1e-05}, {"max_iter": 1000.0, "tol": 1e-06}, {"max_iter": 10000.0, "tol": 0.001}, {"max_iter": 10000.0, "tol": 0.0001}, {"max_iter": 10000.0, "tol": 1e-05}, {"max_iter": 10000.0, "tol": 1e-06}, {"max_iter": 100000.0, "tol": 0.001}, {"max_iter": 100000.0, "tol": 0.0001}, {"max_iter": 100000.0, "tol": 1e-05}, {"max_iter": 100000.0, "tol": 1e-06}, {"max_iter": 1000000.0, "tol": 0.001}, {"max_iter": 1000000.0, "tol": 0.0001}, {"max_iter": 1000000.0, "tol": 1e-05}, {"max_iter": 1000000.0, "tol": 1e-06}], "optimal_params": {"max_iter": 1000.0, "tol": 0.001}, "cv_search_time": "0:03:56.160068"}