{"mean_fit_time": [1.3478069305419922, 1.7504220581054688, 2.0084705543518067, 2.061604585647583, 3.6289691352844238, 4.093983058929443, 3.8207660484313966, 4.19874755859375, 8.647202205657958, 8.868261976242065, 9.133595552444458, 8.872302513122559, 17.136381340026855, 17.10733973503113, 17.54555501937866, 17.89632808685303, 21.036265144348146, 23.94134348869324, 19.96200523376465, 21.266863803863526, 23.8554873752594, 22.716489963531494, 20.52916063308716, 20.32735118865967, 20.842085361480713, 20.249455432891846, 17.966454973220824, 15.497359161376954], "mean_score_time": [2.3803107357025146, 2.1796112060546875, 2.1554433155059813, 1.8754310989379883, 1.6560802173614502, 1.7651405620574951, 1.6810118293762206, 1.5329558658599853, 1.2855038452148437, 1.3974294948577881, 1.5027916240692138, 1.221591911315918, 1.0540427017211913, 1.061572427749634, 1.1158254051208496, 1.1470250225067138, 1.0513540077209473, 1.112382297515869, 1.0067507934570312, 1.0866339683532715, 1.0201656246185302, 0.9670410060882568, 1.0701793956756591, 1.0424791336059571, 0.8880979633331298, 0.8866702938079833, 0.9845423698425293, 0.8719457817077637], "mean_test_balanced_accuracy": [0.7878621814766346, 0.7878621814766346, 0.7878621814766346, 0.7878621814766346, 0.9950395594463103, 0.9950395594463103, 0.9950395594463103, 0.9950395594463103, 0.9999548110873718, 0.9999548110873718, 0.9999548110873718, 0.9999548110873718, 0.9999919579053792, 0.9999919579053792, 0.9999919579053792, 0.9999919579053792, 0.9999919579053792, 0.9999919579053792, 0.9999919579053792, 0.9999919579053792, 0.9999919579053792, 0.9999919579053792, 0.9999919579053792, 0.9999919579053792, 0.9999919579053792, 0.9999919579053792, 0.9999919579053792, 0.9999919579053792], "mean_test_recall": [1.0, 1.0, 1.0, 1.0, 1.0, 1.0, 1.0, 1.0, 1.0, 1.0, 1.0, 1.0, 1.0, 1.0, 1.0, 1.0, 1.0, 1.0, 1.0, 1.0, 1.0, 1.0, 1.0, 1.0, 1.0, 1.0, 1.0, 1.0], "mean_train_precision": [4.830821561598126e-05, 4.830821561598126e-05, 4.830821561598126e-05, 4.830821561598126e-05, 0.006287260948649191, 0.006287260948649191, 0.006287260948649191, 0.006287260948649191, 0.4071468114682154, 0.4071468114682154, 0.4071468114682154, 0.4071468114682154, 0.7188571428571429, 0.7188571428571429, 0.7188571428571429, 0.7188571428571429, 0.7226666666666667, 0.7226666666666667, 0.7226666666666667, 0.7226666666666667, 0.7226666666666667, 0.7226666666666667, 0.7226666666666667, 0.7226666666666667, 0.7226666666666667, 0.7226666666666667, 0.7226666666666667, 0.7226666666666667], "mean_train_recall": [1.0, 1.0, 1.0, 1.0, 1.0, 1.0, 1.0, 1.0, 1.0, 1.0, 1.0, 1.0, 1.0, 1.0, 1.0, 1.0, 1.0, 1.0, 1.0, 1.0, 1.0, 1.0, 1.0, 1.0, 1.0, 1.0, 1.0, 1.0], "mean_test_f1": [9.682075982170554e-05, 9.682075982170554e-05, 9.682075982170554e-05, 9.682075982170554e-05, 0.01249604216329137, 0.01249604216329137, 0.01249604216329137, 0.01249604216329137, 0.5075203236166467, 0.5075203236166467, 0.5075203236166467, 0.5075203236166467, 0.7533330014437197, 0.7533330014437197, 0.7533330014437197, 0.7533330014437197, 0.7533330014437197, 0.7533330014437197, 0.7533330014437197, 0.7533330014437197, 0.7533330014437197, 0.7533330014437197, 0.7533330014437197, 0.7533330014437197, 0.7533330014437197, 0.7533330014437197, 0.7533330014437197, 0.7533330014437197], "mean_test_precision": [4.841292988284571e-05, 4.841292988284571e-05, 4.841292988284571e-05, 4.841292988284571e-05, 0.006319603214377367, 0.006319603214377367, 0.006319603214377367, 0.006319603214377367, 0.3993027650119301, 0.3993027650119301, 0.3993027650119301, 0.3993027650119301, 0.646666232657172, 0.646666232657172, 0.646666232657172, 0.646666232657172, 0.646666232657172, 0.646666232657172, 0.646666232657172, 0.646666232657172, 0.646666232657172, 0.646666232657172, 0.646666232657172, 0.646666232657172, 0.646666232657172, 0.646666232657172, 0.646666232657172, 0.646666232657172], "mean_train_balanced_accuracy": [0.7876617857663544, 0.7876617857663544, 0.7876617857663544, 0.7876617857663544, 0.9950309441311098, 0.9950309441311098, 0.9950309441311098, 0.9950309441311098, 0.999964289236216, 0.999964289236216, 0.999964289236216, 0.999964289236216, 0.9999960746933777, 0.9999960746933777, 0.9999960746933777, 0.9999960746933777, 0.9999961704325077, 0.9999961704325077, 0.9999961704325077, 0.9999961704325077, 0.9999961704325077, 0.9999961704325077, 0.9999961704325077, 0.9999961704325077, 0.9999961704325077, 0.9999961704325077, 0.9999961704325077, 0.9999961704325077], "mean_train_f1": [9.661136131988989e-05, 9.661136131988989e-05, 9.661136131988989e-05, 9.661136131988989e-05, 0.012432738206590646, 0.012432738206590646, 0.012432738206590646, 0.012432738206590646, 0.5378999460315949, 0.5378999460315949, 0.5378999460315949, 0.5378999460315949, 0.8335353535353535, 0.8335353535353535, 0.8335353535353535, 0.8335353535353535, 0.8364444444444444, 0.8364444444444444, 0.8364444444444444, 0.8364444444444444, 0.8364444444444444, 0.8364444444444444, 0.8364444444444444, 0.8364444444444444, 0.8364444444444444, 0.8364444444444444, 0.8364444444444444, 0.8364444444444444], "mean_test_roc_auc": [0.9995710882868803, 0.9995710882868803, 0.9995710882868803, 0.9995710882868803, 0.9995710882868803, 0.9995710882868803, 0.9995710882868803, 0.9995710882868803, 1.0, 1.0, 1.0, 1.0, 1.0, 1.0, 1.0, 1.0, 1.0, 1.0, 1.0, 1.0, 1.0, 1.0, 1.0, 1.0, 1.0, 1.0, 1.0, 1.0], "mean_train_roc_auc": [0.9995710882859623, 0.9995710882859623, 0.9995710882859623, 0.9995710882859623, 0.999571136156444, 0.999571136156444, 0.999571136156444, 0.999571136156444, 1.0, 1.0, 1.0, 1.0, 1.0, 1.0, 1.0, 1.0, 1.0, 1.0, 1.0, 1.0, 1.0, 1.0, 1.0, 1.0, 1.0, 1.0, 1.0, 1.0], "params": [{"max_iter": 1.0, "tol": 0.001}, {"max_iter": 1.0, "tol": 0.0001}, {"max_iter": 1.0, "tol": 1e-05}, {"max_iter": 1.0, "tol": 1e-06}, {"max_iter": 10.0, "tol": 0.001}, {"max_iter": 10.0, "tol": 0.0001}, {"max_iter": 10.0, "tol": 1e-05}, {"max_iter": 10.0, "tol": 1e-06}, {"max_iter": 100.0, "tol": 0.001}, {"max_iter": 100.0, "tol": 0.0001}, {"max_iter": 100.0, "tol": 1e-05}, {"max_iter": 100.0, "tol": 1e-06}, {"max_iter": 1000.0, "tol": 0.001}, {"max_iter": 1000.0, "tol": 0.0001}, {"max_iter": 1000.0, "tol": 1e-05}, {"max_iter": 1000.0, "tol": 1e-06}, {"max_iter": 10000.0, "tol": 0.001}, {"max_iter": 10000.0, "tol": 0.0001}, {"max_iter": 10000.0, "tol": 1e-05}, {"max_iter": 10000.0, "tol": 1e-06}, {"max_iter": 100000.0, "tol": 0.001}, {"max_iter": 100000.0, "tol": 0.0001}, {"max_iter": 100000.0, "tol": 1e-05}, {"max_iter": 100000.0, "tol": 1e-06}, {"max_iter": 1000000.0, "tol": 0.001}, {"max_iter": 1000000.0, "tol": 0.0001}, {"max_iter": 1000000.0, "tol": 1e-05}, {"max_iter": 1000000.0, "tol": 1e-06}], "optimal_params": {"max_iter": 1000.0, "tol": 0.001}, "cv_search_time": "0:07:07.158420"}