{"mean_test_roc_auc": [0.9992218811588124, 0.9992218811588124, 0.9992218811588124, 0.9992218811588124, 0.9999541802868205, 0.9999541802868205, 0.9999541802868205, 0.9999541802868205, 0.9999717729839097, 0.9999730133346981, 0.9999729333048056, 0.9999729371958885, 0.9999717729839097, 0.9999730133346981, 0.9999729333048056, 0.9999729371958885, 0.9999717729839097, 0.9999730133346981, 0.9999729333048056, 0.9999729371958885, 0.9999717729839097, 0.9999730133346981, 0.9999729333048056, 0.9999729371958885, 0.9999717729839097, 0.9999730133346981, 0.9999729333048056, 0.9999729371958885], "mean_train_recall": [1.0, 1.0, 1.0, 1.0, 1.0, 1.0, 1.0, 1.0, 1.0, 1.0, 1.0, 1.0, 1.0, 1.0, 1.0, 1.0, 1.0, 1.0, 1.0, 1.0, 1.0, 1.0, 1.0, 1.0, 1.0, 1.0, 1.0, 1.0], "mean_train_balanced_accuracy": [0.9922748844032137, 0.9922748844032137, 0.9922748844032137, 0.9922748844032137, 0.9999294045059515, 0.9999294045059515, 0.9999294045059515, 0.9999294045059515, 0.9999617713702814, 0.9999617713702814, 0.9999617713702814, 0.9999617713702814, 0.9999617713702814, 0.9999617713702814, 0.9999617713702814, 0.9999617713702814, 0.9999617713702814, 0.9999617713702814, 0.9999617713702814, 0.9999617713702814, 0.9999617713702814, 0.9999617713702814, 0.9999617713702814, 0.9999617713702814, 0.9999617713702814, 0.9999617713702814, 0.9999617713702814, 0.9999617713702814], "mean_train_precision": [0.46282595056001546, 0.46282595056001546, 0.46282595056001546, 0.46282595056001546, 0.9895466781597376, 0.9895466781597376, 0.9895466781597376, 0.9895466781597376, 0.9942843400394104, 0.9942843400394104, 0.9942843400394104, 0.9942843400394104, 0.9942843400394104, 0.9942843400394104, 0.9942843400394104, 0.9942843400394104, 0.9942843400394104, 0.9942843400394104, 0.9942843400394104, 0.9942843400394104, 0.9942843400394104, 0.9942843400394104, 0.9942843400394104, 0.9942843400394104, 0.9942843400394104, 0.9942843400394104, 0.9942843400394104, 0.9942843400394104], "mean_score_time": [2.113021068572998, 1.7443435859680176, 1.8534274291992188, 1.6563184833526612, 1.8253246498107911, 1.7610336685180663, 1.6418067836761474, 1.6037897872924805, 1.6427340412139892, 1.6153266048431396, 1.517430944442749, 1.7798143863677978, 1.6061010837554932, 1.6466362953186036, 1.6758685874938966, 1.5818514251708984, 1.6710041236877442, 1.689625301361084, 1.762553062438965, 1.5161068916320801, 1.7532160377502441, 1.7819248676300048, 1.4963514232635498, 1.8657360363006592, 1.704311637878418, 1.5884453678131103, 1.5034231853485107, 1.574496726989746], "mean_train_roc_auc": [0.999223686023427, 0.999223686023427, 0.999223686023427, 0.999223686023427, 0.999962239334695, 0.999962239334695, 0.999962239334695, 0.999962239334695, 0.9999872431998033, 0.999988324320755, 0.9999882985549391, 0.9999882966026128, 0.9999872431998033, 0.999988324320755, 0.9999882985549391, 0.9999882966026128, 0.9999872431998033, 0.999988324320755, 0.9999882985549391, 0.9999882966026128, 0.9999872431998033, 0.999988324320755, 0.9999882985549391, 0.9999882966026128, 0.9999872431998033, 0.999988324320755, 0.9999882985549391, 0.9999882966026128], "mean_test_f1": [0.6318519637473301, 0.6318519637473301, 0.6318519637473301, 0.6318519637473301, 0.9949385383130289, 0.9949385383130289, 0.9949385383130289, 0.9949385383130289, 0.9971369058880902, 0.9971369058880902, 0.9971369058880902, 0.9971369058880902, 0.9971369058880902, 0.9971369058880902, 0.9971369058880902, 0.9971369058880902, 0.9971369058880902, 0.9971369058880902, 0.9971369058880902, 0.9971369058880902, 0.9971369058880902, 0.9971369058880902, 0.9971369058880902, 0.9971369058880902, 0.9971369058880902, 0.9971369058880902, 0.9971369058880902, 0.9971369058880902], "mean_fit_time": [1.2020541191101075, 1.8170969772338867, 1.9383198928833008, 1.7023856353759765, 2.589716453552246, 2.6730478477478026, 3.0426821231842043, 2.7492090320587157, 2.9932923793792723, 3.2341837215423586, 3.0985541439056394, 3.079173126220703, 2.9397437953948975, 2.9896673488616945, 2.763253231048584, 2.9737947177886963, 2.602042007446289, 3.1029927635192873, 3.112102975845337, 3.1426332283020018, 3.0160382843017577, 2.6265898895263673, 2.764228105545044, 3.332509593963623, 3.0673933696746825, 2.65429666519165, 3.0707967185974123, 2.7651188468933103], "mean_test_balanced_accuracy": [0.9922385685294287, 0.9922385685294287, 0.9922385685294287, 0.9922385685294287, 0.9999322079132137, 0.9999322079132137, 0.9999322079132137, 0.9999322079132137, 0.9999617713254108, 0.9999617713254108, 0.9999617713254108, 0.9999617713254108, 0.9999617713254108, 0.9999617713254108, 0.9999617713254108, 0.9999617713254108, 0.9999617713254108, 0.9999617713254108, 0.9999617713254108, 0.9999617713254108, 0.9999617713254108, 0.9999617713254108, 0.9999617713254108, 0.9999617713254108, 0.9999617713254108, 0.9999617713254108, 0.9999617713254108, 0.9999617713254108], "mean_test_recall": [1.0, 1.0, 1.0, 1.0, 1.0, 1.0, 1.0, 1.0, 1.0, 1.0, 1.0, 1.0, 1.0, 1.0, 1.0, 1.0, 1.0, 1.0, 1.0, 1.0, 1.0, 1.0, 1.0, 1.0, 1.0, 1.0, 1.0, 1.0], "mean_train_f1": [0.6327110010254351, 0.6327110010254351, 0.6327110010254351, 0.6327110010254351, 0.9947328521734565, 0.9947328521734565, 0.9947328521734565, 0.9947328521734565, 0.9971337846905861, 0.9971337846905861, 0.9971337846905861, 0.9971337846905861, 0.9971337846905861, 0.9971337846905861, 0.9971337846905861, 0.9971337846905861, 0.9971337846905861, 0.9971337846905861, 0.9971337846905861, 0.9971337846905861, 0.9971337846905861, 0.9971337846905861, 0.9971337846905861, 0.9971337846905861, 0.9971337846905861, 0.9971337846905861, 0.9971337846905861, 0.9971337846905861], "mean_test_precision": [0.46202301307960825, 0.46202301307960825, 0.46202301307960825, 0.46202301307960825, 0.9899487264816058, 0.9899487264816058, 0.9899487264816058, 0.9899487264816058, 0.9942963228220726, 0.9942963228220726, 0.9942963228220726, 0.9942963228220726, 0.9942963228220726, 0.9942963228220726, 0.9942963228220726, 0.9942963228220726, 0.9942963228220726, 0.9942963228220726, 0.9942963228220726, 0.9942963228220726, 0.9942963228220726, 0.9942963228220726, 0.9942963228220726, 0.9942963228220726, 0.9942963228220726, 0.9942963228220726, 0.9942963228220726, 0.9942963228220726], "params": [{"max_iter": 1.0, "tol": 0.001}, {"max_iter": 1.0, "tol": 0.0001}, {"max_iter": 1.0, "tol": 1e-05}, {"max_iter": 1.0, "tol": 1e-06}, {"max_iter": 10.0, "tol": 0.001}, {"max_iter": 10.0, "tol": 0.0001}, {"max_iter": 10.0, "tol": 1e-05}, {"max_iter": 10.0, "tol": 1e-06}, {"max_iter": 100.0, "tol": 0.001}, {"max_iter": 100.0, "tol": 0.0001}, {"max_iter": 100.0, "tol": 1e-05}, {"max_iter": 100.0, "tol": 1e-06}, {"max_iter": 1000.0, "tol": 0.001}, {"max_iter": 1000.0, "tol": 0.0001}, {"max_iter": 1000.0, "tol": 1e-05}, {"max_iter": 1000.0, "tol": 1e-06}, {"max_iter": 10000.0, "tol": 0.001}, {"max_iter": 10000.0, "tol": 0.0001}, {"max_iter": 10000.0, "tol": 1e-05}, {"max_iter": 10000.0, "tol": 1e-06}, {"max_iter": 100000.0, "tol": 0.001}, {"max_iter": 100000.0, "tol": 0.0001}, {"max_iter": 100000.0, "tol": 1e-05}, {"max_iter": 100000.0, "tol": 1e-06}, {"max_iter": 1000000.0, "tol": 0.001}, {"max_iter": 1000000.0, "tol": 0.0001}, {"max_iter": 1000000.0, "tol": 1e-05}, {"max_iter": 1000000.0, "tol": 1e-06}], "optimal_params": {"max_iter": 100.0, "tol": 0.001}, "cv_search_time": "0:03:15.804064"}