{"mean_test_f1": [0.23385631884395452, 0.23385631884395452, 0.23385631884395452, 0.23385631884395452, 0.9427412618341079, 0.9427412618341079, 0.9427412618341079, 0.9428680707571703, 0.9427412618341079, 0.9427412618341079, 0.9427412618341079, 0.9587930679609719, 0.9427412618341079, 0.9427412618341079, 0.9427412618341079, 0.9606893787119608, 0.9427412618341079, 0.9427412618341079, 0.9427412618341079, 0.9649501610321874, 0.9427412618341079, 0.9427412618341079, 0.9427412618341079, 0.9649501610321874, 0.9427412618341079, 0.9427412618341079, 0.9427412618341079, 0.9649501610321874], "mean_train_roc_auc": [0.9990555537220609, 0.9990555537220609, 0.9990555537220609, 0.9990555537220609, 0.999055564599697, 0.999055564599697, 0.999055564599697, 0.9997892306294929, 0.999055564599697, 0.999055564599697, 0.999055564599697, 0.9997963149411458, 0.999055564599697, 0.999055564599697, 0.999055564599697, 0.9998397771118028, 0.999055564599697, 0.999055564599697, 0.999055564599697, 0.9999195049003479, 0.999055564599697, 0.999055564599697, 0.999055564599697, 0.9999195049003479, 0.999055564599697, 0.999055564599697, 0.999055564599697, 0.9999195049003479], "mean_test_recall": [1.0, 1.0, 1.0, 1.0, 1.0, 1.0, 1.0, 1.0, 1.0, 1.0, 1.0, 1.0, 1.0, 1.0, 1.0, 1.0, 1.0, 1.0, 1.0, 1.0, 1.0, 1.0, 1.0, 1.0, 1.0, 1.0, 1.0, 1.0], "mean_score_time": [2.4372854900360106, 2.3002810668945313, 2.010809564590454, 2.0372838497161867, 2.093715353012085, 1.7603172588348388, 1.8349405384063722, 1.8669169330596924, 1.9599254131317139, 1.558723840713501, 1.702595911026001, 1.625968542098999, 1.6356390476226808, 1.9131643867492676, 1.8053409004211425, 1.278205394744873, 1.388257122039795, 1.4194939994812013, 1.4030511856079102, 0.9853730487823487, 1.2969224452972412, 1.3387117385864258, 1.5002666759490966, 0.7745151519775391, 0.9179715824127197, 1.0952901077270507, 1.251308946609497, 0.5671884632110595], "mean_train_f1": [0.23383889637098507, 0.23383889637098507, 0.23383889637098507, 0.23383889637098507, 0.9427226541564449, 0.9427226541564449, 0.9427226541564449, 0.9428433815916406, 0.9427226541564449, 0.9427226541564449, 0.9427226541564449, 0.9582888992737825, 0.9427226541564449, 0.9427226541564449, 0.9427226541564449, 0.960795339964649, 0.9427226541564449, 0.9427226541564449, 0.9427226541564449, 0.9647470728803507, 0.9427226541564449, 0.9427226541564449, 0.9427226541564449, 0.9647470728803507, 0.9427226541564449, 0.9427226541564449, 0.9427226541564449, 0.9647470728803507], "mean_test_balanced_accuracy": [0.9564134952647583, 0.9564134952647583, 0.9564134952647583, 0.9564134952647583, 0.9991916804195291, 0.9991916804195291, 0.9991916804195291, 0.9991935823342809, 0.9991916804195291, 0.9991916804195291, 0.9991916804195291, 0.9994271392134356, 0.9991916804195291, 0.9991916804195291, 0.9991916804195291, 0.9994549073531147, 0.9991916804195291, 0.9991916804195291, 0.9991916804195291, 0.9995165297573977, 0.9991916804195291, 0.9991916804195291, 0.9991916804195291, 0.9995165297573977, 0.9991916804195291, 0.9991916804195291, 0.9991916804195291, 0.9995165297573977], "mean_train_precision": [0.13239967462228802, 0.13239967462228802, 0.13239967462228802, 0.13239967462228802, 0.8916539818879866, 0.8916539818879866, 0.8916539818879866, 0.8918699991195688, 0.8916539818879866, 0.8916539818879866, 0.8916539818879866, 0.9200601658791538, 0.8916539818879866, 0.8916539818879866, 0.8916539818879866, 0.924618851981005, 0.8916539818879866, 0.8916539818879866, 0.8916539818879866, 0.9319024065887437, 0.8916539818879866, 0.8916539818879866, 0.8916539818879866, 0.9319024065887437, 0.8916539818879866, 0.8916539818879866, 0.8916539818879866, 0.9319024065887437], "mean_test_precision": [0.13241321537098608, 0.13241321537098608, 0.13241321537098608, 0.13241321537098608, 0.8917287591090451, 0.8917287591090451, 0.8917287591090451, 0.8919551245876253, 0.8917287591090451, 0.8917287591090451, 0.8917287591090451, 0.9209849906216259, 0.8917287591090451, 0.8917287591090451, 0.8917287591090451, 0.9244465583250855, 0.8917287591090451, 0.8917287591090451, 0.8917287591090451, 0.9323115765661607, 0.8917287591090451, 0.8917287591090451, 0.8917287591090451, 0.9323115765661607, 0.8917287591090451, 0.8917287591090451, 0.8917287591090451, 0.9323115765661607], "mean_train_recall": [1.0, 1.0, 1.0, 1.0, 1.0, 1.0, 1.0, 1.0, 1.0, 1.0, 1.0, 0.9999713979263497, 1.0, 1.0, 1.0, 1.0, 1.0, 1.0, 1.0, 1.0, 1.0, 1.0, 1.0, 1.0, 1.0, 1.0, 1.0, 1.0], "mean_train_balanced_accuracy": [0.9564159670889318, 0.9564159670889318, 0.9564159670889318, 0.9564159670889318, 0.9991917752803277, 0.9991917752803277, 0.9991917752803277, 0.9991935821129077, 0.9991917752803277, 0.9991917752803277, 0.9991917752803277, 0.9994058958837061, 0.9991917752803277, 0.9991917752803277, 0.9991917752803277, 0.999456618851704, 0.9991917752803277, 0.9991917752803277, 0.9991917752803277, 0.999513866959532, 0.9991917752803277, 0.9991917752803277, 0.9991917752803277, 0.999513866959532, 0.9991917752803277, 0.9991917752803277, 0.9991917752803277, 0.999513866959532], "mean_test_roc_auc": [0.9990555764555734, 0.9990555764555734, 0.9990555764555734, 0.9990555764555734, 0.9990555873346023, 0.9990555873346023, 0.9990555873346023, 0.9997827313461942, 0.9990555873346023, 0.9990555873346023, 0.9990555873346023, 0.9997952313899313, 0.9990555873346023, 0.9990555873346023, 0.9990555873346023, 0.999832286386205, 0.9990555873346023, 0.9990555873346023, 0.9990555873346023, 0.9999172979237022, 0.9990555873346023, 0.9990555873346023, 0.9990555873346023, 0.9999172979237022, 0.9990555873346023, 0.9990555873346023, 0.9990555873346023, 0.9999172979237022], "mean_fit_time": [1.1296943092346192, 1.5787633514404298, 1.9848848056793214, 2.050165157318115, 2.919604625701904, 2.9853386783599856, 2.9404130172729492, 3.011604652404785, 2.8915888118743895, 2.958004150390625, 3.2454447746276855, 7.304968156814575, 2.9429970264434813, 3.1093237018585205, 3.2164459896087645, 30.119633073806764, 2.339343547821045, 2.7785454177856446, 2.7613396072387695, 72.65209899902344, 2.633258047103882, 2.972125253677368, 2.618566951751709, 70.7471921634674, 2.391683931350708, 2.5066700649261473, 2.44120361328125, 53.08581102371216], "params": [{"max_iter": 1.0, "tol": 0.001}, {"max_iter": 1.0, "tol": 0.0001}, {"max_iter": 1.0, "tol": 1e-05}, {"max_iter": 1.0, "tol": 1e-06}, {"max_iter": 10.0, "tol": 0.001}, {"max_iter": 10.0, "tol": 0.0001}, {"max_iter": 10.0, "tol": 1e-05}, {"max_iter": 10.0, "tol": 1e-06}, {"max_iter": 100.0, "tol": 0.001}, {"max_iter": 100.0, "tol": 0.0001}, {"max_iter": 100.0, "tol": 1e-05}, {"max_iter": 100.0, "tol": 1e-06}, {"max_iter": 1000.0, "tol": 0.001}, {"max_iter": 1000.0, "tol": 0.0001}, {"max_iter": 1000.0, "tol": 1e-05}, {"max_iter": 1000.0, "tol": 1e-06}, {"max_iter": 10000.0, "tol": 0.001}, {"max_iter": 10000.0, "tol": 0.0001}, {"max_iter": 10000.0, "tol": 1e-05}, {"max_iter": 10000.0, "tol": 1e-06}, {"max_iter": 100000.0, "tol": 0.001}, {"max_iter": 100000.0, "tol": 0.0001}, {"max_iter": 100000.0, "tol": 1e-05}, {"max_iter": 100000.0, "tol": 1e-06}, {"max_iter": 1000000.0, "tol": 0.001}, {"max_iter": 1000000.0, "tol": 0.0001}, {"max_iter": 1000000.0, "tol": 1e-05}, {"max_iter": 1000000.0, "tol": 1e-06}], "optimal_params": {"max_iter": 10000.0, "tol": 1e-06}, "cv_search_time": "0:07:00.627775"}