{"mean_test_f1": [0.9389957483394733, 0.9389957483394733, 0.9389957483394733, 0.9389957483394733, 0.9905362784151752, 0.9905362784151752, 0.9905362784151752, 0.9905362784151752, 0.9987765063917083, 0.9987381568312786, 0.9987381568312786, 0.9987381568312786, 0.9987765063917083, 0.9986998072708492, 0.9986998072708492, 0.9986998072708492, 0.9987765063917083, 0.9986998072708492, 0.9986998072708492, 0.9986998072708492, 0.9987765063917083, 0.9986998072708492, 0.9986998072708492, 0.9986998072708492, 0.9987765063917083, 0.9986998072708492, 0.9986998072708492, 0.9986998072708492], "mean_fit_time": [1.1211496829986571, 1.4906586074829102, 2.0041074466705324, 2.1866905593872072, 3.374068651199341, 2.9862195014953614, 3.2206583881378172, 3.1705472373962404, 3.86623441696167, 4.560990152359008, 4.945096464157104, 5.284349088668823, 3.5308610153198243, 4.7298437595367435, 5.934920330047607, 6.250640783309937, 3.503487186431885, 5.195175638198853, 5.333323841094971, 6.192154626846314, 3.3674557781219483, 5.525531444549561, 6.126348857879639, 5.839562091827393, 3.3637462615966798, 4.793110389709472, 6.295904941558838, 5.303864946365357], "mean_test_roc_auc": [0.9992203777673082, 0.9992203777673082, 0.9992203777673082, 0.9992203777673082, 0.9999948325160746, 0.9999948325160746, 0.9999948325160746, 0.9999948325160746, 0.9999928581177733, 0.9999928581177733, 0.9999928600707144, 0.9999928600707144, 0.9999928581177733, 0.9999928581177733, 0.9999928600707144, 0.9999928600707144, 0.9999928581177733, 0.9999928581177733, 0.9999928600707144, 0.9999928600707144, 0.9999928581177733, 0.9999928581177733, 0.9999928600707144, 0.9999928600707144, 0.9999928581177733, 0.9999928581177733, 0.9999928600707144, 0.9999928600707144], "mean_score_time": [2.2419726753234865, 1.7914612102508545, 1.8038478088378906, 1.4582014179229736, 1.7157970333099366, 1.6185910892486572, 1.5596210193634032, 1.5136276054382325, 1.5786907386779785, 1.3500067234039306, 1.3694938182830811, 1.4359936714172363, 1.5704272079467774, 1.4275568866729735, 1.3661855888366699, 1.2646240711212158, 1.4393219470977783, 1.3138092422485352, 1.3626514816284179, 1.5276002979278565, 1.5208835220336914, 1.519014720916748, 1.2848637676239014, 1.4189909839630126, 1.5126610374450684, 1.4477205562591553, 1.2916045665740967, 1.1595818328857421], "mean_train_precision": [0.8850137403097122, 0.8850137403097122, 0.8850137403097122, 0.8850137403097122, 0.9823173755591584, 0.9823173755591584, 0.9823173755591584, 0.9823173755591584, 0.9980110421583553, 0.9980873959754679, 0.9980683120932557, 0.9980683120932557, 0.9980110421583553, 0.9980873959754679, 0.9980683120932557, 0.9980683120932557, 0.9980110421583553, 0.9980873959754679, 0.9980683120932557, 0.9980683120932557, 0.9980110421583553, 0.9980873959754679, 0.9980683120932557, 0.9980683120932557, 0.9980110421583553, 0.9980873959754679, 0.9980683120932557, 0.9980683120932557], "mean_test_balanced_accuracy": [0.9991355228389018, 0.9991355228389018, 0.9991355228389018, 0.9991355228389018, 0.9998720617182688, 0.9998720617182688, 0.9998720617182688, 0.9998720617182688, 0.9999836890705602, 0.9999831793655428, 0.9999831793655428, 0.9999831793655428, 0.9999836890705602, 0.9999826696605256, 0.9999826696605256, 0.9999826696605256, 0.9999836890705602, 0.9999826696605256, 0.9999826696605256, 0.9999826696605256, 0.9999836890705602, 0.9999826696605256, 0.9999826696605256, 0.9999826696605256, 0.9999836890705602, 0.9999826696605256, 0.9999826696605256, 0.9999826696605256], "mean_test_precision": [0.8850571196467558, 0.8850571196467558, 0.8850571196467558, 0.8850571196467558, 0.9813740797330935, 0.9813740797330935, 0.9813740797330935, 0.9813740797330935, 0.9975585443768465, 0.9974819187225783, 0.9974819187225783, 0.9974819187225783, 0.9975585443768465, 0.9974052930683099, 0.9974052930683099, 0.9974052930683099, 0.9975585443768465, 0.9974052930683099, 0.9974052930683099, 0.9974052930683099, 0.9975585443768465, 0.9974052930683099, 0.9974052930683099, 0.9974052930683099, 0.9975585443768465, 0.9974052930683099, 0.9974052930683099, 0.9974052930683099], "mean_train_roc_auc": [0.9992203491056791, 0.9992203491056791, 0.9992203491056791, 0.9992203491056791, 0.9999997264620941, 0.9999997264620941, 0.9999997264620941, 0.9999997264620941, 1.0, 1.0, 1.0, 1.0, 1.0, 1.0, 1.0, 1.0, 1.0, 1.0, 1.0, 1.0, 1.0, 1.0, 1.0, 1.0, 1.0, 1.0, 1.0, 1.0], "mean_train_recall": [1.0, 1.0, 1.0, 1.0, 1.0, 1.0, 1.0, 1.0, 1.0, 1.0, 1.0, 1.0, 1.0, 1.0, 1.0, 1.0, 1.0, 1.0, 1.0, 1.0, 1.0, 1.0, 1.0, 1.0, 1.0, 1.0, 1.0, 1.0], "mean_train_f1": [0.9389979679979839, 0.9389979679979839, 0.9389979679979839, 0.9389979679979839, 0.9910398033458272, 0.9910398033458272, 0.9910398033458272, 0.9910398033458272, 0.999004491474576, 0.9990427460724599, 0.999033183568472, 0.999033183568472, 0.999004491474576, 0.9990427460724599, 0.999033183568472, 0.999033183568472, 0.999004491474576, 0.9990427460724599, 0.999033183568472, 0.999033183568472, 0.999004491474576, 0.9990427460724599, 0.999033183568472, 0.999033183568472, 0.999004491474576, 0.9990427460724599, 0.999033183568472, 0.999033183568472], "mean_test_recall": [1.0, 1.0, 1.0, 1.0, 1.0, 1.0, 1.0, 1.0, 1.0, 1.0, 1.0, 1.0, 1.0, 1.0, 1.0, 1.0, 1.0, 1.0, 1.0, 1.0, 1.0, 1.0, 1.0, 1.0, 1.0, 1.0, 1.0, 1.0], "mean_train_balanced_accuracy": [0.99913603279705, 0.99913603279705, 0.99913603279705, 0.99913603279705, 0.9998791975505493, 0.9998791975505493, 0.9998791975505493, 0.9998791975505493, 0.9999867474050624, 0.9999872571207207, 0.9999871296916032, 0.9999871296916032, 0.9999867474050624, 0.9999872571207207, 0.9999871296916032, 0.9999871296916032, 0.9999867474050624, 0.9999872571207207, 0.9999871296916032, 0.9999871296916032, 0.9999867474050624, 0.9999872571207207, 0.9999871296916032, 0.9999871296916032, 0.9999867474050624, 0.9999872571207207, 0.9999871296916032, 0.9999871296916032], "params": [{"max_iter": 1.0, "tol": 0.001}, {"max_iter": 1.0, "tol": 0.0001}, {"max_iter": 1.0, "tol": 1e-05}, {"max_iter": 1.0, "tol": 1e-06}, {"max_iter": 10.0, "tol": 0.001}, {"max_iter": 10.0, "tol": 0.0001}, {"max_iter": 10.0, "tol": 1e-05}, {"max_iter": 10.0, "tol": 1e-06}, {"max_iter": 100.0, "tol": 0.001}, {"max_iter": 100.0, "tol": 0.0001}, {"max_iter": 100.0, "tol": 1e-05}, {"max_iter": 100.0, "tol": 1e-06}, {"max_iter": 1000.0, "tol": 0.001}, {"max_iter": 1000.0, "tol": 0.0001}, {"max_iter": 1000.0, "tol": 1e-05}, {"max_iter": 1000.0, "tol": 1e-06}, {"max_iter": 10000.0, "tol": 0.001}, {"max_iter": 10000.0, "tol": 0.0001}, {"max_iter": 10000.0, "tol": 1e-05}, {"max_iter": 10000.0, "tol": 1e-06}, {"max_iter": 100000.0, "tol": 0.001}, {"max_iter": 100000.0, "tol": 0.0001}, {"max_iter": 100000.0, "tol": 1e-05}, {"max_iter": 100000.0, "tol": 1e-06}, {"max_iter": 1000000.0, "tol": 0.001}, {"max_iter": 1000000.0, "tol": 0.0001}, {"max_iter": 1000000.0, "tol": 1e-05}, {"max_iter": 1000000.0, "tol": 1e-06}], "optimal_params": {"max_iter": 100.0, "tol": 0.001}, "cv_search_time": "0:03:36.710772"}