{"mean_test_balanced_accuracy": [0.9967071221758816, 0.9967071221758816, 0.9967071221758816, 0.9967071221758816, 0.9973594372303136, 0.9973594372303136, 0.9974026968491742, 0.9974026968491742, 0.9973594372303136, 0.9973594372303136, 0.997538168768108, 0.9974072509468357, 0.9973594372303136, 0.9973594372303136, 0.997538168768108, 0.9974072509468357, 0.9973594372303136, 0.9973594372303136, 0.997538168768108, 0.9974072509468357, 0.9973594372303136, 0.9973594372303136, 0.997538168768108, 0.9974072509468357, 0.9973594372303136, 0.9973594372303136, 0.997538168768108, 0.9974072509468357], "mean_train_recall": [0.9978540768415449, 0.9978540768415449, 0.9978540768415449, 0.9978540768415449, 0.9978540768415449, 0.9978540768415449, 0.9978540768415449, 0.9978540768415449, 0.9978540768415449, 0.9978540768415449, 0.9978540768415449, 0.9978540768415449, 0.9978540768415449, 0.9978540768415449, 0.9978540768415449, 0.9978540768415449, 0.9978540768415449, 0.9978540768415449, 0.9978540768415449, 0.9978540768415449, 0.9978540768415449, 0.9978540768415449, 0.9978540768415449, 0.9978540768415449, 0.9978540768415449, 0.9978540768415449, 0.9978540768415449, 0.9978540768415449], "mean_train_balanced_accuracy": [0.9967071183499735, 0.9967071183499735, 0.9967071183499735, 0.9967071183499735, 0.9973244259249173, 0.9973244259249173, 0.9973870388772604, 0.9973870388772604, 0.9973244259249173, 0.9973244259249173, 0.9975424339991137, 0.9974152159937272, 0.9973244259249173, 0.9973244259249173, 0.9975424339991137, 0.9974152159937272, 0.9973244259249173, 0.9973244259249173, 0.9975424339991137, 0.9974152159937272, 0.9973244259249173, 0.9973244259249173, 0.9975424339991137, 0.9974152159937272, 0.9973244259249173, 0.9973244259249173, 0.9975424339991137, 0.9974152159937272], "mean_test_precision": [0.7821887032229113, 0.7821887032229113, 0.7821887032229113, 0.7821887032229113, 0.838785810271889, 0.838785810271889, 0.8423120178190306, 0.8423120178190306, 0.838785810271889, 0.838785810271889, 0.8523811981926003, 0.8396414628314837, 0.838785810271889, 0.838785810271889, 0.8523811981926003, 0.8396414628314837, 0.838785810271889, 0.838785810271889, 0.8523811981926003, 0.8396414628314837, 0.838785810271889, 0.838785810271889, 0.8523811981926003, 0.8396414628314837, 0.838785810271889, 0.838785810271889, 0.8523811981926003, 0.8396414628314837], "mean_fit_time": [0.5329829406738281, 0.7763343238830567, 0.7567883014678956, 0.6995222759246826, 0.7472372913360595, 0.7722706222534179, 0.8143486404418945, 0.8954613018035888, 0.9452801609039306, 0.842475175857544, 1.391239414215088, 1.4586301803588868, 0.8867949867248535, 0.8832704448699951, 1.316998872756958, 1.5349240112304687, 0.7686365127563477, 0.8644180965423583, 1.3607012462615966, 1.5029423141479492, 0.7937046718597413, 0.8277165222167969, 1.4048005867004394, 1.912913179397583, 0.7444013500213623, 0.8641552543640136, 1.3662146949768066, 1.5115620708465576], "mean_test_recall": [0.9978540868066043, 0.9978540868066043, 0.9978540868066043, 0.9978540868066043, 0.9978540868066043, 0.9978540868066043, 0.9978540868066043, 0.9978540868066043, 0.9978540868066043, 0.9978540868066043, 0.9978540868066043, 0.9978540868066043, 0.9978540868066043, 0.9978540868066043, 0.9978540868066043, 0.9978540868066043, 0.9978540868066043, 0.9978540868066043, 0.9978540868066043, 0.9978540868066043, 0.9978540868066043, 0.9978540868066043, 0.9978540868066043, 0.9978540868066043, 0.9978540868066043, 0.9978540868066043, 0.9978540868066043, 0.9978540868066043], "mean_test_roc_auc": [0.9986554391466936, 0.9986554391466936, 0.9986554391466936, 0.9986554391466936, 0.9986540215812528, 0.9986540215812528, 0.9986540541082892, 0.9986540541082892, 0.9986540215812528, 0.9986540215812528, 0.9987811285015453, 0.9990131633736724, 0.9986540215812528, 0.9986540215812528, 0.9987811285015453, 0.9990131633736724, 0.9986540215812528, 0.9986540215812528, 0.9987811285015453, 0.9990131633736724, 0.9986540215812528, 0.9986540215812528, 0.9987811285015453, 0.9990131633736724, 0.9986540215812528, 0.9986540215812528, 0.9987811285015453, 0.9990131633736724], "mean_train_precision": [0.7815551848432075, 0.7815551848432075, 0.7815551848432075, 0.7815551848432075, 0.835687011563127, 0.835687011563127, 0.8406132235863488, 0.8406132235863488, 0.835687011563127, 0.835687011563127, 0.8521040411058846, 0.8401619305096075, 0.835687011563127, 0.835687011563127, 0.8521040411058846, 0.8401619305096075, 0.835687011563127, 0.835687011563127, 0.8521040411058846, 0.8401619305096075, 0.835687011563127, 0.835687011563127, 0.8521040411058846, 0.8401619305096075, 0.835687011563127, 0.835687011563127, 0.8521040411058846, 0.8401619305096075], "mean_score_time": [0.7498391151428223, 1.2355667114257813, 1.2887945747375489, 1.3980071926116944, 1.4222616100311278, 1.357114553451538, 1.4456463432312012, 1.3558208751678467, 1.3443375968933104, 1.4264212036132813, 1.3322225666046144, 1.2220848560333253, 1.3212235832214356, 1.382603282928467, 1.292649688720703, 1.3821237182617188, 1.2864044189453125, 1.29960262298584, 1.2332796001434325, 1.2154971313476564, 1.3804713630676269, 1.3172725009918214, 1.1438488578796386, 1.3498883247375488, 1.3695970153808594, 1.2888170528411864, 1.2281939697265625, 1.1307077884674073], "mean_train_roc_auc": [0.9986532126399197, 0.9986532126399197, 0.9986532126399197, 0.9986532126399197, 0.9986515895378512, 0.9986515895378512, 0.9986516963971601, 0.9986516963971601, 0.9986515895378512, 0.9986515895378512, 0.9989973210911836, 0.9992739518614244, 0.9986515895378512, 0.9986515895378512, 0.9989973210911836, 0.9992739518614244, 0.9986515895378512, 0.9986515895378512, 0.9989973210911836, 0.9992739518614244, 0.9986515895378512, 0.9986515895378512, 0.9989973210911836, 0.9992739518614244, 0.9986515895378512, 0.9986515895378512, 0.9989973210911836, 0.9992739518614244], "mean_test_f1": [0.8767721462664786, 0.8767721462664786, 0.8767721462664786, 0.8767721462664786, 0.9104150913554537, 0.9104150913554537, 0.9125783175617806, 0.9125783175617806, 0.9104150913554537, 0.9104150913554537, 0.9190467581594994, 0.9118592584028952, 0.9104150913554537, 0.9104150913554537, 0.9190467581594994, 0.9118592584028952, 0.9104150913554537, 0.9104150913554537, 0.9190467581594994, 0.9118592584028952, 0.9104150913554537, 0.9104150913554537, 0.9190467581594994, 0.9118592584028952, 0.9104150913554537, 0.9104150913554537, 0.9190467581594994, 0.9118592584028952], "mean_train_f1": [0.8765466957864504, 0.8765466957864504, 0.8765466957864504, 0.8765466957864504, 0.9086261088001258, 0.9086261088001258, 0.9116927463325656, 0.9116927463325656, 0.9086261088001258, 0.9086261088001258, 0.9190809563381653, 0.9122151375555244, 0.9086261088001258, 0.9086261088001258, 0.9190809563381653, 0.9122151375555244, 0.9086261088001258, 0.9086261088001258, 0.9190809563381653, 0.9122151375555244, 0.9086261088001258, 0.9086261088001258, 0.9190809563381653, 0.9122151375555244, 0.9086261088001258, 0.9086261088001258, 0.9190809563381653, 0.9122151375555244], "params": [{"max_iter": 1.0, "tol": 0.001}, {"max_iter": 1.0, "tol": 0.0001}, {"max_iter": 1.0, "tol": 1e-05}, {"max_iter": 1.0, "tol": 1e-06}, {"max_iter": 10.0, "tol": 0.001}, {"max_iter": 10.0, "tol": 0.0001}, {"max_iter": 10.0, "tol": 1e-05}, {"max_iter": 10.0, "tol": 1e-06}, {"max_iter": 100.0, "tol": 0.001}, {"max_iter": 100.0, "tol": 0.0001}, {"max_iter": 100.0, "tol": 1e-05}, {"max_iter": 100.0, "tol": 1e-06}, {"max_iter": 1000.0, "tol": 0.001}, {"max_iter": 1000.0, "tol": 0.0001}, {"max_iter": 1000.0, "tol": 1e-05}, {"max_iter": 1000.0, "tol": 1e-06}, {"max_iter": 10000.0, "tol": 0.001}, {"max_iter": 10000.0, "tol": 0.0001}, {"max_iter": 10000.0, "tol": 1e-05}, {"max_iter": 10000.0, "tol": 1e-06}, {"max_iter": 100000.0, "tol": 0.001}, {"max_iter": 100000.0, "tol": 0.0001}, {"max_iter": 100000.0, "tol": 1e-05}, {"max_iter": 100000.0, "tol": 1e-06}, {"max_iter": 1000000.0, "tol": 0.001}, {"max_iter": 1000000.0, "tol": 0.0001}, {"max_iter": 1000000.0, "tol": 1e-05}, {"max_iter": 1000000.0, "tol": 1e-06}],