{"mean_train_recall": [0.9990413417768778, 0.9990413417768778, 0.9990413417768778, 0.9990413417768778, 1.0, 1.0, 1.0, 1.0, 1.0, 1.0, 1.0, 1.0, 1.0, 1.0, 1.0, 1.0, 1.0, 1.0, 1.0, 1.0, 1.0, 1.0, 1.0, 1.0, 1.0, 1.0, 1.0, 1.0], "mean_fit_time": [0.5132522487640381, 0.46292938232421876, 0.5698471069335938, 0.553581600189209, 0.6875517559051514, 1.0043377590179443, 1.1722786045074463, 1.2033232498168944, 1.0775783824920655, 1.3122923946380616, 1.2785743522644042, 1.3977536487579345, 1.1282830905914307, 2.935790739059448, 2.788855104446411, 3.279890384674072, 0.7262633991241455, 4.62676308631897, 4.2421068096160885, 5.201033582687378, 0.6237763977050781, 2.6861985301971436, 3.1992132472991943, 3.5857807922363283, 0.7330924797058106, 2.0963070583343506, 2.8044263744354248, 2.180238380432129], "mean_train_precision": [0.7876757362158918, 0.7876757362158918, 0.7876757362158918, 0.7876757362158918, 0.9997128040569578, 0.9997128040569578, 0.9997128040569578, 0.9997128040569578, 0.9998562874251496, 0.9999041916167664, 0.9999041916167664, 0.9999041916167664, 0.9998562874251496, 1.0, 1.0, 1.0, 0.9998562874251496, 1.0, 1.0, 1.0, 0.9998562874251496, 1.0, 1.0, 1.0, 0.9998562874251496, 1.0, 1.0, 1.0], "mean_score_time": [0.7174344825744629, 0.9276581478118896, 1.2514441299438477, 1.2741305923461914, 1.206094617843628, 1.257306785583496, 1.1936071014404297, 1.2560613250732422, 1.0692126560211181, 1.1990595054626465, 1.0817655658721923, 1.1467270278930664, 1.1351489162445068, 1.3222461414337159, 1.0509616947174072, 0.9856679439544678, 1.1646576690673829, 1.021409912109375, 0.9439418506622315, 0.916725378036499, 1.0225625705718995, 0.9519373512268067, 1.0215281200408937, 1.0464633560180665, 0.9188226509094238, 0.959943437576294, 0.8056564617156983, 0.7791477966308594], "mean_test_recall": [0.9990430047237632, 0.9990430047237632, 0.9990430047237632, 0.9990430047237632, 0.9990430047237632, 0.9990430047237632, 0.9990430047237632, 0.9990430047237632, 0.9990430047237632, 0.9990430047237632, 0.9990430047237632, 0.9990430047237632, 0.9990430047237632, 0.9990430047237632, 0.9990430047237632, 0.9990430047237632, 0.9990430047237632, 0.9990430047237632, 0.9990430047237632, 0.9990430047237632, 0.9990430047237632, 0.9990430047237632, 0.9990430047237632, 0.9990430047237632, 0.9990430047237632, 0.9990430047237632, 0.9990430047237632, 0.9990430047237632], "mean_test_precision": [0.7879240014655076, 0.7879240014655076, 0.7879240014655076, 0.7879240014655076, 0.9992353152030833, 0.9992353152030833, 0.9992353152030833, 0.9992353152030833, 0.9984707166219569, 0.9986621156772043, 0.9986621156772043, 0.9986621156772043, 0.9984707166219569, 0.999044913787699, 0.999044913787699, 0.999044913787699, 0.9984707166219569, 0.999044913787699, 0.999044913787699, 0.999044913787699, 0.9984707166219569, 0.999044913787699, 0.999044913787699, 0.999044913787699, 0.9984707166219569, 0.999044913787699, 0.999044913787699, 0.999044913787699], "mean_train_balanced_accuracy": [0.9973781297368884, 0.9973781297368884, 0.9973781297368884, 0.9973781297368884, 0.9999977117577514, 0.9999977117577514, 0.9999977117577514, 0.9999977117577514, 0.9999988558788757, 0.9999992372525839, 0.9999992372525839, 0.9999992372525839, 0.9999988558788757, 1.0, 1.0, 1.0, 0.9999988558788757, 1.0, 1.0, 1.0, 0.9999988558788757, 1.0, 1.0, 1.0, 0.9999988558788757, 1.0, 1.0, 1.0], "mean_train_f1": [0.8808530242280398, 0.8808530242280398, 0.8808530242280398, 0.8808530242280398, 0.999856258722818, 0.999856258722818, 0.999856258722818, 0.999856258722818, 0.9999281006590772, 0.9999520671060514, 0.9999520671060514, 0.9999520671060514, 0.9999281006590772, 1.0, 1.0, 1.0, 0.9999281006590772, 1.0, 1.0, 1.0, 0.9999281006590772, 1.0, 1.0, 1.0, 0.9999281006590772, 1.0, 1.0, 1.0], "mean_train_roc_auc": [0.9982279551616535, 0.9982279551616535, 0.9982279551616535, 0.9982279551616535, 0.9999984745051677, 0.9999984745051677, 0.9999984745051677, 0.9999984745051677, 1.0, 1.0, 1.0, 1.0, 1.0, 1.0, 1.0, 1.0, 1.0, 1.0, 1.0, 1.0, 1.0, 1.0, 1.0, 1.0, 1.0, 1.0, 1.0, 1.0], "mean_test_f1": [0.8809567093540561, 0.8809567093540561, 0.8809567093540561, 0.8809567093540561, 0.9991384736606741, 0.9991384736606741, 0.9991384736606741, 0.9991384736606741, 0.9987552586754678, 0.9988507287078213, 0.9988507287078213, 0.9988507287078213, 0.9987552586754678, 0.9990416687725286, 0.9990416687725286, 0.9990416687725286, 0.9987552586754678, 0.9990416687725286, 0.9990416687725286, 0.9990416687725286, 0.9987552586754678, 0.9990416687725286, 0.9990416687725286, 0.9990416687725286, 0.9987552586754678, 0.9990416687725286, 0.9990416687725286, 0.9990416687725286], "mean_test_balanced_accuracy": [0.9973797240015524, 0.9973797240015524, 0.9973797240015524, 0.9973797240015524, 0.9995154002487633, 0.9995154002487633, 0.9995154002487633, 0.9995154002487633, 0.9995092984737814, 0.9995108240020607, 0.9995108240020607, 0.9995108240020607, 0.9995092984737814, 0.99951387505862, 0.99951387505862, 0.99951387505862, 0.9995092984737814, 0.99951387505862, 0.99951387505862, 0.99951387505862, 0.9995092984737814, 0.99951387505862, 0.99951387505862, 0.99951387505862, 0.9995092984737814, 0.99951387505862, 0.99951387505862, 0.99951387505862], "mean_test_roc_auc": [0.9982279440767959, 0.9982279440767959, 0.9982279440767959, 0.9982279440767959, 0.9997607621297085, 0.9997607621297085, 0.9997607621297085, 0.9997607621297085, 0.9999090522374958, 0.9999466284077504, 0.9999477816779332, 0.9999494458906018, 0.9999090522374958, 0.9999405700897025, 0.9999235484057409, 0.9999173295057688, 0.9999090522374958, 0.9999414021960367, 0.999902877132594, 0.9998955195607959, 0.9999090522374958, 0.9999414021960367, 0.999902877132594, 0.9998955195607959, 0.9999090522374958, 0.9999414021960367, 0.999902877132594, 0.9998955195607959], "params": [{"max_iter": 1.0, "tol": 0.001}, {"max_iter": 1.0, "tol": 0.0001}, {"max_iter": 1.0, "tol": 1e-05}, {"max_iter": 1.0, "tol": 1e-06}, {"max_iter": 10.0, "tol": 0.001}, {"max_iter": 10.0, "tol": 0.0001}, {"max_iter": 10.0, "tol": 1e-05}, {"max_iter": 10.0, "tol": 1e-06}, {"max_iter": 100.0, "tol": 0.001}, {"max_iter": 100.0, "tol": 0.0001}, {"max_iter": 100.0, "tol": 1e-05}, {"max_iter": 100.0, "tol": 1e-06}, {"max_iter": 1000.0, "tol": 0.001}, {"max_iter": 1000.0, "tol": 0.0001}, {"max_iter": 1000.0, "tol": 1e-05}, {"max_iter": 1000.0, "tol": 1e-06}, {"max_iter": 10000.0, "tol": 0.001}, {"max_iter": 10000.0, "tol": 0.0001}, {"max_iter": 10000.0, "tol": 1e-05}, {"max_iter": 10000.0, "tol": 1e-06}, {"max_iter": 100000.0, "tol": 0.001}, {"max_iter": 100000.0, "tol": 0.0001}, {"max_iter": 100000.0, "tol": 1e-05}, {"max_iter": 100000.0, "tol": 1e-06}, {"max_iter": 1000000.0, "tol": 0.001}, {"max_iter": 1000000.0, "tol": 0.0001}, {"max_iter": 1000000.0, "tol": 1e-05}, {"max_iter": 1000000.0, "tol": 1e-06}], "optimal_params": {"max_iter": 10.0, "tol": 0.001}, "cv_search_time": "0:02:05.103606"}