{"mean_test_f1": [0.8543360004314624, 0.8543360004314624, 0.8543360004314624, 0.8543360004314624, 0.9995199070501599, 0.9995199070501599, 0.9995199070501599, 0.9995199070501599, 0.9995199070501599, 0.9995199070501599, 0.9995199070501599, 0.9995199070501599, 0.9995199070501599, 0.9995199070501599, 0.9995199070501599, 0.9995199070501599, 0.9995199070501599, 0.9995199070501599, 0.9995199070501599, 0.9995199070501599, 0.9995199070501599, 0.9995199070501599, 0.9995199070501599, 0.9995199070501599, 0.9995199070501599, 0.9995199070501599, 0.9995199070501599, 0.9995199070501599], "mean_train_roc_auc": [0.9998660182804433, 0.9998660182804433, 0.9998660182804433, 0.9998660182804433, 1.0, 1.0, 1.0, 1.0, 1.0, 1.0, 1.0, 1.0, 1.0, 1.0, 1.0, 1.0, 1.0, 1.0, 1.0, 1.0, 1.0, 1.0, 1.0, 1.0, 1.0, 1.0, 1.0, 1.0], "mean_train_recall": [1.0, 1.0, 1.0, 1.0, 1.0, 1.0, 1.0, 1.0, 1.0, 1.0, 1.0, 1.0, 1.0, 1.0, 1.0, 1.0, 1.0, 1.0, 1.0, 1.0, 1.0, 1.0, 1.0, 1.0, 1.0, 1.0, 1.0, 1.0], "mean_test_precision": [0.7458499912747284, 0.7458499912747284, 0.7458499912747284, 0.7458499912747284, 1.0, 1.0, 1.0, 1.0, 1.0, 1.0, 1.0, 1.0, 1.0, 1.0, 1.0, 1.0, 1.0, 1.0, 1.0, 1.0, 1.0, 1.0, 1.0, 1.0, 1.0, 1.0, 1.0, 1.0], "mean_test_recall": [1.0, 1.0, 1.0, 1.0, 0.9990421134127608, 0.9990421134127608, 0.9990421134127608, 0.9990421134127608, 0.9990421134127608, 0.9990421134127608, 0.9990421134127608, 0.9990421134127608, 0.9990421134127608, 0.9990421134127608, 0.9990421134127608, 0.9990421134127608, 0.9990421134127608, 0.9990421134127608, 0.9990421134127608, 0.9990421134127608, 0.9990421134127608, 0.9990421134127608, 0.9990421134127608, 0.9990421134127608, 0.9990421134127608, 0.9990421134127608, 0.9990421134127608, 0.9990421134127608], "mean_fit_time": [0.5456340408325195, 0.37024463653564454, 0.6776119136810302, 0.4983974552154541, 0.7253534317016601, 1.0522067546844482, 0.869766263961792, 0.9545543766021729, 0.9123035717010498, 0.704646577835083, 0.9171670818328858, 1.1516331768035888, 0.6622404861450195, 0.9605270195007324, 0.8630509281158447, 1.0612806606292724, 1.0410893058776856, 1.1361317443847656, 0.8762233829498292, 1.190229320526123, 0.9882679557800294, 0.8837095165252685, 1.0958609771728516, 0.969184341430664, 0.8978084087371826, 1.0388376331329345, 0.9956494617462158, 0.9445770931243896], "mean_train_f1": [0.8539276480361657, 0.8539276480361657, 0.8539276480361657, 0.8539276480361657, 0.9997605363435809, 0.9997605363435809, 0.9997605363435809, 0.9997605363435809, 0.9997605363435809, 0.9997605363435809, 0.9997605363435809, 0.9997605363435809, 0.9997605363435809, 0.9997605363435809, 0.9997605363435809, 0.9997605363435809, 0.9997605363435809, 0.9997605363435809, 0.9997605363435809, 0.9997605363435809, 0.9997605363435809, 0.9997605363435809, 0.9997605363435809, 0.9997605363435809, 0.9997605363435809, 0.9997605363435809, 0.9997605363435809, 0.9997605363435809], "mean_score_time": [0.5591600704193115, 0.9648060035705567, 1.3304211711883545, 1.2148873043060302, 1.229142532348633, 1.2361377525329589, 1.2188246250152588, 1.2850745582580567, 1.2167664337158204, 1.2878412914276123, 1.322598810195923, 1.3145883083343506, 1.2313761711120605, 1.2511354827880858, 1.2382641315460206, 1.217854232788086, 1.1586351299285889, 1.3216145038604736, 1.131065740585327, 1.4522703742980958, 1.0902411460876464, 1.2419879817962647, 1.2934049034118653, 1.2382099914550782, 1.1746401691436767, 1.2140960025787353, 1.276506633758545, 0.9869540023803711], "mean_train_balanced_accuracy": [0.9972781565855054, 0.9972781565855054, 0.9972781565855054, 0.9972781565855054, 0.9999961862774635, 0.9999961862774635, 0.9999961862774635, 0.9999961862774635, 0.9999961862774635, 0.9999961862774635, 0.9999961862774635, 0.9999961862774635, 0.9999961862774635, 0.9999961862774635, 0.9999961862774635, 0.9999961862774635, 0.9999961862774635, 0.9999961862774635, 0.9999961862774635, 0.9999961862774635, 0.9999961862774635, 0.9999961862774635, 0.9999961862774635, 0.9999961862774635, 0.9999961862774635, 0.9999961862774635, 0.9999961862774635, 0.9999961862774635], "mean_train_precision": [0.745098601532079, 0.745098601532079, 0.745098601532079, 0.745098601532079, 0.9995216454299646, 0.9995216454299646, 0.9995216454299646, 0.9995216454299646, 0.9995216454299646, 0.9995216454299646, 0.9995216454299646, 0.9995216454299646, 0.9995216454299646, 0.9995216454299646, 0.9995216454299646, 0.9995216454299646, 0.9995216454299646, 0.9995216454299646, 0.9995216454299646, 0.9995216454299646, 0.9995216454299646, 0.9995216454299646, 0.9995216454299646, 0.9995216454299646, 0.9995216454299646, 0.9995216454299646, 0.9995216454299646, 0.9995216454299646], "mean_test_balanced_accuracy": [0.9972846403642123, 0.9972846403642123, 0.9972846403642123, 0.9972846403642123, 0.9995210567063804, 0.9995210567063804, 0.9995210567063804, 0.9995210567063804, 0.9995210567063804, 0.9995210567063804, 0.9995210567063804, 0.9995210567063804, 0.9995210567063804, 0.9995210567063804, 0.9995210567063804, 0.9995210567063804, 0.9995210567063804, 0.9995210567063804, 0.9995210567063804, 0.9995210567063804, 0.9995210567063804, 0.9995210567063804, 0.9995210567063804, 0.9995210567063804, 0.9995210567063804, 0.9995210567063804, 0.9995210567063804, 0.9995210567063804], "mean_test_roc_auc": [0.9998645100093358, 0.9998645100093358, 0.9998645100093358, 0.9998645100093358, 0.9999988028656465, 0.9999988028656465, 0.9999988028656465, 0.9999988028656465, 0.999999912340759, 0.999999912340759, 0.999999912340759, 0.999999912340759, 0.999999912340759, 0.999999912340759, 0.999999912340759, 0.999999912340759, 0.999999912340759, 0.999999912340759, 0.999999912340759, 0.999999912340759, 0.999999912340759, 0.999999912340759, 0.999999912340759, 0.999999912340759, 0.999999912340759, 0.999999912340759, 0.999999912340759, 0.999999912340759], "params": [{"max_iter": 1.0, "tol": 0.001}, {"max_iter": 1.0, "tol": 0.0001}, {"max_iter": 1.0, "tol": 1e-05}, {"max_iter": 1.0, "tol": 1e-06}, {"max_iter": 10.0, "tol": 0.001}, {"max_iter": 10.0, "tol": 0.0001}, {"max_iter": 10.0, "tol": 1e-05}, {"max_iter": 10.0, "tol": 1e-06}, {"max_iter": 100.0, "tol": 0.001}, {"max_iter": 100.0, "tol": 0.0001}, {"max_iter": 100.0, "tol": 1e-05}, {"max_iter": 100.0, "tol": 1e-06}, {"max_iter": 1000.0, "tol": 0.001}, {"max_iter": 1000.0, "tol": 0.0001}, {"max_iter": 1000.0, "tol": 1e-05}, {"max_iter": 1000.0, "tol": 1e-06}, {"max_iter": 10000.0, "tol": 0.001}, {"max_iter": 10000.0, "tol": 0.0001}, {"max_iter": 10000.0, "tol": 1e-05}, {"max_iter": 10000.0, "tol": 1e-06}, {"max_iter": 100000.0, "tol": 0.001}, {"max_iter": 100000.0, "tol": 0.0001}, {"max_iter": 100000.0, "tol": 1e-05}, {"max_iter": 100000.0, "tol": 1e-06}, {"max_iter": 1000000.0, "tol": 0.001}, {"max_iter": 1000000.0, "tol": 0.0001}, {"max_iter": 1000000.0, "tol": 1e-05}, {"max_iter": 1000000.0, "tol": 1e-06}], "optimal_params": {"max_iter": 10.0, "tol": 0.001}, "cv_search_time": "0:01:48.665452"}