{"mean_test_precision": [0.13629495252113527, 0.13629495252113527, 0.13629495252113527, 0.13629495252113527, 0.1362955054897784, 0.14628148753436815, 0.14628148753436815, 0.14628148753436815, 0.1362955054897784, 0.3169994151925797, 0.3491741648669147, 0.36462194396368636, 0.1362955054897784, 0.3169994151925797, 0.3491741648669147, 0.36462194396368636, 0.1362955054897784, 0.3169994151925797, 0.3491741648669147, 0.36462194396368636, 0.1362955054897784, 0.3169994151925797, 0.3491741648669147, 0.36462194396368636, 0.1362955054897784, 0.3169994151925797, 0.3491741648669147, 0.36462194396368636], "mean_test_roc_auc": [0.5769580756210565, 0.5769580756210565, 0.5769580756210565, 0.5769580756210565, 0.6612948203833375, 0.868247354659888, 0.868247354659888, 0.868247354659888, 0.6612948203833375, 0.9424474276807047, 0.9488534594753864, 0.9508939552497145, 0.6612948203833375, 0.9424474276807047, 0.9488534594753864, 0.9508939552497145, 0.6612948203833375, 0.9424474276807047, 0.9488534594753864, 0.9508939552497145, 0.6612948203833375, 0.9424474276807047, 0.9488534594753864, 0.9508939552497145, 0.6612948203833375, 0.9424474276807047, 0.9488534594753864, 0.9508939552497145], "mean_train_roc_auc": [0.5769572069325007, 0.5769572069325007, 0.5769572069325007, 0.5769572069325007, 0.6611782114185245, 0.8682666124961943, 0.8682666124961943, 0.8682666124961943, 0.6611782114185245, 0.9424607959539444, 0.9488883474255466, 0.9509129999657183, 0.6611782114185245, 0.9424607959539444, 0.9488883474255466, 0.9509129999657183, 0.6611782114185245, 0.9424607959539444, 0.9488883474255466, 0.9509129999657183, 0.6611782114185245, 0.9424607959539444, 0.9488883474255466, 0.9509129999657183, 0.6611782114185245, 0.9424607959539444, 0.9488883474255466, 0.9509129999657183], "mean_train_recall": [0.9873900293255131, 0.9873900293255131, 0.9873900293255131, 0.9873900293255131, 0.9873900293255131, 0.9869574780058652, 0.9869574780058652, 0.9869574780058652, 0.9873900293255131, 0.9698607038123167, 0.9698680351906158, 0.9689552785923753, 0.9873900293255131, 0.9698607038123167, 0.9698680351906158, 0.9689552785923753, 0.9873900293255131, 0.9698607038123167, 0.9698680351906158, 0.9689552785923753, 0.9873900293255131, 0.9698607038123167, 0.9698680351906158, 0.9689552785923753, 0.9873900293255131, 0.9698607038123167, 0.9698680351906158, 0.9689552785923753], "mean_train_precision": [0.13629257010928902, 0.13629257010928902, 0.13629257010928902, 0.13629257010928902, 0.13629291422763984, 0.14627921540051506, 0.14627921540051506, 0.14627921540051506, 0.13629291422763984, 0.3168917856626789, 0.3492155922525854, 0.36477385118030936, 0.13629291422763984, 0.3168917856626789, 0.3492155922525854, 0.36477385118030936, 0.13629291422763984, 0.3168917856626789, 0.3492155922525854, 0.36477385118030936, 0.13629291422763984, 0.3168917856626789, 0.3492155922525854, 0.36477385118030936, 0.13629291422763984, 0.3168917856626789, 0.3492155922525854, 0.36477385118030936], "mean_test_f1": [0.23952620187605847, 0.23952620187605847, 0.23952620187605847, 0.23952620187605847, 0.23952705536702887, 0.2545025827340129, 0.2545025827340129, 0.2545025827340129, 0.23952705536702887, 0.47780367825296893, 0.5134743319101562, 0.529480381640828, 0.23952705536702887, 0.47780367825296893, 0.5134743319101562, 0.529480381640828, 0.23952705536702887, 0.47780367825296893, 0.5134743319101562, 0.529480381640828, 0.23952705536702887, 0.47780367825296893, 0.5134743319101562, 0.529480381640828, 0.23952705536702887, 0.47780367825296893, 0.5134743319101562, 0.529480381640828], "mean_fit_time": [0.7966585063934326, 1.4353963088989259, 1.861046133041382, 2.0785276603698732, 2.344851169586182, 3.648753833770752, 3.8523053741455078, 4.0840232467651365, 2.3538410472869873, 6.1458161926269534, 8.00921199798584, 11.306475467681885, 2.0833042430877686, 5.9009551906585695, 7.854118814468384, 10.6627970123291, 2.1414763164520263, 6.0390451049804685, 8.045388612747193, 10.859348039627076, 2.165507745742798, 6.018018417358398, 8.02238718032837, 11.210540885925292, 2.062395830154419, 6.0888182735443115, 7.872513771057129, 10.122178230285645], "mean_score_time": [2.177706594467163, 2.103919019699097, 1.782172861099243, 1.6498281383514404, 1.6456353664398193, 1.525324935913086, 1.4750299644470215, 1.5213927745819091, 1.69260986328125, 1.2893299102783202, 1.1957441616058349, 1.2291648197174072, 1.3840726566314698, 1.254948034286499, 1.1292168140411376, 1.3039032745361328, 1.2644759845733642, 1.2281317329406738, 1.0367739963531495, 1.3239997386932374, 1.4626988315582274, 1.3435539817810058, 1.036074628829956, 1.2894497585296631, 1.41933443069458, 1.4113819599151611, 1.105452766418457, 0.8904207038879395], "mean_test_balanced_accuracy": [0.7440825277508339, 0.7440825277508339, 0.7440825277508339, 0.7440825277508339, 0.7440836975948542, 0.7617369537931771, 0.7617369537931771, 0.7617369537931771, 0.7440836975948542, 0.9015475547251366, 0.9128102251203524, 0.91679265868634, 0.7440836975948542, 0.9015475547251366, 0.9128102251203524, 0.91679265868634, 0.7440836975948542, 0.9015475547251366, 0.9128102251203524, 0.91679265868634, 0.7440836975948542, 0.9015475547251366, 0.9128102251203524, 0.91679265868634, 0.7440836975948542, 0.9015475547251366, 0.9128102251203524, 0.91679265868634], "mean_test_recall": [0.9873900348855148, 0.9873900348855148, 0.9873900348855148, 0.9873900348855148, 0.9873900348855148, 0.9869648270173119, 0.9869648270173119, 0.9869648270173119, 0.9873900348855148, 0.9698680367791878, 0.9698680367791878, 0.9690029263558894, 0.9873900348855148, 0.9698680367791878, 0.9698680367791878, 0.9690029263558894, 0.9873900348855148, 0.9698680367791878, 0.9698680367791878, 0.9690029263558894, 0.9873900348855148, 0.9698680367791878, 0.9698680367791878, 0.9690029263558894, 0.9873900348855148, 0.9698680367791878, 0.9698680367791878, 0.9690029263558894], "mean_train_balanced_accuracy": [0.7440826712695301, 0.7440826712695301, 0.7440826712695301, 0.7440826712695301, 0.7440834024208155, 0.7616911387143697, 0.7616911387143697, 0.7616911387143697, 0.7440834024208155, 0.9014932910928423, 0.9128289418425122, 0.9168216312172233, 0.7440834024208155, 0.9014932910928423, 0.9128289418425122, 0.9168216312172233, 0.7440834024208155, 0.9014932910928423, 0.9128289418425122, 0.9168216312172233, 0.7440834024208155, 0.9014932910928423, 0.9128289418425122, 0.9168216312172233, 0.7440834024208155, 0.9014932910928423, 0.9128289418425122, 0.9168216312172233], "mean_train_f1": [0.23952298893917626, 0.23952298893917626, 0.23952298893917626, 0.23952298893917626, 0.2395235204894928, 0.25449320448977647, 0.25449320448977647, 0.25449320448977647, 0.2395235204894928, 0.47767322732447004, 0.5135237153040108, 0.5296367974298681, 0.2395235204894928, 0.47767322732447004, 0.5135237153040108, 0.5296367974298681, 0.2395235204894928, 0.47767322732447004, 0.5135237153040108, 0.5296367974298681, 0.2395235204894928, 0.47767322732447004, 0.5135237153040108, 0.5296367974298681, 0.2395235204894928, 0.47767322732447004, 0.5135237153040108, 0.5296367974298681], "params": [{"max_iter": 1.0, "tol": 0.001}, {"max_iter": 1.0, "tol": 0.0001}, {"max_iter": 1.0, "tol": 1e-05}, {"max_iter": 1.0, "tol": 1e-06}, {"max_iter": 10.0, "tol": 0.001}, {"max_iter": 10.0, "tol": 0.0001}, {"max_iter": 10.0, "tol": 1e-05}, {"max_iter": 10.0, "tol": 1e-06}, {"max_iter": 100.0, "tol": 0.001}, {"max_iter": 100.0, "tol": 0.0001}, {"max_iter": 100.0, "tol": 1e-05}, {"max_iter": 100.0, "tol": 1e-06}, {"max_iter": 1000.0, "tol": 0.001}, {"max_iter": 1000.0, "tol": 0.0001}, {"max_iter": 1000.0, "tol": 1e-05}, {"max_iter": 1000.0, "tol": 1e-06}, {"max_iter": 10000.0, "tol": 0.001}, {"max_iter": 10000.0, "tol": 0.0001}, {"max_iter": 10000.0, "tol": 1e-05}, {"max_iter": 10000.0, "tol": 1e-06}, {"max_iter": 100000.0, "tol": 0.001}, {"max_iter": 100000.0, "tol": 0.0001}, {"max_iter": 100000.0, "tol": 1e-05}, {"max_iter": 100000.0, "tol": 1e-06}, {"max_iter": 1000000.0, "tol": 0.001}, {"max_iter": 1000000.0, "tol": 0.0001}, {"max_iter": 1000000.0,