{"mean_score_time": [1.7011381816864013, 1.5430056953430176, 1.894585599899292, 1.762100191116333, 1.386681137084961, 1.3818504905700684, 1.2029829406738282, 1.3757283210754394, 1.2546378898620605, 1.0794654560089112, 1.1318599128723144, 1.0514991283416748, 0.9620190048217774, 0.9793727970123292, 0.8644479179382324, 0.7491695022583008, 0.8745823764801025, 0.8195173835754395, 0.850513038635254, 0.9149664783477783, 0.854862699508667, 0.7630116653442383, 0.802736406326294, 0.873355016708374, 0.7629679489135742, 0.7983241367340088, 0.6603663921356201, 0.7456099319458008], "mean_test_recall": [0.9801550598884473, 0.9801550598884473, 0.9801550598884473, 0.9801550598884473, 0.9804890326431603, 0.9805283256592229, 0.9805283256592229, 0.9805283256592229, 0.9804890326431603, 0.9805283256592229, 0.9805283256592229, 0.9805283256592229, 0.9804890326431603, 0.9805283256592229, 0.9805283256592229, 0.9805283256592229, 0.9804890326431603, 0.9805283256592229, 0.9805283256592229, 0.9805283256592229, 0.9804890326431603, 0.9805283256592229, 0.9805283256592229, 0.9805283256592229, 0.9804890326431603, 0.9805283256592229, 0.9805283256592229, 0.9805283256592229], "mean_test_precision": [0.6475923026647905, 0.6475923026647905, 0.6475923026647905, 0.6475923026647905, 0.7216288267994302, 0.7220839044830656, 0.7220839044830656, 0.7220839044830656, 0.7217424114697959, 0.7226618571784632, 0.7227042373767775, 0.7227042373767775, 0.7226096376753632, 0.7237301221392234, 0.7237617675104261, 0.7237617675104261, 0.7226096376753632, 0.7237301221392234, 0.7237617675104261, 0.7237617675104261, 0.7226096376753632, 0.7237301221392234, 0.7237617675104261, 0.7237617675104261, 0.7226096376753632, 0.7237301221392234, 0.7237617675104261, 0.7237617675104261], "mean_test_roc_auc": [0.9916383027083353, 0.9916383027083353, 0.9916383027083353, 0.9916383027083353, 0.9927802653332946, 0.9927957201493083, 0.9927957186094323, 0.9927957186094323, 0.9927825066063539, 0.9928064789958393, 0.9928071342810557, 0.9928071458353817, 0.9928063556831219, 0.9928317272149931, 0.9928323155163041, 0.9928323124372529, 0.9928063556831219, 0.9928317272149931, 0.9928323155163041, 0.9928323124372529, 0.9928063556831219, 0.9928317272149931, 0.9928323155163041, 0.9928323124372529, 0.9928063556831219, 0.9928317272149931, 0.9928323155163041, 0.9928323124372529], "mean_train_roc_auc": [0.9916722653135978, 0.9916722653135978, 0.9916722653135978, 0.9916722653135978, 0.9929233370237251, 0.9929362513050844, 0.992936252460125, 0.992936252460125, 0.9929270112514191, 0.9929490035890955, 0.9929494877350529, 0.9929495108818077, 0.9929461069281008, 0.9929718920071596, 0.9929724128735293, 0.9929724325068235, 0.9929461069281008, 0.9929718920071596, 0.9929724128735293, 0.9929724325068235, 0.9929461069281008, 0.9929718920071596, 0.9929724128735293, 0.9929724325068235, 0.9929461069281008, 0.9929718920071596, 0.9929724128735293, 0.9929724325068235], "mean_train_precision": [0.6480049460844368, 0.6480049460844368, 0.6480049460844368, 0.6480049460844368, 0.7217648794922106, 0.7224168996690643, 0.7224168996690643, 0.7224168996690643, 0.7219248601724793, 0.7231611307062299, 0.7231820929466792, 0.7231794519829262, 0.7227660527861505, 0.7241629675871819, 0.7241785995091439, 0.7241733255912751, 0.7227660527861505, 0.7241629675871819, 0.7241785995091439, 0.7241733255912751, 0.7227660527861505, 0.7241629675871819, 0.7241785995091439, 0.7241733255912751, 0.7227660527861505, 0.7241629675871819, 0.7241785995091439, 0.7241733255912751], "mean_test_balanced_accuracy": [0.9687944644699183, 0.9687944644699183, 0.9687944644699183, 0.9687944644699183, 0.9751534003729241, 0.9752067498910917, 0.9752067498910917, 0.9752067498910917, 0.9751620220533447, 0.9752498584069829, 0.9752529935945325, 0.9752529935945325, 0.9752270768251896, 0.9753298051490071, 0.9753321565396694, 0.9753321565396694, 0.9752270768251896, 0.9753298051490071, 0.9753321565396694, 0.9753321565396694, 0.9752270768251896, 0.9753298051490071, 0.9753321565396694, 0.9753321565396694, 0.9752270768251896, 0.9753298051490071, 0.9753321565396694, 0.9753321565396694], "mean_test_f1": [0.7798811111220098, 0.7798811111220098, 0.7798811111220098, 0.7798811111220098, 0.831360662166818, 0.8316772674021763, 0.8316772674021763, 0.8316772674021763, 0.8314362958746754, 0.832059442738609, 0.8320873644138539, 0.8320873644138539, 0.832011441509574, 0.8327671664257152, 0.8327880514490656, 0.8327880514490656, 0.832011441509574, 0.8327671664257152, 0.8327880514490656, 0.8327880514490656, 0.832011441509574, 0.8327671664257152, 0.8327880514490656, 0.8327880514490656, 0.832011441509574, 0.8327671664257152, 0.8327880514490656, 0.8327880514490656], "mean_train_recall": [0.9801552106296414, 0.9801552106296414, 0.9801552106296414, 0.9801552106296414, 0.9806709850228732, 0.9807299307539807, 0.9807299307539807, 0.9807299307539807, 0.9806709850228732, 0.9807151947735795, 0.9807151947735795, 0.9807151947735795, 0.9806562496456391, 0.980720106364935, 0.980720106364935, 0.980720106364935, 0.9806562496456391, 0.980720106364935, 0.980720106364935, 0.980720106364935, 0.9806562496456391, 0.980720106364935, 0.980720106364935, 0.980720106364935, 0.9806562496456391, 0.980720106364935, 0.980720106364935, 0.980720106364935], "mean_fit_time": [1.203351812362671, 1.2975574207305909, 1.712341823577881, 1.5760004425048828, 2.9031985282897947, 4.485621185302734, 4.0823585891723635, 4.524060325622559, 5.572398748397827, 7.448149547576905, 7.381560287475586, 7.354960870742798, 9.945432481765748, 11.98115756034851, 14.273536882400514, 9.959724016189575, 7.653809404373169, 9.649389600753784, 14.242493095397949, 10.764028701782227, 8.43874382019043, 10.957108335494995, 11.666646718978882, 11.048431625366211, 7.826936721801758, 8.750126781463623, 8.759601497650147, 8.201762323379517], "mean_train_balanced_accuracy": [0.968838627378543, 0.968838627378543, 0.968838627378543, 0.968838627378543, 0.9752541741746416, 0.9753316542510743, 0.9753316542510743, 0.9753316542510743, 0.9752661269904115, 0.9753803273315326, 0.9753818949139286, 0.975381698966129, 0.9753214625976363, 0.9754570473432231, 0.9754582230300203, 0.9754578311344211, 0.9753214625976363, 0.9754570473432231, 0.9754582230300203, 0.9754578311344211, 0.9753214625976363, 0.9754570473432231, 0.9754582230300203, 0.9754578311344211, 0.9753214625976363, 0.9754570473432231, 0.9754582230300203, 0.9754578311344211], "mean_train_f1": [0.7801995136529315, 0.7801995136529315, 0.7801995136529315, 0.7801995136529315, 0.8315278301159503, 0.8319815256640593, 0.8319815256640593, 0.8319815256640593, 0.8316338004664462, 0.8324698884395054, 0.8324837788050908, 0.8324820342875562, 0.832184183001372, 0.8331332303116862, 0.8331436148973179, 0.8331401304809787, 0.832184183001372, 0.8331332303116862, 0.8331436148973179, 0.8331401304809787, 0.832184183001372, 0.8331332303116862, 0.8331436148973179, 0.8331401304809787, 0.832184183001372, 0.8331332303116862, 0.8331436148973179, 0.8331401304809787], "params": [{"max_iter": 1.0, "tol": 0.001}, {"max_iter": 1.0, "tol": 0.0001}, {"max_iter": 1.0, "tol": 1e-05}, {"max_iter": 1.0, "tol": 1e-06}, {"max_iter": 10.0, "tol": 0.001}, {"max_iter": 10.0, "tol": 0.0001}, {"max_iter": 10.0, "tol": 1e-05}, {"max_iter": 10.0, "tol": 1e-06}, {"max_iter": 100.0, "tol": 0.001}, {"max_iter": 100.0, "tol": 0.0001}, {"max_iter": 100.0, "tol": 1e-05}, {"max_iter": 100.0, "tol": 1e-06}, {"max_iter": 1000.0, "tol": 0.001}, {"max_iter": 1000.0, "tol": 0.0001}, {"max_iter": 1000.0, "tol": 1e-05}, {"max_iter": 1000.0, "tol": 1e-06}, {"max_iter": 10000.0, "tol": 0.001}, {"max_iter": 10000.0, "tol": 0.0001}, {"max_iter": 10000.0, "tol": 1e-05}, {"max_iter": 10000.0, "tol": 1e-06}, {"max_iter": 100000.0, "tol": 0.001}, {"max_iter": 100000.0, "tol": 0.0001}, {"max_iter": 100000.0, "tol": 1e-05}, {"max_iter": 100000.0, "tol": 1e-06}, {"max_iter": 1000000.0, "tol": 0.001}, {"max_iter": 1000000.0, "tol": 0.0001}, {"max_iter": 1000000.0, "tol": 1e-05}, {"max_iter": 1000000.0, "tol": 1e-06}],