{"mean_fit_time": [1.2614052772521973, 1.331586446762085, 1.6337556552886963, 1.5493861770629882, 2.919917793273926, 3.581981954574585, 3.5652072048187256, 4.117907905578614, 3.211022481918335, 3.7682354259490967, 3.6931857109069823, 4.033901844024658, 2.9641965293884276, 3.4464846229553223, 3.896447916030884, 3.980946397781372, 2.9617793369293213, 3.785470962524414, 3.5990302658081053, 4.063818187713623, 3.1343580627441407, 3.694565620422363, 3.6271601581573485, 3.724458179473877, 3.482622709274292, 3.5219289302825927, 3.60599702835083, 3.6336623764038087], "mean_test_f1": [0.7463487662539849, 0.7463487662539849, 0.7463487662539849, 0.7463487662539849, 0.8248641188840483, 0.824864164729534, 0.824864164729534, 0.8248710456649617, 0.8248641188840483, 0.824864164729534, 0.824864164729534, 0.8248710456649617, 0.8248641188840483, 0.824864164729534, 0.824864164729534, 0.8248710456649617, 0.8248641188840483, 0.824864164729534, 0.824864164729534, 0.8248710456649617, 0.8248641188840483, 0.824864164729534, 0.824864164729534, 0.8248710456649617, 0.8248641188840483, 0.824864164729534, 0.824864164729534, 0.8248710456649617], "mean_test_precision": [0.6143718925249738, 0.6143718925249738, 0.6143718925249738, 0.6143718925249738, 0.7130137569982733, 0.7130138140774736, 0.7130138140774736, 0.7130241314919276, 0.7130137569982733, 0.7130138140774736, 0.7130138140774736, 0.7130241314919276, 0.7130137569982733, 0.7130138140774736, 0.7130138140774736, 0.7130241314919276, 0.7130137569982733, 0.7130138140774736, 0.7130138140774736, 0.7130241314919276, 0.7130137569982733, 0.7130138140774736, 0.7130138140774736, 0.7130241314919276, 0.7130137569982733, 0.7130138140774736, 0.7130138140774736, 0.7130241314919276], "mean_train_balanced_accuracy": [0.9515338814556829, 0.9515338814556829, 0.9515338814556829, 0.9515338814556829, 0.9735044165329302, 0.9735034367939328, 0.9735034367939328, 0.9735034367939328, 0.9735044165329302, 0.9735034367939328, 0.9735034367939328, 0.9735034367939328, 0.9735044165329302, 0.9735034367939328, 0.9735034367939328, 0.9735034367939328, 0.9735044165329302, 0.9735034367939328, 0.9735034367939328, 0.9735034367939328, 0.9735044165329302, 0.9735034367939328, 0.9735034367939328, 0.9735034367939328, 0.9735044165329302, 0.9735034367939328, 0.9735034367939328, 0.9735034367939328], "mean_train_recall": [0.95065329412585, 0.95065329412585, 0.95065329412585, 0.95065329412585, 0.978411427414726, 0.978411427414726, 0.978411427414726, 0.978411427414726, 0.978411427414726, 0.978411427414726, 0.978411427414726, 0.978411427414726, 0.978411427414726, 0.978411427414726, 0.978411427414726, 0.978411427414726, 0.978411427414726, 0.978411427414726, 0.978411427414726, 0.978411427414726, 0.978411427414726, 0.978411427414726, 0.978411427414726, 0.978411427414726, 0.978411427414726, 0.978411427414726, 0.978411427414726, 0.978411427414726], "mean_test_roc_auc": [0.9833970712598917, 0.9833970712598917, 0.9833970712598917, 0.9833970712598917, 0.9924243812102607, 0.9924238745062601, 0.9924235780783769, 0.9924236050304117, 0.9924243812102607, 0.9924238745062601, 0.9924235780783769, 0.9924236027205977, 0.9924243812102607, 0.9924238745062601, 0.9924235780783769, 0.9924236027205977, 0.9924243812102607, 0.9924238745062601, 0.9924235780783769, 0.9924236027205977, 0.9924243812102607, 0.9924238745062601, 0.9924235780783769, 0.9924236027205977, 0.9924243812102607, 0.9924238745062601, 0.9924235780783769, 0.9924236027205977], "mean_train_precision": [0.6145081784723705, 0.6145081784723705, 0.6145081784723705, 0.6145081784723705, 0.7131309866791067, 0.7131180219143338, 0.7131180219143338, 0.7131180219143338, 0.7131309866791067, 0.7131180219143338, 0.7131180219143338, 0.7131180219143338, 0.7131309866791067, 0.7131180219143338, 0.7131180219143338, 0.7131180219143338, 0.7131309866791067, 0.7131180219143338, 0.7131180219143338, 0.7131180219143338, 0.7131309866791067, 0.7131180219143338, 0.7131180219143338, 0.7131180219143338, 0.7131309866791067, 0.7131180219143338, 0.7131180219143338, 0.7131180219143338], "mean_train_roc_auc": [0.9833976716042995, 0.9833976716042995, 0.9833976716042995, 0.9833976716042995, 0.9924793608575386, 0.9924798057728248, 0.9924797844537668, 0.9924797880630201, 0.9924793608575386, 0.9924798057728248, 0.9924797844537668, 0.9924797891218603, 0.9924793608575386, 0.9924798057728248, 0.9924797844537668, 0.9924797891218603, 0.9924793608575386, 0.9924798057728248, 0.9924797844537668, 0.9924797891218603, 0.9924793608575386, 0.9924798057728248, 0.9924797844537668, 0.9924797891218603, 0.9924793608575386, 0.9924798057728248, 0.9924797844537668, 0.9924797891218603], "mean_score_time": [1.487554168701172, 1.6048502922058105, 1.7143899059295655, 1.5805034637451172, 1.3359077739715577, 1.458663501739502, 1.198219633102417, 1.4214156818389894, 1.469144811630249, 1.345468692779541, 1.3747773933410645, 1.3371147727966308, 1.4485267734527587, 1.288929786682129, 1.458085355758667, 1.3911744785308837, 1.2951218032836913, 1.5396934700012208, 1.191820831298828, 1.5104491329193115, 1.3123753833770753, 1.4814974784851074, 1.4898130321502685, 1.2642666244506835, 1.3753844356536866, 1.2508373641967774, 1.3744413661956787, 1.2818148708343506], "mean_test_recall": [0.9506236492220379, 0.9506236492220379, 0.9506236492220379, 0.9506236492220379, 0.9783867668747265, 0.9783867668747265, 0.9783867668747265, 0.9783867668747265, 0.9783867668747265, 0.9783867668747265, 0.9783867668747265, 0.9783867668747265, 0.9783867668747265, 0.9783867668747265, 0.9783867668747265, 0.9783867668747265, 0.9783867668747265, 0.9783867668747265, 0.9783867668747265, 0.9783867668747265, 0.9783867668747265, 0.9783867668747265, 0.9783867668747265, 0.9783867668747265, 0.9783867668747265, 0.9783867668747265, 0.9783867668747265, 0.9783867668747265], "mean_test_balanced_accuracy": [0.9515018184534869, 0.9515018184534869, 0.9515018184534869, 0.9515018184534869, 0.973479937652974, 0.9734799376529742, 0.9734799376529742, 0.9734807214498614, 0.973479937652974, 0.9734799376529742, 0.9734799376529742, 0.9734807214498614, 0.973479937652974, 0.9734799376529742, 0.9734799376529742, 0.9734807214498614, 0.973479937652974, 0.9734799376529742, 0.9734799376529742, 0.9734807214498614, 0.973479937652974, 0.9734799376529742, 0.9734799376529742, 0.9734807214498614, 0.973479937652974, 0.9734799376529742, 0.9734799376529742, 0.9734807214498614], "mean_train_f1": [0.7464750127012749, 0.7464750127012749, 0.7464750127012749, 0.7464750127012749, 0.8249665875972316, 0.8249579642957737, 0.8249579642957737, 0.8249579642957737, 0.8249665875972316, 0.8249579642957737, 0.8249579642957737, 0.8249579642957737, 0.8249665875972316, 0.8249579642957737, 0.8249579642957737, 0.8249579642957737, 0.8249665875972316, 0.8249579642957737, 0.8249579642957737, 0.8249579642957737, 0.8249665875972316, 0.8249579642957737, 0.8249579642957737, 0.8249579642957737, 0.8249665875972316, 0.8249579642957737, 0.8249579642957737, 0.8249579642957737], "params": [{"max_iter": 1.0, "tol": 0.001}, {"max_iter": 1.0, "tol": 0.0001}, {"max_iter": 1.0, "tol": 1e-05}, {"max_iter": 1.0, "tol": 1e-06}, {"max_iter": 10.0, "tol": 0.001}, {"max_iter": 10.0, "tol": 0.0001}, {"max_iter": 10.0, "tol": 1e-05}, {"max_iter": 10.0, "tol": 1e-06}, {"max_iter": 100.0, "tol": 0.001}, {"max_iter": 100.0, "tol": 0.0001}, {"max_iter": 100.0, "tol": 1e-05}, {"max_iter": 100.0, "tol": 1e-06}, {"max_iter": 1000.0, "tol": 0.001}, {"max_iter": 1000.0, "tol": 0.0001}, {"max_iter": 1000.0, "tol": 1e-05}, {"max_iter": 1000.0, "tol": 1e-06}, {"max_iter": 10000.0, "tol": 0.001}, {"max_iter": 10000.0, "tol": 0.0001}, {"max_iter": 10000.0, "tol": 1e-05}, {"max_iter": 10000.0, "tol": 1e-06}, {"max_iter": 100000.0, "tol": 0.001}, {"max_iter": 100000.0, "tol": 0.0001}, {"max_iter": 100000.0, "tol": 1e-05}, {"max_iter": 100000.0, "tol": 1e-06}, {"max_iter": 1000000.0, "tol": 0.001}, {"max_iter": 1000000.0, "tol": 0.0001}, {"max_iter": 1000000.0, "tol": 1e-05}, {"max_iter": 1000000.0, "tol": 1e-06}], "optimal_params": {"max_iter": 10.0,