{"estimator": {"params": {"metric": "manhattan", "shrink_threshold": null}, "runtime": "0:00:00.026432", "classifier": "NearestCentroid(metric='manhattan', shrink_threshold=None)"}, "accuracy_score": 0.6961916987590928, "balanced_accuracy": 0.84143772194442, "confusion_matrix": [[69337, 31225], [15, 2251]], "f1_score": 0.125958256393039, "precision_score": 0.0672422033695782, "recall_score": 0.9933804060017652, "roc_auc_score": 0.8414377219444199, "train_percent": 0.4, "reduced_by": 2}