{"estimator": {"params": {"metric": "manhattan", "shrink_threshold": null}, "runtime": "0:00:00.035974", "classifier": "NearestCentroid(metric='manhattan', shrink_threshold=None)"}, "accuracy_score": 0.8716186252771618, "balanced_accuracy": 0.9159837931641938, "confusion_matrix": [[72872, 10930], [71, 1817]], "f1_score": 0.24830884865049543, "precision_score": 0.14254334353181142, "recall_score": 0.9623940677966102, "roc_auc_score": 0.9159837931641938, "train_percent": 0.5, "reduced_by": 2}