{"estimator": {"params": {"metric": "manhattan", "shrink_threshold": null}, "runtime": "0:00:00.007826", "classifier": "NearestCentroid(metric='manhattan', shrink_threshold=None)"}, "accuracy_score": 0.8719401433335864, "balanced_accuracy": 0.916906164690892, "confusion_matrix": [[145648, 21789], [136, 3636]], "f1_score": 0.24906668493338358, "precision_score": 0.14300884955752213, "recall_score": 0.9639448568398727, "roc_auc_score": 0.916906164690892, "train_percent": 0.001, "reduced_by": 4}