{"estimator": {"params": {"metric": "manhattan", "shrink_threshold": null}, "runtime": "0:00:00.023937", "classifier": "NearestCentroid(metric='manhattan', shrink_threshold=None)"}, "accuracy_score": 0.7826954313920298, "balanced_accuracy": 0.8862762337430491, "confusion_matrix": [[96484, 27544], [15, 2779]], "f1_score": 0.1678292115831748, "precision_score": 0.09164660488737922, "recall_score": 0.9946313528990695, "roc_auc_score": 0.8862762337430491, "train_percent": 0.26, "reduced_by": 1}