{"estimator": {"params": {"metric": "manhattan", "shrink_threshold": null}, "runtime": "0:00:00.027739", "classifier": "NearestCentroid(metric='manhattan', shrink_threshold=None)"}, "accuracy_score": 0.871322632321582, "balanced_accuracy": 0.9149164308905682, "confusion_matrix": [[80135, 12047], [82, 1995]], "f1_score": 0.24753396612693093, "precision_score": 0.14207377866400797, "recall_score": 0.9605199807414541, "roc_auc_score": 0.9149164308905682, "train_percent": 0.45, "reduced_by": 3}