{"estimator": {"params": {"metric": "manhattan", "shrink_threshold": null}, "runtime": "0:00:00.043756", "classifier": "NearestCentroid(metric='manhattan', shrink_threshold=None)"}, "accuracy_score": 0.7973159061734159, "balanced_accuracy": 0.8932684194260968, "confusion_matrix": [[66446, 17356], [12, 1876]], "f1_score": 0.17765151515151514, "precision_score": 0.09754575707154742, "recall_score": 0.9936440677966102, "roc_auc_score": 0.8932684194260969, "train_percent": 0.5, "reduced_by": 0}