{"estimator": {"params": {"metric": "manhattan", "shrink_threshold": null}, "runtime": "0:00:00.023441", "classifier": "NearestCentroid(metric='manhattan', shrink_threshold=None)"}, "accuracy_score": 0.6970891752663254, "balanced_accuracy": 0.8419890751200554, "confusion_matrix": [[81001, 36322], [17, 2626]], "f1_score": 0.12627731961241617, "precision_score": 0.06742323097463285, "recall_score": 0.9935679152478244, "roc_auc_score": 0.8419890751200553, "train_percent": 0.3, "reduced_by": 2}