{"estimator": {"params": {"metric": "manhattan", "shrink_threshold": null}, "runtime": "0:00:00.015923", "classifier": "NearestCentroid(metric='manhattan', shrink_threshold=None)"}, "accuracy_score": 0.8719713809391497, "balanced_accuracy": 0.9163622445968953, "confusion_matrix": [[122475, 18313], [118, 3054]], "f1_score": 0.2489098985288724, "precision_score": 0.14293068750877522, "recall_score": 0.9627994955863808, "roc_auc_score": 0.9163622445968952, "train_percent": 0.16, "reduced_by": 3}