{"estimator": {"params": {"metric": "manhattan", "shrink_threshold": null}, "runtime": "0:00:00.029274", "classifier": "NearestCentroid(metric='manhattan', shrink_threshold=None)"}, "accuracy_score": 0.8720737542303653, "balanced_accuracy": 0.9172519407631143, "confusion_matrix": [[72907, 10895], [67, 1821]], "f1_score": 0.24938373048479862, "precision_score": 0.14320541050644855, "recall_score": 0.9645127118644068, "roc_auc_score": 0.9172519407631143, "train_percent": 0.5, "reduced_by": 3}