{"estimator": {"params": {"metric": "manhattan", "shrink_threshold": null}, "runtime": "0:00:00.011563", "classifier": "NearestCentroid(metric='manhattan', shrink_threshold=None)"}, "accuracy_score": 0.8719164732026469, "balanced_accuracy": 0.9166131627588063, "confusion_matrix": [[137045, 20504], [130, 3419]], "f1_score": 0.24890797903319745, "precision_score": 0.1429168582535635, "recall_score": 0.9633699633699634, "roc_auc_score": 0.9166131627588063, "train_percent": 0.06, "reduced_by": 3}