{"estimator": {"params": {"metric": "manhattan", "shrink_threshold": null}, "runtime": "0:00:00.011358", "classifier": "NearestCentroid(metric='manhattan', shrink_threshold=None)"}, "accuracy_score": 0.8722765025015828, "balanced_accuracy": 0.9170726547576826, "confusion_matrix": [[137101, 20448], [128, 3421]], "f1_score": 0.24954409511999415, "precision_score": 0.14332397670618793, "recall_score": 0.9639335023950408, "roc_auc_score": 0.9170726547576825, "train_percent": 0.06, "reduced_by": 3}