{"estimator": {"params": {"metric": "manhattan", "shrink_threshold": null}, "runtime": "0:00:00.013034", "classifier": "NearestCentroid(metric='manhattan', shrink_threshold=None)"}, "accuracy_score": 0.7955468100162634, "balanced_accuracy": 0.8923032592608895, "confusion_matrix": [[124635, 32914], [23, 3526]], "f1_score": 0.17634849583635498, "precision_score": 0.09676180021953897, "recall_score": 0.9935193012116089, "roc_auc_score": 0.8923032592608896, "train_percent": 0.06, "reduced_by": 0}