{"estimator": {"params": {"metric": "manhattan", "shrink_threshold": null}, "runtime": "0:00:00.011454", "classifier": "NearestCentroid(metric='manhattan', shrink_threshold=None)"}, "accuracy_score": 0.756937439891159, "balanced_accuracy": 0.8732591625037363, "confusion_matrix": [[125338, 41429], [19, 3738]], "f1_score": 0.1528084375766495, "precision_score": 0.08275953682998649, "recall_score": 0.9949427734894863, "roc_auc_score": 0.8732591625037363, "train_percent": 0.005, "reduced_by": 0}