{"estimator": {"params": {"metric": "manhattan", "shrink_threshold": null}, "runtime": "0:00:00.026834", "classifier": "NearestCentroid(metric='manhattan', shrink_threshold=None)"}, "accuracy_score": 0.7984972800229807, "balanced_accuracy": 0.894390108889153, "confusion_matrix": [[86510, 22434], [13, 2441]], "f1_score": 0.17863807676826815, "precision_score": 0.09813065326633166, "recall_score": 0.9947025264873676, "roc_auc_score": 0.894390108889153, "train_percent": 0.35, "reduced_by": 0}