{"estimator": {"params": {"metric": "manhattan", "shrink_threshold": null}, "runtime": "0:00:00.012378", "classifier": "NearestCentroid(metric='manhattan', shrink_threshold=None)"}, "accuracy_score": 0.6779221693134104, "balanced_accuracy": 0.8333818287597946, "confusion_matrix": [[111860, 54907], [15, 3742]], "f1_score": 0.11992436624683525, "precision_score": 0.06380330440416716, "recall_score": 0.9960074527548576, "roc_auc_score": 0.8333818287597947, "train_percent": 0.005, "reduced_by": 2}