{"estimator": {"params": {"metric": "manhattan", "shrink_threshold": null}, "runtime": "0:00:00.025816", "classifier": "NearestCentroid(metric='manhattan', shrink_threshold=None)"}, "accuracy_score": 0.7836585935115532, "balanced_accuracy": 0.8864053235129257, "confusion_matrix": [[84859, 24085], [15, 2439]], "f1_score": 0.16833459866105321, "precision_score": 0.09195445634142663, "recall_score": 0.9938875305623472, "roc_auc_score": 0.8864053235129258, "train_percent": 0.35, "reduced_by": 1}