{"estimator": {"params": {"metric": "manhattan", "shrink_threshold": null}, "runtime": "0:00:00.016168", "classifier": "NearestCentroid(metric='manhattan', shrink_threshold=None)"}, "accuracy_score": 0.7669630452903584, "balanced_accuracy": 0.8791614669956573, "confusion_matrix": [[107251, 33537], [11, 3161]], "f1_score": 0.15856533734637573, "precision_score": 0.08613548422257344, "recall_score": 0.9965321563682219, "roc_auc_score": 0.8791614669956573, "train_percent": 0.16, "reduced_by": 1}