{"estimator": {"params": {"metric": "manhattan", "shrink_threshold": null}, "runtime": "0:00:00.018863", "classifier": "NearestCentroid(metric='manhattan', shrink_threshold=None)"}, "accuracy_score": 0.7670598488821265, "balanced_accuracy": 0.8786122235414008, "confusion_matrix": [[100884, 31524], [14, 2969]], "f1_score": 0.15844807343366418, "precision_score": 0.0860754355956281, "recall_score": 0.9953067381830372, "roc_auc_score": 0.8786122235414008, "train_percent": 0.21, "reduced_by": 1}