{"estimator": {"params": {"metric": "manhattan", "shrink_threshold": null}, "runtime": "0:00:00.025895", "classifier": "NearestCentroid(metric='manhattan', shrink_threshold=None)"}, "accuracy_score": 0.8017468895312304, "balanced_accuracy": 0.8954540345111095, "confusion_matrix": [[86875, 22069], [16, 2438]], "f1_score": 0.18085382589666557, "precision_score": 0.09948178071571388, "recall_score": 0.993480032599837, "roc_auc_score": 0.8954540345111095, "train_percent": 0.35, "reduced_by": 1}