{"estimator": {"params": {"metric": "manhattan", "shrink_threshold": null}, "runtime": "0:00:00.021597", "classifier": "NearestCentroid(metric='manhattan', shrink_threshold=None)"}, "accuracy_score": 0.5900644535808542, "balanced_accuracy": 0.7838429967923226, "confusion_matrix": [[63311, 45633], [33, 2421]], "f1_score": 0.09586600142551675, "precision_score": 0.050380821575727305, "recall_score": 0.9865525672371638, "roc_auc_score": 0.7838429967923224, "train_percent": 0.35, "reduced_by": 4}