{"estimator": {"params": {"metric": "manhattan", "shrink_threshold": null}, "runtime": "0:00:00.022759", "classifier": "NearestCentroid(metric='manhattan', shrink_threshold=None)"}, "accuracy_score": 0.6215927846223096, "balanced_accuracy": 0.7998770780972033, "confusion_matrix": [[71963, 45360], [36, 2607]], "f1_score": 0.10302311796087728, "precision_score": 0.05434986553255363, "recall_score": 0.9863791146424518, "roc_auc_score": 0.7998770780972033, "train_percent": 0.3, "reduced_by": 2}