{"estimator": {"params": {"metric": "manhattan", "shrink_threshold": null}, "runtime": "0:00:00.019048", "classifier": "NearestCentroid(metric='manhattan', shrink_threshold=None)"}, "accuracy_score": 0.8712841620539024, "balanced_accuracy": 0.9166999236023528, "confusion_matrix": [[107804, 16224], [100, 2694]], "f1_score": 0.24815770081061167, "precision_score": 0.14240405962575325, "recall_score": 0.9642090193271295, "roc_auc_score": 0.9166999236023528, "train_percent": 0.26, "reduced_by": 4}