{"estimator": {"params": {"metric": "manhattan", "shrink_threshold": null}, "runtime": "0:00:00.013274", "classifier": "NearestCentroid(metric='manhattan', shrink_threshold=None)"}, "accuracy_score": 0.8719769651192794, "balanced_accuracy": 0.9169846967988992, "confusion_matrix": [[145071, 21696], [135, 3622]], "f1_score": 0.2491487532244196, "precision_score": 0.14306027332332727, "recall_score": 0.9640670747937183, "roc_auc_score": 0.9169846967988992, "train_percent": 0.005, "reduced_by": 3}