{"estimator": {"params": {"metric": "manhattan", "shrink_threshold": null}, "runtime": "0:00:00.021506", "classifier": "NearestCentroid(metric='manhattan', shrink_threshold=None)"}, "accuracy_score": 0.5964523281596452, "balanced_accuracy": 0.7859141700479122, "confusion_matrix": [[68953, 48370], [42, 2601]], "f1_score": 0.09702689596001043, "precision_score": 0.051029016499578195, "recall_score": 0.9841089670828603, "roc_auc_score": 0.7859141700479123, "train_percent": 0.3, "reduced_by": 3}