{"estimator": {"params": {"metric": "manhattan", "shrink_threshold": null}, "runtime": "0:00:00.009109", "classifier": "NearestCentroid(metric='manhattan', shrink_threshold=None)"}, "accuracy_score": 0.871965236564941, "balanced_accuracy": 0.9168486136956412, "confusion_matrix": [[145070, 21697], [136, 3621]], "f1_score": 0.24907996560619086, "precision_score": 0.1430207757326803, "recall_score": 0.9638009049773756, "roc_auc_score": 0.9168486136956412, "train_percent": 0.005, "reduced_by": 4}