{"estimator": {"params": {"metric": "manhattan", "shrink_threshold": null}, "runtime": "0:00:00.018262", "classifier": "NearestCentroid(metric='manhattan', shrink_threshold=None)"}, "accuracy_score": 0.8717640020385402, "balanced_accuracy": 0.9159235438394351, "confusion_matrix": [[115159, 17249], [113, 2870]], "f1_score": 0.24846333650766167, "precision_score": 0.1426512252100005, "recall_score": 0.9621186724773718, "roc_auc_score": 0.9159235438394351, "train_percent": 0.21, "reduced_by": 3}