{"estimator": {"params": {"metric": "manhattan", "shrink_threshold": null}, "runtime": "0:00:00.020351", "classifier": "NearestCentroid(metric='manhattan', shrink_threshold=None)"}, "accuracy_score": 0.8013678900370039, "balanced_accuracy": 0.8951696627595851, "confusion_matrix": [[105535, 26873], [20, 2963]], "f1_score": 0.1805661354703068, "precision_score": 0.09930955892210752, "recall_score": 0.9932953402614817, "roc_auc_score": 0.8951696627595851, "train_percent": 0.21, "reduced_by": 1}