{"estimator": {"params": {"metric": "manhattan", "shrink_threshold": null}, "runtime": "0:00:00.015702", "classifier": "NearestCentroid(metric='manhattan', shrink_threshold=None)"}, "accuracy_score": 0.7663985209370021, "balanced_accuracy": 0.8785317614762823, "confusion_matrix": [[113551, 35617], [14, 3347]], "f1_score": 0.1581571175428234, "precision_score": 0.08589980494815727, "recall_score": 0.995834573043737, "roc_auc_score": 0.8785317614762823, "train_percent": 0.11, "reduced_by": 1}