{"estimator": {"params": {"metric": "manhattan", "shrink_threshold": null}, "runtime": "0:00:00.032538", "classifier": "NearestCentroid(metric='manhattan', shrink_threshold=None)"}, "accuracy_score": 0.7991067166000063, "balanced_accuracy": 0.8937605268270081, "confusion_matrix": [[73261, 18921], [15, 2062]], "f1_score": 0.17883781439722463, "precision_score": 0.09827002811800029, "recall_score": 0.9927780452575831, "roc_auc_score": 0.893760526827008, "train_percent": 0.45, "reduced_by": 0}