{"estimator": {"params": {"metric": "manhattan", "shrink_threshold": null}, "runtime": "0:00:00.038642", "classifier": "NearestCentroid(metric='manhattan', shrink_threshold=None)"}, "accuracy_score": 0.763706383475318, "balanced_accuracy": 0.8763439227108774, "confusion_matrix": [[63565, 20237], [11, 1877]], "f1_score": 0.1564036330305808, "precision_score": 0.0848783576015194, "recall_score": 0.9941737288135594, "roc_auc_score": 0.8763439227108774, "train_percent": 0.5, "reduced_by": 0}