{"estimator": {"params": {"metric": "manhattan", "shrink_threshold": null}, "runtime": "0:00:00.009476", "classifier": "NearestCentroid(metric='manhattan', shrink_threshold=None)"}, "accuracy_score": 0.8717900357759611, "balanced_accuracy": 0.9166691471476833, "confusion_matrix": [[144312, 21617], [136, 3602]], "f1_score": 0.24878267776358046, "precision_score": 0.14282881954082238, "recall_score": 0.9636169074371321, "roc_auc_score": 0.9166691471476833, "train_percent": 0.01, "reduced_by": 4}