{"estimator": {"params": {"metric": "manhattan", "shrink_threshold": null}, "runtime": "0:00:00.028118", "classifier": "NearestCentroid(metric='manhattan', shrink_threshold=None)"}, "accuracy_score": 0.7954361837734968, "balanced_accuracy": 0.8928250846565198, "confusion_matrix": [[86169, 22775], [13, 2441]], "f1_score": 0.17643657390675824, "precision_score": 0.09680361675126904, "recall_score": 0.9947025264873676, "roc_auc_score": 0.8928250846565198, "train_percent": 0.35, "reduced_by": 0}