{"estimator": {"params": {"metric": "manhattan", "shrink_threshold": null}, "runtime": "0:00:00.017426", "classifier": "NearestCentroid(metric='manhattan', shrink_threshold=None)"}, "accuracy_score": 0.872517375601037, "balanced_accuracy": 0.9169640780871072, "confusion_matrix": [[115257, 17151], [109, 2874]], "f1_score": 0.24982614742698192, "precision_score": 0.14352059925093633, "recall_score": 0.9634596044250754, "roc_auc_score": 0.9169640780871073, "train_percent": 0.21, "reduced_by": 3}