{"estimator": {"params": {"metric": "manhattan", "shrink_threshold": null}, "runtime": "0:00:00.019678", "classifier": "NearestCentroid(metric='manhattan', shrink_threshold=None)"}, "accuracy_score": 0.8716136238600937, "balanced_accuracy": 0.9154991396560054, "confusion_matrix": [[102023, 15300], [102, 2541]], "f1_score": 0.2480960749853544, "precision_score": 0.1424247519757861, "recall_score": 0.9614074914869466, "roc_auc_score": 0.9154991396560054, "train_percent": 0.3, "reduced_by": 4}