{"estimator": {"params": {"metric": "manhattan", "shrink_threshold": null}, "runtime": "0:00:00.016515", "classifier": "NearestCentroid(metric='manhattan', shrink_threshold=None)"}, "accuracy_score": 0.6053725875427466, "balanced_accuracy": 0.7920151119469757, "confusion_matrix": [[79017, 53391], [38, 2945]], "f1_score": 0.09929364958950757, "precision_score": 0.05227563192274922, "recall_score": 0.9872611464968153, "roc_auc_score": 0.7920151119469757, "train_percent": 0.21, "reduced_by": 4}