{"estimator": {"params": {"metric": "manhattan", "shrink_threshold": null}, "runtime": "0:00:00.018759", "classifier": "NearestCentroid(metric='manhattan', shrink_threshold=None)"}, "accuracy_score": 0.7989997221450403, "balanced_accuracy": 0.8935376922421272, "confusion_matrix": [[111876, 28912], [24, 3148]], "f1_score": 0.17870118074477748, "precision_score": 0.09819089207735496, "recall_score": 0.9924337957124842, "roc_auc_score": 0.8935376922421273, "train_percent": 0.16, "reduced_by": 0}