{"estimator": {"params": {"metric": "manhattan", "shrink_threshold": null}, "runtime": "0:00:00.010230", "classifier": "NearestCentroid(metric='manhattan', shrink_threshold=None)"}, "accuracy_score": 0.6006468112577438, "balanced_accuracy": 0.7901792689824447, "confusion_matrix": [[93255, 64294], [41, 3508]], "f1_score": 0.09833078723493714, "precision_score": 0.051738886758502696, "recall_score": 0.9884474499859115, "roc_auc_score": 0.7901792689824447, "train_percent": 0.06, "reduced_by": 4}