{"estimator": {"params": {"metric": "manhattan", "shrink_threshold": null}, "runtime": "0:00:00.025051", "classifier": "NearestCentroid(metric='manhattan', shrink_threshold=None)"}, "accuracy_score": 0.8021022623076538, "balanced_accuracy": 0.8956784625376972, "confusion_matrix": [[93599, 23724], [17, 2626]], "f1_score": 0.1811471734556617, "precision_score": 0.0996584440227704, "recall_score": 0.9935679152478244, "roc_auc_score": 0.8956784625376972, "train_percent": 0.3, "reduced_by": 1}