{"estimator": {"params": {"metric": "manhattan", "shrink_threshold": null}, "runtime": "0:00:00.022451", "classifier": "NearestCentroid(metric='manhattan', shrink_threshold=None)"}, "accuracy_score": 0.871021789507027, "balanced_accuracy": 0.9153814734141872, "confusion_matrix": [[101951, 15372], [101, 2542]], "f1_score": 0.24731235102398214, "precision_score": 0.14190018979569052, "recall_score": 0.9617858494135452, "roc_auc_score": 0.9153814734141872, "train_percent": 0.3, "reduced_by": 2}