{"estimator": {"params": {"metric": "manhattan", "shrink_threshold": null}, "runtime": "0:00:00.028523", "classifier": "NearestCentroid(metric='manhattan', shrink_threshold=None)"}, "accuracy_score": 0.617309752914841, "balanced_accuracy": 0.7982255790958095, "confusion_matrix": [[56136, 36046], [26, 2051]], "f1_score": 0.10210583959774978, "precision_score": 0.053836260072971626, "recall_score": 0.9874819451131439, "roc_auc_score": 0.7982255790958096, "train_percent": 0.45, "reduced_by": 2}