{"estimator": {"params": {"metric": "manhattan", "shrink_threshold": null}, "runtime": "0:00:00.015359", "classifier": "NearestCentroid(metric='manhattan', shrink_threshold=None)"}, "accuracy_score": 0.8718393998332871, "balanced_accuracy": 0.9156784559872891, "confusion_matrix": [[122460, 18328], [122, 3050]], "f1_score": 0.24847250509164967, "precision_score": 0.14267003461502478, "recall_score": 0.9615384615384616, "roc_auc_score": 0.9156784559872891, "train_percent": 0.16, "reduced_by": 3}