{"estimator": {"params": {"metric": "manhattan", "shrink_threshold": null}, "runtime": "0:00:00.040212", "classifier": "NearestCentroid(metric='manhattan', shrink_threshold=None)"}, "accuracy_score": 0.7659563008312537, "balanced_accuracy": 0.878748918415784, "confusion_matrix": [[82880, 26064], [8, 2446]], "f1_score": 0.15798992378245705, "precision_score": 0.0857944580848825, "recall_score": 0.9967400162999185, "roc_auc_score": 0.878748918415784, "train_percent": 0.35, "reduced_by": 0}