{"estimator": {"params": {"metric": "manhattan", "shrink_threshold": null}, "runtime": "0:00:00.027564", "classifier": "NearestCentroid(metric='manhattan', shrink_threshold=None)"}, "accuracy_score": 0.8710574056588761, "balanced_accuracy": 0.9136042907184712, "confusion_matrix": [[80115, 12067], [87, 1990]], "f1_score": 0.24668402132143297, "precision_score": 0.14156647933413957, "recall_score": 0.9581126624939817, "roc_auc_score": 0.9136042907184712, "train_percent": 0.45, "reduced_by": 4}