{"estimator": {"params": {"metric": "manhattan", "shrink_threshold": null}, "runtime": "0:00:00.026469", "classifier": "NearestCentroid(metric='manhattan', shrink_threshold=None)"}, "accuracy_score": 0.7987179700915259, "balanced_accuracy": 0.8935783620712727, "confusion_matrix": [[93195, 24128], [19, 2624]], "f1_score": 0.17853376424562, "precision_score": 0.09808612440191387, "recall_score": 0.9928111993946274, "roc_auc_score": 0.8935783620712726, "train_percent": 0.3, "reduced_by": 0}