{"estimator": {"params": {"metric": "manhattan", "shrink_threshold": null}, "runtime": "0:00:00.010972", "classifier": "NearestCentroid(metric='manhattan', shrink_threshold=None)"}, "accuracy_score": 0.8009019258286224, "balanced_accuracy": 0.8949561107891517, "confusion_matrix": [[132841, 33926], [25, 3732]], "f1_score": 0.18022455632017384, "precision_score": 0.099102448350948, "recall_score": 0.9933457545914294, "roc_auc_score": 0.8949561107891517, "train_percent": 0.005, "reduced_by": 1}