{"estimator": {"params": {"metric": "manhattan", "shrink_threshold": null}, "runtime": "0:00:00.022840", "classifier": "NearestCentroid(metric='manhattan', shrink_threshold=None)"}, "accuracy_score": 0.5990683471428015, "balanced_accuracy": 0.7743116211165096, "confusion_matrix": [[59431, 41131], [96, 2170]], "f1_score": 0.09524436543990168, "precision_score": 0.05011431606660354, "recall_score": 0.9576345984112974, "roc_auc_score": 0.7743116211165098, "train_percent": 0.4, "reduced_by": 4}