{"estimator": {"params": {"metric": "manhattan", "shrink_threshold": null}, "runtime": "0:00:00.015225", "classifier": "NearestCentroid(metric='manhattan', shrink_threshold=None)"}, "accuracy_score": 0.6179415062053774, "balanced_accuracy": 0.8019036973278392, "confusion_matrix": [[90912, 58256], [19, 3342]], "f1_score": 0.10289567265505935, "precision_score": 0.05425500827948959, "recall_score": 0.9943469205593574, "roc_auc_score": 0.8019036973278392, "train_percent": 0.11, "reduced_by": 2}