{"estimator": {"params": {"metric": "manhattan", "shrink_threshold": null}, "runtime": "0:00:00.021838", "classifier": "NearestCentroid(metric='manhattan', shrink_threshold=None)"}, "accuracy_score": 0.7666172082089926, "balanced_accuracy": 0.8790155775798398, "confusion_matrix": [[89334, 27989], [9, 2634]], "f1_score": 0.1583598869716828, "precision_score": 0.08601378049178722, "recall_score": 0.996594778660613, "roc_auc_score": 0.8790155775798398, "train_percent": 0.3, "reduced_by": 1}