{"estimator": {"params": {"metric": "manhattan", "shrink_threshold": null}, "runtime": "0:00:00.011245", "classifier": "NearestCentroid(metric='manhattan', shrink_threshold=None)"}, "accuracy_score": 0.8721213174589381, "balanced_accuracy": 0.9164424698002285, "confusion_matrix": [[137080, 20469], [132, 3417]], "f1_score": 0.24909786768726075, "precision_score": 0.14305450891735744, "recall_score": 0.9628064243448858, "roc_auc_score": 0.9164424698002286, "train_percent": 0.06, "reduced_by": 2}