{"estimator": {"params": {"metric": "manhattan", "shrink_threshold": null}, "runtime": "0:00:00.020533", "classifier": "NearestCentroid(metric='manhattan', shrink_threshold=None)"}, "accuracy_score": 0.8713135388360035, "balanced_accuracy": 0.9164552203994825, "confusion_matrix": [[101981, 15342], [96, 2547]], "f1_score": 0.24810052600818233, "precision_score": 0.1423779976521885, "recall_score": 0.963677639046538, "roc_auc_score": 0.9164552203994826, "train_percent": 0.3, "reduced_by": 4}