{"estimator": {"params": {"metric": "manhattan", "shrink_threshold": null}, "runtime": "0:00:00.017365", "classifier": "NearestCentroid(metric='manhattan', shrink_threshold=None)"}, "accuracy_score": 0.8722219349882931, "balanced_accuracy": 0.9179599118181891, "confusion_matrix": [[115210, 17198], [102, 2881]], "f1_score": 0.24984823519209085, "precision_score": 0.14348324119727077, "recall_score": 0.9658062353335568, "roc_auc_score": 0.9179599118181893, "train_percent": 0.21, "reduced_by": 2}