{"estimator": {"params": {"metric": "manhattan", "shrink_threshold": null}, "runtime": "0:00:00.025817", "classifier": "NearestCentroid(metric='manhattan', shrink_threshold=None)"}, "accuracy_score": 0.8718442447582371, "balanced_accuracy": 0.917008065159242, "confusion_matrix": [[87465, 13097], [81, 2185]], "f1_score": 0.24903122863004337, "precision_score": 0.14297866771365006, "recall_score": 0.9642541924095323, "roc_auc_score": 0.917008065159242, "train_percent": 0.4, "reduced_by": 2}