{"estimator": {"params": {"metric": "manhattan", "shrink_threshold": null}, "runtime": "0:00:00.008590", "classifier": "NearestCentroid(metric='manhattan', shrink_threshold=None)"}, "accuracy_score": 0.6371889000961741, "balanced_accuracy": 0.5570660611899073, "confusion_matrix": [[106878, 59889], [1979, 1778]], "f1_score": 0.05435314257764735, "precision_score": 0.028832276582288745, "recall_score": 0.4732499334575459, "roc_auc_score": 0.5570660611899073, "train_percent": 0.005, "reduced_by": 3}