{"estimator": {"params": {"metric": "manhattan", "shrink_threshold": null}, "runtime": "0:00:00.015725", "classifier": "NearestCentroid(metric='manhattan', shrink_threshold=None)"}, "accuracy_score": 0.7995332035219532, "balanced_accuracy": 0.8944544989129111, "confusion_matrix": [[118612, 30556], [21, 3340]], "f1_score": 0.1792951660090721, "precision_score": 0.0985367004956337, "recall_score": 0.9937518595656055, "roc_auc_score": 0.8944544989129112, "train_percent": 0.11, "reduced_by": 0}