{"estimator": {"params": {"metric": "manhattan", "shrink_threshold": null}, "runtime": "0:00:00.027201", "classifier": "NearestCentroid(metric='manhattan', shrink_threshold=None)"}, "accuracy_score": 0.8701948885517563, "balanced_accuracy": 0.9134438384626555, "confusion_matrix": [[72757, 11045], [78, 1810]], "f1_score": 0.24554025639286445, "precision_score": 0.14080124465188643, "recall_score": 0.9586864406779662, "roc_auc_score": 0.9134438384626556, "train_percent": 0.5, "reduced_by": 4}