{"estimator": {"params": {"metric": "manhattan", "shrink_threshold": null}, "runtime": "0:00:00.030233", "classifier": "NearestCentroid(metric='manhattan', shrink_threshold=None)"}, "accuracy_score": 0.8727124200341612, "balanced_accuracy": 0.9163329050743194, "confusion_matrix": [[80263, 11919], [79, 1998]], "f1_score": 0.2498436913842691, "precision_score": 0.1435654235826687, "recall_score": 0.9619643716899374, "roc_auc_score": 0.9163329050743194, "train_percent": 0.45, "reduced_by": 2}