{"estimator": {"params": {"metric": "manhattan", "shrink_threshold": null}, "runtime": "0:00:00.010970", "classifier": "NearestCentroid(metric='manhattan', shrink_threshold=None)"}, "accuracy_score": 0.604979577648388, "balanced_accuracy": 0.575086273212668, "confusion_matrix": [[95531, 62018], [1619, 1930]], "f1_score": 0.0571877268619346, "precision_score": 0.030180771877150184, "recall_score": 0.5438151591997746, "roc_auc_score": 0.5750862732126681, "train_percent": 0.06, "reduced_by": 3}