{"estimator": {"params": {"metric": "manhattan", "shrink_threshold": null}, "runtime": "0:00:00.008924", "classifier": "NearestCentroid(metric='manhattan', shrink_threshold=None)"}, "accuracy_score": 0.6805892213610266, "balanced_accuracy": 0.5452950368486991, "confusion_matrix": [[115000, 52437], [2249, 1523]], "f1_score": 0.052761033742118754, "precision_score": 0.028224610822831727, "recall_score": 0.4037645811240721, "roc_auc_score": 0.5452950368486992, "train_percent": 0.001, "reduced_by": 2}