{"estimator": {"params": {"metric": "manhattan", "shrink_threshold": null}, "runtime": "0:00:00.014551", "classifier": "NearestCentroid(metric='manhattan', shrink_threshold=None)"}, "accuracy_score": 0.8717768824673521, "balanced_accuracy": 0.9173413490223161, "confusion_matrix": [[122440, 18348], [111, 3061]], "f1_score": 0.24905414751230626, "precision_score": 0.1429772525573357, "recall_score": 0.9650063051702396, "roc_auc_score": 0.9173413490223161, "train_percent": 0.16, "reduced_by": 4}