{"estimator": {"params": {"metric": "manhattan", "shrink_threshold": null}, "runtime": "0:00:00.014295", "classifier": "NearestCentroid(metric='manhattan', shrink_threshold=None)"}, "accuracy_score": 0.8719456627919937, "balanced_accuracy": 0.9166443554031943, "confusion_matrix": [[129759, 19409], [123, 3238]], "f1_score": 0.24900030759766228, "precision_score": 0.1429769947454409, "recall_score": 0.9634037488842606, "roc_auc_score": 0.9166443554031942, "train_percent": 0.11, "reduced_by": 3}