{"estimator": {"params": {"metric": "manhattan", "shrink_threshold": null}, "runtime": "0:00:00.010304", "classifier": "NearestCentroid(metric='manhattan', shrink_threshold=None)"}, "accuracy_score": 0.7641792452274161, "balanced_accuracy": 0.8774721516146354, "confusion_matrix": [[125933, 39996], [15, 3723]], "f1_score": 0.15689993046336684, "precision_score": 0.08515748301653743, "recall_score": 0.9959871589085072, "roc_auc_score": 0.8774721516146354, "train_percent": 0.01, "reduced_by": 1}