{"estimator": {"params": {"metric": "manhattan", "shrink_threshold": null}, "runtime": "0:00:00.015412", "classifier": "NearestCentroid(metric='manhattan', shrink_threshold=None)"}, "accuracy_score": 0.771420516754191, "balanced_accuracy": 0.8805176829988879, "confusion_matrix": [[114321, 34847], [18, 3343]], "f1_score": 0.16091068807008255, "precision_score": 0.08753600418957842, "recall_score": 0.9946444510562332, "roc_auc_score": 0.8805176829988879, "train_percent": 0.11, "reduced_by": 0}