{"estimator": {"params": {"metric": "manhattan", "shrink_threshold": null}, "runtime": "0:00:00.009934", "classifier": "NearestCentroid(metric='manhattan', shrink_threshold=None)"}, "accuracy_score": 0.48734488986887475, "balanced_accuracy": 0.7209865128320778, "confusion_matrix": [[79477, 87290], [130, 3627]], "f1_score": 0.07662082514734772, "precision_score": 0.03989352926295412, "recall_score": 0.9653979238754326, "roc_auc_score": 0.7209865128320778, "train_percent": 0.005, "reduced_by": 2}