{"estimator": {"params": {"metric": "manhattan", "shrink_threshold": null}, "runtime": "0:00:00.008822", "classifier": "NearestCentroid(metric='manhattan', shrink_threshold=None)"}, "accuracy_score": 0.5618974455208651, "balanced_accuracy": 0.7732820186937376, "confusion_matrix": [[92081, 74686], [21, 3736]], "f1_score": 0.09092347193321894, "precision_score": 0.04763969294330672, "recall_score": 0.9944104338568006, "roc_auc_score": 0.7732820186937376, "train_percent": 0.005, "reduced_by": 4}