{"estimator": {"params": {"metric": "manhattan", "shrink_threshold": null}, "runtime": "0:00:00.030064", "classifier": "NearestCentroid(metric='manhattan', shrink_threshold=None)"}, "accuracy_score": 0.7999377601431517, "balanced_accuracy": 0.8944796264411483, "confusion_matrix": [[80005, 20557], [15, 2251]], "f1_score": 0.17954853633245593, "precision_score": 0.09869344089793056, "recall_score": 0.9933804060017652, "roc_auc_score": 0.8944796264411483, "train_percent": 0.4, "reduced_by": 0}