{"estimator": {"params": {"metric": "manhattan", "shrink_threshold": null}, "runtime": "0:00:00.025822", "classifier": "NearestCentroid(metric='manhattan', shrink_threshold=None)"}, "accuracy_score": 0.7662704895958635, "balanced_accuracy": 0.8785112324667852, "confusion_matrix": [[82917, 26027], [10, 2444]], "f1_score": 0.1580598221503638, "precision_score": 0.08584173369393418, "recall_score": 0.9959250203748982, "roc_auc_score": 0.8785112324667852, "train_percent": 0.35, "reduced_by": 1}