{"estimator": {"params": {"metric": "manhattan", "shrink_threshold": null}, "runtime": "0:00:00.017970", "classifier": "NearestCentroid(metric='manhattan', shrink_threshold=None)"}, "accuracy_score": 0.5469270483266983, "balanced_accuracy": 0.7608232646467253, "confusion_matrix": [[71112, 61296], [46, 2937]], "f1_score": 0.08738990716496074, "precision_score": 0.04572416047825884, "recall_score": 0.9845792826014079, "roc_auc_score": 0.7608232646467253, "train_percent": 0.21, "reduced_by": 3}