{"estimator": {"params": {"metric": "manhattan", "shrink_threshold": null}, "runtime": "0:00:00.013954", "classifier": "NearestCentroid(metric='manhattan', shrink_threshold=None)"}, "accuracy_score": 0.8716899737099174, "balanced_accuracy": 0.9169498702839797, "confusion_matrix": [[129717, 19451], [120, 3241]], "f1_score": 0.24880052201282002, "precision_score": 0.14282566543275163, "recall_score": 0.9642963403748884, "roc_auc_score": 0.9169498702839797, "train_percent": 0.11, "reduced_by": 2}