{"estimator": {"params": {"metric": "manhattan", "shrink_threshold": null}, "runtime": "0:00:00.020502", "classifier": "NearestCentroid(metric='manhattan', shrink_threshold=None)"}, "accuracy_score": 0.7967147003862886, "balanced_accuracy": 0.8931183330010575, "confusion_matrix": [[104903, 27505], [18, 2965]], "f1_score": 0.1772636235913072, "precision_score": 0.09730882835575977, "recall_score": 0.9939658062353336, "roc_auc_score": 0.8931183330010576, "train_percent": 0.21, "reduced_by": 0}