{"estimator": {"params": {"metric": "manhattan", "shrink_threshold": null}, "runtime": "0:00:00.010000", "classifier": "NearestCentroid(metric='manhattan', shrink_threshold=None)"}, "accuracy_score": 0.6508985247573188, "balanced_accuracy": 0.5993761268594704, "confusion_matrix": [[108397, 57532], [1699, 2039]], "f1_score": 0.06441422230646511, "precision_score": 0.034228063990868036, "recall_score": 0.5454788657035848, "roc_auc_score": 0.5993761268594705, "train_percent": 0.01, "reduced_by": 2}