{"estimator": {"params": {"metric": "manhattan", "shrink_threshold": null}, "runtime": "0:00:00.026573", "classifier": "NearestCentroid(metric='manhattan', shrink_threshold=None)"}, "accuracy_score": 0.765676663943673, "balanced_accuracy": 0.8784728370248525, "confusion_matrix": [[76475, 24087], [8, 2258]], "f1_score": 0.15784138967529973, "precision_score": 0.0857088631618903, "recall_score": 0.9964695498676082, "roc_auc_score": 0.8784728370248525, "train_percent": 0.4, "reduced_by": 1}