{"estimator": {"params": {"metric": "manhattan", "shrink_threshold": null}, "runtime": "0:00:00.017946", "classifier": "NearestCentroid(metric='manhattan', shrink_threshold=None)"}, "accuracy_score": 0.5883048682405261, "balanced_accuracy": 0.7844424876327947, "confusion_matrix": [[71845, 52183], [29, 2765]], "f1_score": 0.09577084271414223, "precision_score": 0.050320302831768214, "recall_score": 0.9896206156048676, "roc_auc_score": 0.7844424876327947, "train_percent": 0.26, "reduced_by": 4}