{"estimator": {"params": {"metric": "manhattan", "shrink_threshold": null}, "runtime": "0:00:00.011921", "classifier": "NearestCentroid(metric='manhattan', shrink_threshold=None)"}, "accuracy_score": 0.7953233435548548, "balanced_accuracy": 0.8921890090911011, "confusion_matrix": [[124599, 32950], [23, 3526]], "f1_score": 0.1761898813241724, "precision_score": 0.09666630112950982, "recall_score": 0.9935193012116089, "roc_auc_score": 0.8921890090911012, "train_percent": 0.06, "reduced_by": 1}