{"estimator": {"params": {"metric": "manhattan", "shrink_threshold": null}, "runtime": "0:00:00.025793", "classifier": "NearestCentroid(metric='manhattan', shrink_threshold=None)"}, "accuracy_score": 0.7985262491039128, "balanced_accuracy": 0.8936652592995329, "confusion_matrix": [[93171, 24152], [18, 2625]], "f1_score": 0.1784500339904827, "precision_score": 0.09803189304253651, "recall_score": 0.9931895573212258, "roc_auc_score": 0.8936652592995329, "train_percent": 0.3, "reduced_by": 0}