{"estimator": {"params": {"metric": "manhattan", "shrink_threshold": null}, "runtime": "0:00:00.010594", "classifier": "NearestCentroid(metric='manhattan', shrink_threshold=None)"}, "accuracy_score": 0.6095999626187876, "balanced_accuracy": 0.7979407194264124, "confusion_matrix": [[100616, 66821], [19, 3753]], "f1_score": 0.10096037446533775, "precision_score": 0.053178224275228836, "recall_score": 0.9949628844114529, "roc_auc_score": 0.7979407194264124, "train_percent": 0.001, "reduced_by": 2}