{"estimator": {"params": {"metric": "manhattan", "shrink_threshold": null}, "runtime": "0:00:00.009985", "classifier": "NearestCentroid(metric='manhattan', shrink_threshold=None)"}, "accuracy_score": 0.7736509178839898, "balanced_accuracy": 0.8819436263363797, "confusion_matrix": [[128702, 38735], [18, 3754]], "f1_score": 0.16229653487819112, "precision_score": 0.08835227941349526, "recall_score": 0.9952279957582184, "roc_auc_score": 0.8819436263363797, "train_percent": 0.001, "reduced_by": 0}