{"estimator": {"params": {"metric": "manhattan", "shrink_threshold": null}, "runtime": "0:00:00.012848", "classifier": "NearestCentroid(metric='manhattan', shrink_threshold=None)"}, "accuracy_score": 0.7826850736818582, "balanced_accuracy": 0.8860029495472828, "confusion_matrix": [[122561, 34988], [21, 3528]], "f1_score": 0.1677404017591822, "precision_score": 0.09159829681171461, "recall_score": 0.9940828402366864, "roc_auc_score": 0.8860029495472828, "train_percent": 0.06, "reduced_by": 1}