{"estimator": {"params": {"metric": "manhattan", "shrink_threshold": null}, "runtime": "0:00:00.029055", "classifier": "NearestCentroid(metric='manhattan', shrink_threshold=None)"}, "accuracy_score": 0.8739759598552923, "balanced_accuracy": 0.9171890149966082, "confusion_matrix": [[73074, 10728], [71, 1817]], "f1_score": 0.2517841058684958, "precision_score": 0.14483858110801115, "recall_score": 0.9623940677966102, "roc_auc_score": 0.9171890149966083, "train_percent": 0.5, "reduced_by": 4}