{"estimator": {"params": {"metric": "manhattan", "shrink_threshold": null}, "runtime": "0:00:00.018814", "classifier": "NearestCentroid(metric='manhattan', shrink_threshold=None)"}, "accuracy_score": 0.7831909063379398, "balanced_accuracy": 0.8860402579250315, "confusion_matrix": [[103073, 29335], [19, 2964]], "f1_score": 0.16801768607221812, "precision_score": 0.09176754698287873, "recall_score": 0.9936305732484076, "roc_auc_score": 0.8860402579250315, "train_percent": 0.21, "reduced_by": 1}