{"estimator": {"params": {"metric": "manhattan", "shrink_threshold": null}, "runtime": "0:00:00.009041", "classifier": "NearestCentroid(metric='manhattan', shrink_threshold=None)"}, "accuracy_score": 0.871992710663575, "balanced_accuracy": 0.9170626099466253, "confusion_matrix": [[145656, 21781], [135, 3637]], "f1_score": 0.24919492977046934, "precision_score": 0.14308757573373201, "recall_score": 0.9642099681866384, "roc_auc_score": 0.9170626099466251, "train_percent": 0.001, "reduced_by": 3}