{"estimator": {"params": {"metric": "manhattan", "shrink_threshold": null}, "runtime": "0:00:00.021627", "classifier": "NearestCentroid(metric='manhattan', shrink_threshold=None)"}, "accuracy_score": 0.8725221176136633, "balanced_accuracy": 0.9173328452007016, "confusion_matrix": [[107961, 16067], [100, 2694]], "f1_score": 0.24996520528879604, "precision_score": 0.14359575715580192, "recall_score": 0.9642090193271295, "roc_auc_score": 0.9173328452007016, "train_percent": 0.26, "reduced_by": 2}