{"estimator": {"params": {"metric": "manhattan", "shrink_threshold": null}, "runtime": "0:00:00.024647", "classifier": "NearestCentroid(metric='manhattan', shrink_threshold=None)"}, "accuracy_score": 0.8722721437740694, "balanced_accuracy": 0.9163641113640371, "confusion_matrix": [[87513, 13049], [85, 2181]], "f1_score": 0.24931412894375857, "precision_score": 0.143204202232436, "recall_score": 0.9624889673433362, "roc_auc_score": 0.916364111364037, "train_percent": 0.4, "reduced_by": 4}