{"estimator": {"params": {"metric": "manhattan", "shrink_threshold": null}, "runtime": "0:00:00.034775", "classifier": "NearestCentroid(metric='manhattan', shrink_threshold=None)"}, "accuracy_score": 0.7837087174699499, "balanced_accuracy": 0.8868292730160156, "confusion_matrix": [[65278, 18524], [10, 1878]], "f1_score": 0.16850605652759085, "precision_score": 0.09204979903930988, "recall_score": 0.9947033898305084, "roc_auc_score": 0.8868292730160156, "train_percent": 0.5, "reduced_by": 1}