{"estimator": {"params": {"metric": "manhattan", "shrink_threshold": null}, "runtime": "0:00:00.033431", "classifier": "NearestCentroid(metric='manhattan', shrink_threshold=None)"}, "accuracy_score": 0.7677675341346715, "balanced_accuracy": 0.8794557017267093, "confusion_matrix": [[63909, 19893], [7, 1881]], "f1_score": 0.15898909644155185, "precision_score": 0.08638743455497382, "recall_score": 0.996292372881356, "roc_auc_score": 0.8794557017267094, "train_percent": 0.5, "reduced_by": 1}