{"estimator": {"params": {"metric": "manhattan", "shrink_threshold": null}, "runtime": "0:00:00.033480", "classifier": "NearestCentroid(metric='manhattan', shrink_threshold=None)"}, "accuracy_score": 0.8016454662154278, "balanced_accuracy": 0.8952231063515736, "confusion_matrix": [[66818, 16984], [13, 1875]], "f1_score": 0.18074902395527062, "precision_score": 0.09942202661859059, "recall_score": 0.993114406779661, "roc_auc_score": 0.8952231063515735, "train_percent": 0.5, "reduced_by": 1}