{"estimator": {"params": {"metric": "manhattan", "shrink_threshold": null}, "runtime": "0:00:00.026080", "classifier": "NearestCentroid(metric='manhattan', shrink_threshold=None)"}, "accuracy_score": 0.5939782938499242, "balanced_accuracy": 0.7869793101394369, "confusion_matrix": [[49031, 34771], [21, 1867]], "f1_score": 0.09692155946633443, "precision_score": 0.05095802172607675, "recall_score": 0.9888771186440678, "roc_auc_score": 0.7869793101394369, "train_percent": 0.5, "reduced_by": 4}