{"estimator": {"params": {"metric": "manhattan", "shrink_threshold": null}, "runtime": "0:00:00.009531", "classifier": "NearestCentroid(metric='manhattan', shrink_threshold=None)"}, "accuracy_score": 0.8721377757607549, "balanced_accuracy": 0.9171084300978087, "confusion_matrix": [[144369, 21560], [134, 3604]], "f1_score": 0.24939450557054876, "precision_score": 0.1432204736925767, "recall_score": 0.9641519529159979, "roc_auc_score": 0.9171084300978087, "train_percent": 0.01, "reduced_by": 3}