{"estimator": {"params": {"metric": "manhattan", "shrink_threshold": null}, "runtime": "0:00:00.029563", "classifier": "NearestCentroid(metric='manhattan', shrink_threshold=None)"}, "accuracy_score": 0.8724938732640914, "balanced_accuracy": 0.916431276517813, "confusion_matrix": [[72947, 10855], [71, 1817]], "f1_score": 0.24958791208791212, "precision_score": 0.14338699494949494, "recall_score": 0.9623940677966102, "roc_auc_score": 0.9164312765178131, "train_percent": 0.5, "reduced_by": 3}