{"estimator": {"params": {"metric": "manhattan", "shrink_threshold": null}, "runtime": "0:00:00.009766", "classifier": "NearestCentroid(metric='manhattan', shrink_threshold=None)"}, "accuracy_score": 0.6165173230747578, "balanced_accuracy": 0.8013372944430226, "confusion_matrix": [[101394, 65373], [20, 3737]], "f1_score": 0.10257043654878066, "precision_score": 0.054073216611199536, "recall_score": 0.9946766036731435, "roc_auc_score": 0.8013372944430227, "train_percent": 0.005, "reduced_by": 2}