{"estimator": {"params": {"metric": "manhattan", "shrink_threshold": null}, "runtime": "0:00:00.017967", "classifier": "NearestCentroid(metric='manhattan', shrink_threshold=None)"}, "accuracy_score": 0.7829119199777717, "balanced_accuracy": 0.8863911041369348, "confusion_matrix": [[109553, 31235], [17, 3155]], "f1_score": 0.16798892497737075, "precision_score": 0.09174178540273335, "recall_score": 0.994640605296343, "roc_auc_score": 0.8863911041369349, "train_percent": 0.16, "reduced_by": 1}