{"estimator": {"params": {"metric": "manhattan", "shrink_threshold": null}, "runtime": "0:00:00.019317", "classifier": "NearestCentroid(metric='manhattan', shrink_threshold=None)"}, "accuracy_score": 0.8721120941161629, "balanced_accuracy": 0.9153739795611303, "confusion_matrix": [[107919, 16109], [110, 2684]], "f1_score": 0.2486681799231019, "precision_score": 0.14281913478422817, "recall_score": 0.9606299212598425, "roc_auc_score": 0.9153739795611304, "train_percent": 0.26, "reduced_by": 4}