{"estimator": {"params": {"metric": "manhattan", "shrink_threshold": null}, "runtime": "0:00:00.013581", "classifier": "NearestCentroid(metric='manhattan', shrink_threshold=None)"}, "accuracy_score": 0.5988191164212281, "balanced_accuracy": 0.7482046109699034, "confusion_matrix": [[83337, 57451], [303, 2869]], "f1_score": 0.09037359037359037, "precision_score": 0.0475629973474801, "recall_score": 0.9044766708701135, "roc_auc_score": 0.7482046109699034, "train_percent": 0.16, "reduced_by": 4}