{"estimator": {"params": {"metric": "manhattan", "shrink_threshold": null}, "runtime": "0:00:00.013645", "classifier": "NearestCentroid(metric='manhattan', shrink_threshold=None)"}, "accuracy_score": 0.7665892810587345, "balanced_accuracy": 0.8786000305493387, "confusion_matrix": [[119962, 37587], [15, 3534]], "f1_score": 0.15822699798522497, "precision_score": 0.0859414897497629, "recall_score": 0.9957734573119188, "roc_auc_score": 0.8786000305493387, "train_percent": 0.06, "reduced_by": 0}