{"estimator": {"params": {"metric": "manhattan", "shrink_threshold": null}, "runtime": "0:00:00.018690", "classifier": "NearestCentroid(metric='manhattan', shrink_threshold=None)"}, "accuracy_score": 0.5921094310054515, "balanced_accuracy": 0.7857278935175029, "confusion_matrix": [[68421, 48902], [31, 2612]], "f1_score": 0.09646029137507617, "precision_score": 0.05070466281010987, "recall_score": 0.9882709042754446, "roc_auc_score": 0.7857278935175029, "train_percent": 0.3, "reduced_by": 4}