{"estimator": {"params": {"metric": "manhattan", "shrink_threshold": null}, "runtime": "0:00:00.022315", "classifier": "NearestCentroid(metric='manhattan', shrink_threshold=None)"}, "accuracy_score": 0.7975430130419012, "balanced_accuracy": 0.8933424909086616, "confusion_matrix": [[98370, 25658], [18, 2776]], "f1_score": 0.17778916357115407, "precision_score": 0.0976295983681508, "recall_score": 0.9935576234788833, "roc_auc_score": 0.8933424909086615, "train_percent": 0.26, "reduced_by": 0}