{"estimator": {"params": {"metric": "manhattan", "shrink_threshold": null}, "runtime": "0:00:00.012214", "classifier": "NearestCentroid(metric='manhattan', shrink_threshold=None)"}, "accuracy_score": 0.5910812052291152, "balanced_accuracy": 0.7880429498011721, "confusion_matrix": [[91694, 65855], [21, 3528]], "f1_score": 0.09674765535018921, "precision_score": 0.05084819047893576, "recall_score": 0.9940828402366864, "roc_auc_score": 0.7880429498011721, "train_percent": 0.06, "reduced_by": 2}