{"estimator": {"params": {"metric": "manhattan", "shrink_threshold": null}, "runtime": "0:00:00.012701", "classifier": "NearestCentroid(metric='manhattan', shrink_threshold=None)"}, "accuracy_score": 0.5874882809170715, "balanced_accuracy": 0.7834257376342059, "confusion_matrix": [[86287, 62881], [39, 3322]], "f1_score": 0.09550917141049968, "precision_score": 0.05017899490959624, "recall_score": 0.9883963106218387, "roc_auc_score": 0.7834257376342059, "train_percent": 0.11, "reduced_by": 4}