{"estimator": {"params": {"metric": "manhattan", "shrink_threshold": null}, "runtime": "0:00:00.021841", "classifier": "NearestCentroid(metric='manhattan', shrink_threshold=None)"}, "accuracy_score": 0.7651984671429247, "balanced_accuracy": 0.8775055966188068, "confusion_matrix": [[94264, 29764], [14, 2780]], "f1_score": 0.15733771011375858, "precision_score": 0.0854228121927237, "recall_score": 0.9949892627057981, "roc_auc_score": 0.8775055966188068, "train_percent": 0.26, "reduced_by": 1}