{"estimator": {"params": {"metric": "manhattan", "shrink_threshold": null}, "runtime": "0:00:00.017333", "classifier": "NearestCentroid(metric='manhattan', shrink_threshold=None)"}, "accuracy_score": 0.8721226783103541, "balanced_accuracy": 0.9168802707106263, "confusion_matrix": [[129785, 19383], [122, 3239]], "f1_score": 0.24931686102451603, "precision_score": 0.14317920608257448, "recall_score": 0.9637012793811366, "roc_auc_score": 0.9168802707106263, "train_percent": 0.11, "reduced_by": 4}