{"estimator": {"params": {"metric": "manhattan", "shrink_threshold": null}, "runtime": "0:00:00.030736", "classifier": "NearestCentroid(metric='manhattan', shrink_threshold=None)"}, "accuracy_score": 0.7673219533413255, "balanced_accuracy": 0.8789219124165277, "confusion_matrix": [[70259, 21923], [9, 2068]], "f1_score": 0.1586619610250115, "precision_score": 0.08619899128839982, "recall_score": 0.9956668271545498, "roc_auc_score": 0.8789219124165277, "train_percent": 0.45, "reduced_by": 0}