{"estimator": {"params": {"metric": "manhattan", "shrink_threshold": null}, "runtime": "0:00:00.025612", "classifier": "NearestCentroid(metric='manhattan', shrink_threshold=None)"}, "accuracy_score": 0.8729246013643259, "balanced_accuracy": 0.9192650793906305, "confusion_matrix": [[80271, 11911], [67, 2010]], "f1_score": 0.2512814101762721, "precision_score": 0.14438617915379642, "recall_score": 0.967741935483871, "roc_auc_score": 0.9192650793906305, "train_percent": 0.45, "reduced_by": 4}