{"estimator": {"params": {"metric": "manhattan", "shrink_threshold": null}, "runtime": "0:00:00.023298", "classifier": "NearestCentroid(metric='manhattan', shrink_threshold=None)"}, "accuracy_score": 0.871496795274601, "balanced_accuracy": 0.9161775972953003, "confusion_matrix": [[94720, 14224], [91, 2363]], "f1_score": 0.2482012499343522, "precision_score": 0.14246096340507627, "recall_score": 0.962917685411573, "roc_auc_score": 0.9161775972953003, "train_percent": 0.35, "reduced_by": 3}