{"estimator": {"params": {"metric": "manhattan", "shrink_threshold": null}, "runtime": "0:00:00.014752", "classifier": "NearestCentroid(metric='manhattan', shrink_threshold=None)"}, "accuracy_score": 0.5437691025284801, "balanced_accuracy": 0.7602737667764516, "confusion_matrix": [[75151, 65637], [42, 3130]], "f1_score": 0.08701816817025534, "precision_score": 0.04551601785740253, "recall_score": 0.9867591424968474, "roc_auc_score": 0.7602737667764516, "train_percent": 0.16, "reduced_by": 3}