{"estimator": {"params": {"metric": "manhattan", "shrink_threshold": null}, "runtime": "0:00:00.021690", "classifier": "NearestCentroid(metric='manhattan', shrink_threshold=None)"}, "accuracy_score": 0.6182050432890193, "balanced_accuracy": 0.8030529058958885, "confusion_matrix": [[75618, 48410], [10, 2784]], "f1_score": 0.10313402978439652, "precision_score": 0.05438137281712701, "recall_score": 0.9964209019327129, "roc_auc_score": 0.8030529058958885, "train_percent": 0.26, "reduced_by": 2}