{"estimator": {"params": {"metric": "manhattan", "shrink_threshold": null}, "runtime": "0:00:00.027169", "classifier": "NearestCentroid(metric='manhattan', shrink_threshold=None)"}, "accuracy_score": 0.8733815899449622, "balanced_accuracy": 0.9184719563289783, "confusion_matrix": [[108066, 15962], [96, 2698]], "f1_score": 0.25151486902209375, "precision_score": 0.14458735262593783, "recall_score": 0.9656406585540444, "roc_auc_score": 0.9184719563289782, "train_percent": 0.26, "reduced_by": 3}