{"estimator": {"params": {"metric": "manhattan", "shrink_threshold": null}, "runtime": "0:00:00.030310", "classifier": "NearestCentroid(metric='manhattan', shrink_threshold=None)"}, "accuracy_score": 0.7654821643910219, "balanced_accuracy": 0.8779420337315935, "confusion_matrix": [[76457, 24105], [10, 2256]], "f1_score": 0.15761344185559087, "precision_score": 0.08558097189029248, "recall_score": 0.9955869373345102, "roc_auc_score": 0.8779420337315935, "train_percent": 0.4, "reduced_by": 0}