{"estimator": {"params": {"metric": "manhattan", "shrink_threshold": null}, "runtime": "0:00:00.009905", "classifier": "NearestCentroid(metric='manhattan', shrink_threshold=None)"}, "accuracy_score": 0.7750815134526519, "balanced_accuracy": 0.8825355781015464, "confusion_matrix": [[128432, 38335], [19, 3738]], "f1_score": 0.16312459087933667, "precision_score": 0.08884557792408433, "recall_score": 0.9949427734894863, "roc_auc_score": 0.8825355781015464, "train_percent": 0.005, "reduced_by": 0}