{"estimator": {"params": {"metric": "manhattan", "shrink_threshold": null}, "runtime": "0:00:00.008883", "classifier": "NearestCentroid(metric='manhattan', shrink_threshold=None)"}, "accuracy_score": 0.48752109994217596, "balanced_accuracy": 0.7211439875478782, "confusion_matrix": [[79826, 87611], [130, 3642]], "f1_score": 0.07665351223362273, "precision_score": 0.039911016624110986, "recall_score": 0.9655355249204666, "roc_auc_score": 0.7211439875478782, "train_percent": 0.001, "reduced_by": 4}