{"estimator": {"params": {"metric": "manhattan", "shrink_threshold": null}, "runtime": "0:00:00.011428", "classifier": "NearestCentroid(metric='manhattan', shrink_threshold=None)"}, "accuracy_score": 0.7627411341038622, "balanced_accuracy": 0.8767368973793903, "confusion_matrix": [[125689, 40240], [15, 3723]], "f1_score": 0.15609735644955033, "precision_score": 0.08468484862270546, "recall_score": 0.9959871589085072, "roc_auc_score": 0.8767368973793902, "train_percent": 0.01, "reduced_by": 0}