{"estimator": {"params": {"metric": "manhattan", "shrink_threshold": null}, "runtime": "0:00:00.009100", "classifier": "NearestCentroid(metric='manhattan', shrink_threshold=None)"}, "accuracy_score": 0.8721259879646602, "balanced_accuracy": 0.917233151456436, "confusion_matrix": [[144366, 21563], [133, 3605]], "f1_score": 0.24942918425240432, "precision_score": 0.143237444373808, "recall_score": 0.9644194756554307, "roc_auc_score": 0.9172331514564361, "train_percent": 0.01, "reduced_by": 4}