{"estimator": {"params": {"metric": "manhattan", "shrink_threshold": null}, "runtime": "0:00:00.009105", "classifier": "NearestCentroid(metric='manhattan', shrink_threshold=None)"}, "accuracy_score": 0.8719845344115238, "balanced_accuracy": 0.91689933530235, "confusion_matrix": [[144344, 21585], [135, 3603]], "f1_score": 0.2491184401576436, "precision_score": 0.14304430681276797, "recall_score": 0.963884430176565, "roc_auc_score": 0.91689933530235, "train_percent": 0.01, "reduced_by": 3}