{"estimator": {"params": {"metric": "manhattan", "shrink_threshold": null}, "runtime": "0:00:00.015530", "classifier": "NearestCentroid(metric='manhattan', shrink_threshold=None)"}, "accuracy_score": 0.6723705000360587, "balanced_accuracy": 0.8304584481651164, "confusion_matrix": [[99209, 49959], [14, 3347]], "f1_score": 0.11812871688990063, "precision_score": 0.06278842906989832, "recall_score": 0.995834573043737, "roc_auc_score": 0.8304584481651165, "train_percent": 0.11, "reduced_by": 1}