{"estimator": {"params": {"metric": "manhattan", "shrink_threshold": null}, "runtime": "0:00:00.017380", "classifier": "NearestCentroid(metric='manhattan', shrink_threshold=None)"}, "accuracy_score": 0.5917338149485968, "balanced_accuracy": 0.7764762512539312, "confusion_matrix": [[82110, 58678], [96, 3076]], "f1_score": 0.09475402766226165, "precision_score": 0.04981053858859345, "recall_score": 0.969735182849937, "roc_auc_score": 0.7764762512539312, "train_percent": 0.16, "reduced_by": 2}