{"estimator": {"params": {"metric": "manhattan", "shrink_threshold": null}, "runtime": "0:00:00.013006", "classifier": "NearestCentroid(metric='manhattan', shrink_threshold=None)"}, "accuracy_score": 0.6376230093949348, "balanced_accuracy": 0.7385324490548038, "confusion_matrix": [[94419, 54749], [524, 2837]], "f1_score": 0.09309728124435984, "precision_score": 0.049265446462681904, "recall_score": 0.8440940196370128, "roc_auc_score": 0.7385324490548038, "train_percent": 0.11, "reduced_by": 3}