{"estimator": {"params": {"metric": "manhattan", "shrink_threshold": null}, "runtime": "0:00:00.021148", "classifier": "NearestCentroid(metric='manhattan', shrink_threshold=None)"}, "accuracy_score": 0.8713802243969124, "balanced_accuracy": 0.9179686521058767, "confusion_matrix": [[101981, 15342], [88, 2555]], "f1_score": 0.2487828627069133, "precision_score": 0.14276135665195283, "recall_score": 0.9667045024593265, "roc_auc_score": 0.917968652105877, "train_percent": 0.3, "reduced_by": 3}