{"estimator": {"params": {"metric": "manhattan", "shrink_threshold": null}, "runtime": "0:00:00.016562", "classifier": "NearestCentroid(metric='manhattan', shrink_threshold=None)"}, "accuracy_score": 0.697214504028897, "balanced_accuracy": 0.8416525337605258, "confusion_matrix": [[97222, 43566], [23, 3149]], "f1_score": 0.1262453144105679, "precision_score": 0.06740875521781013, "recall_score": 0.992749054224464, "roc_auc_score": 0.8416525337605258, "train_percent": 0.16, "reduced_by": 2}