{"estimator": {"params": {"metric": "manhattan", "shrink_threshold": null}, "runtime": "0:00:00.020242", "classifier": "NearestCentroid(metric='manhattan', shrink_threshold=None)"}, "accuracy_score": 0.8717469949819115, "balanced_accuracy": 0.9161220791523828, "confusion_matrix": [[102036, 15287], [99, 2544]], "f1_score": 0.24851030575363878, "precision_score": 0.1426728730861982, "recall_score": 0.9625425652667423, "roc_auc_score": 0.9161220791523828, "train_percent": 0.3, "reduced_by": 3}