{"estimator": {"params": {"metric": "manhattan", "shrink_threshold": null}, "runtime": "0:00:00.014216", "classifier": "NearestCentroid(metric='manhattan', shrink_threshold=None)"}, "accuracy_score": 0.5931199968530575, "balanced_accuracy": 0.7865958681525341, "confusion_matrix": [[87144, 62024], [37, 3324]], "f1_score": 0.09675588350871064, "precision_score": 0.050866132092795495, "recall_score": 0.9889913716155906, "roc_auc_score": 0.7865958681525341, "train_percent": 0.11, "reduced_by": 2}