{"estimator": {"params": {"metric": "manhattan", "shrink_threshold": null}, "runtime": "0:00:00.022492", "classifier": "NearestCentroid(metric='manhattan', shrink_threshold=None)"}, "accuracy_score": 0.8026761918279163, "balanced_accuracy": 0.8963167454117491, "confusion_matrix": [[99019, 25009], [16, 2778]], "f1_score": 0.18168143618586702, "precision_score": 0.09997480836362328, "recall_score": 0.9942734430923408, "roc_auc_score": 0.8963167454117491, "train_percent": 0.26, "reduced_by": 1}