{"estimator": {"params": {"metric": "manhattan", "shrink_threshold": null}, "runtime": "0:00:00.009545", "classifier": "NearestCentroid(metric='manhattan', shrink_threshold=None)"}, "accuracy_score": 0.7927823324512132, "balanced_accuracy": 0.8911806399909306, "confusion_matrix": [[130793, 35136], [22, 3716]], "f1_score": 0.17450105658605308, "precision_score": 0.09564501183980233, "recall_score": 0.9941144997324772, "roc_auc_score": 0.8911806399909306, "train_percent": 0.01, "reduced_by": 1}