{"estimator": {"params": {"metric": "manhattan", "shrink_threshold": null}, "runtime": "0:00:00.010557", "classifier": "NearestCentroid(metric='manhattan', shrink_threshold=None)"}, "accuracy_score": 0.8716805919378267, "balanced_accuracy": 0.9171811210595726, "confusion_matrix": [[137002, 20547], [125, 3424]], "f1_score": 0.24883720930232556, "precision_score": 0.14283926411080056, "recall_score": 0.964778810932657, "roc_auc_score": 0.9171811210595725, "train_percent": 0.06, "reduced_by": 4}