{"estimator": {"params": {"metric": "manhattan", "shrink_threshold": null}, "runtime": "0:00:00.027850", "classifier": "NearestCentroid(metric='manhattan', shrink_threshold=None)"}, "accuracy_score": 0.8724790205709799, "balanced_accuracy": 0.9173901147827683, "confusion_matrix": [[80236, 11946], [74, 2003]], "f1_score": 0.24996880069886437, "precision_score": 0.14359452290486774, "recall_score": 0.9643716899374097, "roc_auc_score": 0.9173901147827683, "train_percent": 0.45, "reduced_by": 3}