{"estimator": {"params": {"metric": "manhattan", "shrink_threshold": null}, "runtime": "0:00:00.010277", "classifier": "NearestCentroid(metric='manhattan', shrink_threshold=None)"}, "accuracy_score": 0.7813562900236917, "balanced_accuracy": 0.8854834734179935, "confusion_matrix": [[129504, 37263], [21, 3736]], "f1_score": 0.16694968272410404, "precision_score": 0.09112417376033562, "recall_score": 0.9944104338568006, "roc_auc_score": 0.8854834734179935, "train_percent": 0.005, "reduced_by": 1}