{"estimator": {"params": {"metric": "manhattan", "shrink_threshold": null}, "runtime": "0:00:00.017181", "classifier": "NearestCentroid(metric='manhattan', shrink_threshold=None)"}, "accuracy_score": 0.796749096971381, "balanced_accuracy": 0.8931574150768968, "confusion_matrix": [[111547, 29241], [19, 3153]], "f1_score": 0.1773041669009728, "precision_score": 0.09733283941470643, "recall_score": 0.9940100882723834, "roc_auc_score": 0.8931574150768968, "train_percent": 0.16, "reduced_by": 0}