{"estimator": {"params": {"metric": "manhattan", "shrink_threshold": null}, "runtime": "0:00:00.010128", "classifier": "NearestCentroid(metric='manhattan', shrink_threshold=None)"}, "accuracy_score": 0.7683024090450611, "balanced_accuracy": 0.8795900114338249, "confusion_matrix": [[127272, 39495], [15, 3742]], "f1_score": 0.15925437289866792, "precision_score": 0.08654624511413836, "recall_score": 0.9960074527548576, "roc_auc_score": 0.8795900114338248, "train_percent": 0.005, "reduced_by": 1}