{"estimator": {"params": {"metric": "manhattan", "shrink_threshold": null}, "runtime": "0:00:00.010594", "classifier": "NearestCentroid(metric='manhattan', shrink_threshold=None)"}, "accuracy_score": 0.7765713251055727, "balanced_accuracy": 0.8833071557576893, "confusion_matrix": [[129203, 38234], [19, 3753]], "f1_score": 0.16403330492362156, "precision_score": 0.08938480958391883, "recall_score": 0.9949628844114529, "roc_auc_score": 0.8833071557576893, "train_percent": 0.001, "reduced_by": 0}