{"estimator": {"params": {"metric": "manhattan", "shrink_threshold": null}, "runtime": "0:00:00.010552", "classifier": "NearestCentroid(metric='manhattan', shrink_threshold=None)"}, "accuracy_score": 0.796644460603786, "balanced_accuracy": 0.8929095078693954, "confusion_matrix": [[132114, 34653], [24, 3733]], "f1_score": 0.17715872149585932, "precision_score": 0.09724899703016725, "recall_score": 0.9936119244077721, "roc_auc_score": 0.8929095078693955, "train_percent": 0.005, "reduced_by": 0}