{"estimator": {"params": {"metric": "manhattan", "shrink_threshold": null}, "runtime": "0:00:00.018410", "classifier": "NearestCentroid(metric='manhattan', shrink_threshold=None)"}, "accuracy_score": 0.5943684849631767, "balanced_accuracy": 0.7871927469491672, "confusion_matrix": [[72616, 51412], [31, 2763]], "f1_score": 0.09700012287384367, "precision_score": 0.05100138440239963, "recall_score": 0.9889047959914101, "roc_auc_score": 0.7871927469491673, "train_percent": 0.26, "reduced_by": 3}