{"estimator": {"params": {"metric": "manhattan", "shrink_threshold": null}, "runtime": "0:00:00.009377", "classifier": "NearestCentroid(metric='manhattan', shrink_threshold=None)"}, "accuracy_score": 0.8047019774342614, "balanced_accuracy": 0.8820690559135675, "confusion_matrix": [[133603, 33164], [139, 3618]], "f1_score": 0.1784947828017465, "precision_score": 0.09836332988961992, "recall_score": 0.9630023955283471, "roc_auc_score": 0.8820690559135677, "train_percent": 0.005, "reduced_by": 3}