{"estimator": {"params": {"metric": "manhattan", "shrink_threshold": null}, "runtime": "0:00:00.008337", "classifier": "NearestCentroid(metric='manhattan', shrink_threshold=None)"}, "accuracy_score": 0.6282659562554886, "balanced_accuracy": 0.7593463315504407, "confusion_matrix": [[103245, 62684], [387, 3351]], "f1_score": 0.09605434767030227, "precision_score": 0.05074581661240252, "recall_score": 0.8964686998394864, "roc_auc_score": 0.7593463315504407, "train_percent": 0.01, "reduced_by": 4}