{"estimator": {"params": {"metric": "manhattan", "shrink_threshold": null}, "runtime": "0:00:00.018013", "classifier": "NearestCentroid(metric='manhattan', shrink_threshold=None)"}, "accuracy_score": 0.7656710197277021, "balanced_accuracy": 0.8778845880658535, "confusion_matrix": [[107069, 33719], [15, 3157]], "f1_score": 0.15766080703156213, "precision_score": 0.08561123766135155, "recall_score": 0.9952711223203027, "roc_auc_score": 0.8778845880658535, "train_percent": 0.16, "reduced_by": 0}