{"estimator": {"params": {"metric": "manhattan", "shrink_threshold": null}, "runtime": "0:00:00.016970", "classifier": "NearestCentroid(metric='manhattan', shrink_threshold=None)"}, "accuracy_score": 0.8033620450125035, "balanced_accuracy": 0.8966924628628751, "confusion_matrix": [[112498, 28290], [18, 3154]], "f1_score": 0.1822278715045066, "precision_score": 0.10030530466861723, "recall_score": 0.9943253467843631, "roc_auc_score": 0.8966924628628751, "train_percent": 0.16, "reduced_by": 1}