{"estimator": {"params": {"metric": "manhattan", "shrink_threshold": null}, "runtime": "0:00:00.024083", "classifier": "NearestCentroid(metric='manhattan', shrink_threshold=None)"}, "accuracy_score": 0.872213793908274, "balanced_accuracy": 0.9169813222505055, "confusion_matrix": [[87504, 13058], [82, 2184]], "f1_score": 0.24948594928032902, "precision_score": 0.14328828237764074, "recall_score": 0.9638128861429832, "roc_auc_score": 0.9169813222505057, "train_percent": 0.4, "reduced_by": 4}