{"estimator": {"params": {"metric": "manhattan", "shrink_threshold": null}, "runtime": "0:00:00.018931", "classifier": "NearestCentroid(metric='manhattan', shrink_threshold=None)"}, "accuracy_score": 0.697675620979238, "balanced_accuracy": 0.8416639735716256, "confusion_matrix": [[91499, 40909], [23, 2960]], "f1_score": 0.12635533168274568, "precision_score": 0.06747361462536187, "recall_score": 0.992289641300704, "roc_auc_score": 0.8416639735716257, "train_percent": 0.21, "reduced_by": 2}