{"estimator": {"params": {"metric": "manhattan", "shrink_threshold": null}, "runtime": "0:00:00.040454", "classifier": "NearestCentroid(metric='manhattan', shrink_threshold=None)"}, "accuracy_score": 0.5443809079239118, "balanced_accuracy": 0.760068735718455, "confusion_matrix": [[44787, 39015], [27, 1861]], "f1_score": 0.08703582452530166, "precision_score": 0.04552793815441824, "recall_score": 0.9856991525423728, "roc_auc_score": 0.760068735718455, "train_percent": 0.5, "reduced_by": 3}