{"estimator": {"params": {"metric": "manhattan", "shrink_threshold": null}, "runtime": "0:00:00.013026", "classifier": "NearestCentroid(metric='manhattan', shrink_threshold=None)"}, "accuracy_score": 0.7993084954499745, "balanced_accuracy": 0.8938133370310026, "confusion_matrix": [[125244, 32305], [26, 3523]], "f1_score": 0.17893694288544074, "precision_score": 0.09833091436865021, "recall_score": 0.9926739926739927, "roc_auc_score": 0.8938133370310026, "train_percent": 0.06, "reduced_by": 0}