{"estimator": {"params": {"metric": "manhattan", "shrink_threshold": null}, "runtime": "0:00:00.014824", "classifier": "NearestCentroid(metric='manhattan', shrink_threshold=None)"}, "accuracy_score": 0.8017885123484715, "balanced_accuracy": 0.8954621479088151, "confusion_matrix": [[118957, 30211], [22, 3339]], "f1_score": 0.18092167646501042, "precision_score": 0.0995230998509687, "recall_score": 0.9934543290687295, "roc_auc_score": 0.895462147908815, "train_percent": 0.11, "reduced_by": 1}