{"estimator": {"params": {"metric": "manhattan", "shrink_threshold": null}, "runtime": "0:00:00.024981", "classifier": "NearestCentroid(metric='manhattan', shrink_threshold=None)"}, "accuracy_score": 0.5933695102501264, "balanced_accuracy": 0.7864956710278526, "confusion_matrix": [[58775, 41787], [26, 2240]], "f1_score": 0.09677489037219451, "precision_score": 0.050877870397710495, "recall_score": 0.9885260370697264, "roc_auc_score": 0.7864956710278526, "train_percent": 0.4, "reduced_by": 2}