{"estimator": {"params": {"metric": "manhattan", "shrink_threshold": null}, "runtime": "0:00:00.010219", "classifier": "NearestCentroid(metric='manhattan', shrink_threshold=None)"}, "accuracy_score": 0.8720592434418801, "balanced_accuracy": 0.9168238670632798, "confusion_matrix": [[137067, 20482], [129, 3420]], "f1_score": 0.24917125059196385, "precision_score": 0.14308426073131955, "recall_score": 0.9636517328825022, "roc_auc_score": 0.9168238670632799, "train_percent": 0.06, "reduced_by": 4}