{"estimator": {"params": {"metric": "manhattan", "shrink_threshold": null}, "runtime": "0:00:00.013239", "classifier": "NearestCentroid(metric='manhattan', shrink_threshold=None)"}, "accuracy_score": 0.8720243363557094, "balanced_accuracy": 0.9169754051535295, "confusion_matrix": [[129769, 19399], [121, 3240]], "f1_score": 0.24923076923076926, "precision_score": 0.14311586200803922, "recall_score": 0.9639988098780125, "roc_auc_score": 0.9169754051535294, "train_percent": 0.11, "reduced_by": 3}