{"estimator": {"params": {"metric": "manhattan", "shrink_threshold": null}, "runtime": "0:00:00.008897", "classifier": "NearestCentroid(metric='manhattan', shrink_threshold=None)"}, "accuracy_score": 0.8334089716916077, "balanced_accuracy": 0.9133898004961614, "confusion_matrix": [[137675, 28254], [11, 3727]], "f1_score": 0.2086844536521179, "precision_score": 0.11653794440449017, "recall_score": 0.9970572498662387, "roc_auc_score": 0.9133898004961614, "train_percent": 0.01, "reduced_by": 2}