{"estimator": {"params": {"metric": "manhattan", "shrink_threshold": null}, "runtime": "0:00:00.009808", "classifier": "NearestCentroid(metric='manhattan', shrink_threshold=None)"}, "accuracy_score": 0.7891173945294931, "balanced_accuracy": 0.8888145222896422, "confusion_matrix": [[131358, 36079], [26, 3746]], "f1_score": 0.17184668669862604, "precision_score": 0.09406151914626491, "recall_score": 0.9931071049840933, "roc_auc_score": 0.8888145222896422, "train_percent": 0.001, "reduced_by": 1}