{"estimator": {"params": {"metric": "manhattan", "shrink_threshold": null}, "runtime": "0:00:00.024601", "classifier": "NearestCentroid(metric='manhattan', shrink_threshold=None)"}, "accuracy_score": 0.6987827429576833, "balanced_accuracy": 0.8424139913877828, "confusion_matrix": [[75407, 33537], [18, 2436]], "f1_score": 0.12678585369661954, "precision_score": 0.06771745475773497, "recall_score": 0.9926650366748166, "roc_auc_score": 0.8424139913877828, "train_percent": 0.35, "reduced_by": 2}