{"estimator": {"params": {"metric": "manhattan", "shrink_threshold": null}, "runtime": "0:00:00.026501", "classifier": "NearestCentroid(metric='manhattan', shrink_threshold=None)"}, "accuracy_score": 0.5877210664233654, "balanced_accuracy": 0.7854509746251808, "confusion_matrix": [[53337, 38845], [16, 2061]], "f1_score": 0.0958983784286811, "precision_score": 0.050383806776512004, "recall_score": 0.9922965816080885, "roc_auc_score": 0.7854509746251807, "train_percent": 0.45, "reduced_by": 4}