{"estimator": {"params": {"metric": "manhattan", "shrink_threshold": null}, "runtime": "0:00:00.012858", "classifier": "NearestCentroid(metric='manhattan', shrink_threshold=None)"}, "accuracy_score": 0.7670113843747284, "balanced_accuracy": 0.8788158364256057, "confusion_matrix": [[120030, 37519], [15, 3534]], "f1_score": 0.15846823012420969, "precision_score": 0.08608384283730787, "recall_score": 0.9957734573119188, "roc_auc_score": 0.8788158364256057, "train_percent": 0.06, "reduced_by": 1}