{"estimator": {"params": {"metric": "manhattan", "shrink_threshold": null}, "runtime": "0:00:00.035328", "classifier": "NearestCentroid(metric='manhattan', shrink_threshold=None)"}, "accuracy_score": 0.8000816898121135, "balanced_accuracy": 0.893647010568495, "confusion_matrix": [[66687, 17115], [16, 1872]], "f1_score": 0.17935329341317363, "precision_score": 0.09859377468794438, "recall_score": 0.9915254237288136, "roc_auc_score": 0.893647010568495, "train_percent": 0.5, "reduced_by": 0}