{"estimator": {"params": {"metric": "manhattan", "shrink_threshold": null}, "runtime": "0:00:00.023025", "classifier": "NearestCentroid(metric='manhattan', shrink_threshold=None)"}, "accuracy_score": 0.5924253577263505, "balanced_accuracy": 0.7864441552140529, "confusion_matrix": [[63567, 45377], [26, 2428]], "f1_score": 0.09661951093336517, "precision_score": 0.050789666352891956, "recall_score": 0.9894050529747351, "roc_auc_score": 0.7864441552140529, "train_percent": 0.35, "reduced_by": 3}