{"estimator": {"params": {"metric": "manhattan", "shrink_threshold": null}, "runtime": "0:00:00.028412", "classifier": "NearestCentroid(metric='manhattan', shrink_threshold=None)"}, "accuracy_score": 0.7833955731901817, "balanced_accuracy": 0.8868848817220039, "confusion_matrix": [[78300, 22262], [11, 2255]], "f1_score": 0.1683903968935519, "precision_score": 0.09197699555410531, "recall_score": 0.9951456310679612, "roc_auc_score": 0.8868848817220039, "train_percent": 0.4, "reduced_by": 1}