{"estimator": {"params": {"metric": "manhattan", "shrink_threshold": null}, "runtime": "0:00:00.033132", "classifier": "NearestCentroid(metric='manhattan', shrink_threshold=None)"}, "accuracy_score": 0.7954041523886313, "balanced_accuracy": 0.891632224760782, "confusion_matrix": [[72913, 19269], [16, 2061]], "f1_score": 0.17610116631776818, "precision_score": 0.09662447257383966, "recall_score": 0.9922965816080885, "roc_auc_score": 0.891632224760782, "train_percent": 0.45, "reduced_by": 0}