{"estimator": {"params": {"metric": "manhattan", "shrink_threshold": null}, "runtime": "0:00:00.024656", "classifier": "NearestCentroid(metric='manhattan', shrink_threshold=None)"}, "accuracy_score": 0.766650550989447, "balanced_accuracy": 0.878662790087001, "confusion_matrix": [[89340, 27983], [11, 2632]], "f1_score": 0.15827770761921944, "precision_score": 0.0859709292830312, "recall_score": 0.9958380628074158, "roc_auc_score": 0.878662790087001, "train_percent": 0.3, "reduced_by": 0}