{"estimator": {"params": {"metric": "manhattan", "shrink_threshold": null}, "runtime": "0:00:00.025761", "classifier": "NearestCentroid(metric='manhattan', shrink_threshold=None)"}, "accuracy_score": 0.8710176216594702, "balanced_accuracy": 0.9178795267683, "confusion_matrix": [[87374, 13188], [75, 2191]], "f1_score": 0.24834230660243695, "precision_score": 0.14246700045516614, "recall_score": 0.9669020300088261, "roc_auc_score": 0.9178795267683002, "train_percent": 0.4, "reduced_by": 3}