{"estimator": {"params": {"metric": "manhattan", "shrink_threshold": null}, "runtime": "0:00:00.020072", "classifier": "NearestCentroid(metric='manhattan', shrink_threshold=None)"}, "accuracy_score": 0.8717493810222201, "balanced_accuracy": 0.9176374673426202, "confusion_matrix": [[107859, 16169], [96, 2698]], "f1_score": 0.24911130603388584, "precision_score": 0.14300100704934543, "recall_score": 0.9656406585540444, "roc_auc_score": 0.9176374673426202, "train_percent": 0.26, "reduced_by": 3}