{"estimator": {"params": {"metric": "manhattan", "shrink_threshold": null}, "runtime": "0:00:00.008340", "classifier": "NearestCentroid(metric='manhattan', shrink_threshold=None)"}, "accuracy_score": 0.8483607754265254, "balanced_accuracy": 0.6426022656051492, "confusion_matrix": [[143635, 23802], [2160, 1612]], "f1_score": 0.11046392105804154, "precision_score": 0.06342960572912568, "recall_score": 0.42735949098621423, "roc_auc_score": 0.6426022656051492, "train_percent": 0.001, "reduced_by": 3}