{"estimator": {"params": {"metric": "manhattan", "shrink_threshold": null}, "runtime": "0:00:00.030512", "classifier": "NearestCentroid(metric='manhattan', shrink_threshold=None)"}, "accuracy_score": 0.6970124868712801, "balanced_accuracy": 0.8417279630375716, "confusion_matrix": [[57852, 25950], [13, 1875]], "f1_score": 0.126207383973345, "precision_score": 0.0673854447439353, "recall_score": 0.993114406779661, "roc_auc_score": 0.8417279630375716, "train_percent": 0.5, "reduced_by": 2}