{"estimator": {"params": {"metric": "manhattan", "shrink_threshold": null}, "runtime": "0:00:00.030865", "classifier": "NearestCentroid(metric='manhattan', shrink_threshold=None)"}, "accuracy_score": 0.7673962168068832, "balanced_accuracy": 0.8784892652387957, "confusion_matrix": [[70268, 21914], [11, 2066]], "f1_score": 0.158575430786353, "precision_score": 0.08615512927439532, "recall_score": 0.994703899855561, "roc_auc_score": 0.8784892652387957, "train_percent": 0.45, "reduced_by": 1}