{"estimator": {"params": {"metric": "manhattan", "shrink_threshold": null}, "runtime": "0:00:00.028619", "classifier": "NearestCentroid(metric='manhattan', shrink_threshold=None)"}, "accuracy_score": 0.8004337340024118, "balanced_accuracy": 0.8938704770452195, "confusion_matrix": [[80060, 20502], [19, 2247]], "f1_score": 0.17965220867479514, "precision_score": 0.09877357246472372, "recall_score": 0.9916151809355693, "roc_auc_score": 0.8938704770452195, "train_percent": 0.4, "reduced_by": 1}