{"estimator": {"params": {"metric": "manhattan", "shrink_threshold": null}, "runtime": "0:00:00.011515", "classifier": "NearestCentroid(metric='manhattan', shrink_threshold=None)"}, "accuracy_score": 0.8719635065913591, "balanced_accuracy": 0.9169181094820672, "confusion_matrix": [[145652, 21785], [136, 3636]], "f1_score": 0.24910081183845442, "precision_score": 0.14303135203178474, "recall_score": 0.9639448568398727, "roc_auc_score": 0.9169181094820672, "train_percent": 0.001, "reduced_by": 1}