{"estimator": {"params": {"metric": "manhattan", "shrink_threshold": null}, "runtime": "0:00:00.019563", "classifier": "NearestCentroid(metric='manhattan', shrink_threshold=None)"}, "accuracy_score": 0.7989009609205929, "balanced_accuracy": 0.8937445693765083, "confusion_matrix": [[105202, 27206], [21, 2962]], "f1_score": 0.17869747518928542, "precision_score": 0.09818350570140547, "recall_score": 0.9929601072745559, "roc_auc_score": 0.8937445693765083, "train_percent": 0.21, "reduced_by": 0}