{"estimator": {"params": {"metric": "manhattan", "shrink_threshold": null}, "runtime": "0:00:00.021251", "classifier": "NearestCentroid(metric='manhattan', shrink_threshold=None)"}, "accuracy_score": 0.8720354045853606, "balanced_accuracy": 0.9162538086606453, "confusion_matrix": [[94781, 14163], [92, 2362]], "f1_score": 0.24890668633753096, "precision_score": 0.14293494704992435, "recall_score": 0.9625101874490628, "roc_auc_score": 0.9162538086606454, "train_percent": 0.35, "reduced_by": 4}