{"estimator": {"params": {"metric": "manhattan", "shrink_threshold": null}, "runtime": "0:00:00.019718", "classifier": "NearestCentroid(metric='manhattan', shrink_threshold=None)"}, "accuracy_score": 0.5964028323161596, "balanced_accuracy": 0.7878829875600861, "confusion_matrix": [[72876, 51152], [33, 2761]], "f1_score": 0.09737774877881038, "precision_score": 0.0512121380743049, "recall_score": 0.9881889763779528, "roc_auc_score": 0.787882987560086, "train_percent": 0.26, "reduced_by": 2}