{"estimator": {"params": {"metric": "manhattan", "shrink_threshold": null}, "runtime": "0:00:00.020828", "classifier": "NearestCentroid(metric='manhattan', shrink_threshold=None)"}, "accuracy_score": 0.7657599101860537, "balanced_accuracy": 0.8781114514178617, "confusion_matrix": [[100707, 31701], [13, 2970]], "f1_score": 0.15775216444468051, "precision_score": 0.08566236912693606, "recall_score": 0.9956419711699631, "roc_auc_score": 0.8781114514178617, "train_percent": 0.21, "reduced_by": 0}