{"estimator": {"params": {"metric": "manhattan", "shrink_threshold": null}, "runtime": "0:00:00.010056", "classifier": "NearestCentroid(metric='manhattan', shrink_threshold=None)"}, "accuracy_score": 0.6285842267500457, "balanced_accuracy": 0.8082780679421953, "confusion_matrix": [[102926, 63003], [14, 3724]], "f1_score": 0.1056978641878947, "precision_score": 0.05580949240936952, "recall_score": 0.9962546816479401, "roc_auc_score": 0.8082780679421954, "train_percent": 0.01, "reduced_by": 2}