{"estimator": {"params": {"metric": "manhattan", "shrink_threshold": null}, "runtime": "0:00:00.010885", "classifier": "NearestCentroid(metric='manhattan', shrink_threshold=None)"}, "accuracy_score": 0.7866173150936835, "balanced_accuracy": 0.887636445359811, "confusion_matrix": [[129750, 36179], [25, 3713]], "f1_score": 0.17020398808159523, "precision_score": 0.09307630602627093, "recall_score": 0.9933119315141787, "roc_auc_score": 0.8876364453598109, "train_percent": 0.01, "reduced_by": 1}