{"estimator": {"params": {"metric": "manhattan", "shrink_threshold": null}, "runtime": "0:00:00.024337", "classifier": "NearestCentroid(metric='manhattan', shrink_threshold=None)"}, "accuracy_score": 0.5928054615474384, "balanced_accuracy": 0.7866386538720354, "confusion_matrix": [[58715, 41847], [24, 2242]], "f1_score": 0.09673174414841978, "precision_score": 0.050851686361677514, "recall_score": 0.9894086496028244, "roc_auc_score": 0.7866386538720354, "train_percent": 0.4, "reduced_by": 3}