{"estimator": {"params": {"metric": "manhattan", "shrink_threshold": null}, "runtime": "0:00:00.012794", "classifier": "NearestCentroid(metric='manhattan', shrink_threshold=None)"}, "accuracy_score": 0.8720308924860191, "balanced_accuracy": 0.9175604103712436, "confusion_matrix": [[129766, 19402], [117, 3244]], "f1_score": 0.2494712961894874, "precision_score": 0.14324825576260708, "recall_score": 0.9651889318655162, "roc_auc_score": 0.9175604103712436, "train_percent": 0.11, "reduced_by": 4}