{"estimator": {"params": {"metric": "manhattan", "shrink_threshold": null}, "runtime": "0:00:00.022761", "classifier": "NearestCentroid(metric='manhattan', shrink_threshold=None)"}, "accuracy_score": 0.8724573152121223, "balanced_accuracy": 0.9172661536824493, "confusion_matrix": [[94824, 14120], [88, 2366]], "f1_score": 0.24984160506863778, "precision_score": 0.14351571029964819, "recall_score": 0.9641401792991035, "roc_auc_score": 0.9172661536824495, "train_percent": 0.35, "reduced_by": 4}