{"estimator": {"params": {"metric": "manhattan", "shrink_threshold": null}, "runtime": "0:00:00.011383", "classifier": "NearestCentroid(metric='manhattan', shrink_threshold=None)"}, "accuracy_score": 0.7948393028697389, "balanced_accuracy": 0.89197079854892, "confusion_matrix": [[131144, 34785], [24, 3714]], "f1_score": 0.17586476312238086, "precision_score": 0.09647003818280994, "recall_score": 0.9935794542536116, "roc_auc_score": 0.8919707985489201, "train_percent": 0.01, "reduced_by": 0}