{"estimator": {"params": {"metric": "manhattan", "shrink_threshold": null}, "runtime": "0:00:00.016041", "classifier": "NearestCentroid(metric='manhattan', shrink_threshold=None)"}, "accuracy_score": 0.8720130591831065, "balanced_accuracy": 0.9173080201328347, "confusion_matrix": [[122475, 18313], [112, 3060]], "f1_score": 0.24933795070279083, "precision_score": 0.1431712908810181, "recall_score": 0.9646910466582598, "roc_auc_score": 0.9173080201328347, "train_percent": 0.16, "reduced_by": 2}