{"estimator": {"params": {"metric": "manhattan", "shrink_threshold": null}, "runtime": "0:00:00.015631", "classifier": "NearestCentroid(metric='manhattan', shrink_threshold=None)"}, "accuracy_score": 0.8721554608504258, "balanced_accuracy": 0.9169428842367844, "confusion_matrix": [[115207, 17201], [108, 2875]], "f1_score": 0.2493603365280368, "precision_score": 0.14320581789201037, "recall_score": 0.9637948374120013, "roc_auc_score": 0.9169428842367843, "train_percent": 0.21, "reduced_by": 4}