{"estimator": {"params": {"metric": "manhattan", "shrink_threshold": null}, "runtime": "0:00:00.016234", "classifier": "NearestCentroid(metric='manhattan', shrink_threshold=None)"}, "accuracy_score": 0.7642284418045093, "balanced_accuracy": 0.8777131008329673, "confusion_matrix": [[113218, 35950], [12, 3349]], "f1_score": 0.15700890764181905, "precision_score": 0.0852184533957607, "recall_score": 0.9964296340374889, "roc_auc_score": 0.8777131008329673, "train_percent": 0.11, "reduced_by": 0}