{"estimator": {"params": {"metric": "manhattan", "shrink_threshold": null}, "runtime": "0:00:00.031838", "classifier": "NearestCentroid(metric='manhattan', shrink_threshold=None)"}, "accuracy_score": 0.8016635016284918, "balanced_accuracy": 0.8943618001427688, "confusion_matrix": [[73505, 18677], [18, 2059]], "f1_score": 0.18051111208521456, "precision_score": 0.09929591049382716, "recall_score": 0.9913336543090997, "roc_auc_score": 0.8943618001427689, "train_percent": 0.45, "reduced_by": 1}