{"estimator": {"params": {"metric": "manhattan", "shrink_threshold": null}, "runtime": "0:00:00.024906", "classifier": "NearestCentroid(metric='manhattan', shrink_threshold=None)"}, "accuracy_score": 0.8717750767518267, "balanced_accuracy": 0.9173156695624218, "confusion_matrix": [[94746, 14198], [86, 2368]], "f1_score": 0.24900105152471086, "precision_score": 0.14294337800313897, "recall_score": 0.9649551752241239, "roc_auc_score": 0.9173156695624218, "train_percent": 0.35, "reduced_by": 2}