{"estimator": {"params": {"metric": "manhattan", "shrink_threshold": null}, "runtime": "0:00:00.030589", "classifier": "NearestCentroid(metric='manhattan', shrink_threshold=None)"}, "accuracy_score": 0.619850624343564, "balanced_accuracy": 0.7994303258811428, "confusion_matrix": [[51251, 32551], [24, 1864]], "f1_score": 0.10269123763876264, "precision_score": 0.05416242917332559, "recall_score": 0.9872881355932204, "roc_auc_score": 0.7994303258811428, "train_percent": 0.5, "reduced_by": 2}