{"estimator": {"params": {"metric": "manhattan", "shrink_threshold": null}, "runtime": "0:00:00.017672", "classifier": "NearestCentroid(metric='manhattan', shrink_threshold=None)"}, "accuracy_score": 0.8715571936096196, "balanced_accuracy": 0.9163093309066768, "confusion_matrix": [[115128, 17280], [110, 2873]], "f1_score": 0.2483575380359613, "precision_score": 0.14255942043368233, "recall_score": 0.9631243714381496, "roc_auc_score": 0.9163093309066768, "train_percent": 0.21, "reduced_by": 4}