{"estimator": {"params": {"metric": "manhattan", "shrink_threshold": null}, "runtime": "0:00:00.023869", "classifier": "NearestCentroid(metric='manhattan', shrink_threshold=None)"}, "accuracy_score": 0.7674535963791771, "balanced_accuracy": 0.8786585620782191, "confusion_matrix": [[94550, 29478], [14, 2780]], "f1_score": 0.1586214766632432, "precision_score": 0.08618017236034473, "recall_score": 0.9949892627057981, "roc_auc_score": 0.8786585620782191, "train_percent": 0.26, "reduced_by": 0}