{"estimator": {"params": {"metric": "manhattan", "shrink_threshold": null}, "runtime": "0:00:00.023503", "classifier": "NearestCentroid(metric='manhattan', shrink_threshold=None)"}, "accuracy_score": 0.7962971724148807, "balanced_accuracy": 0.8930553850737609, "confusion_matrix": [[98210, 25818], [16, 2778]], "f1_score": 0.17699904428161833, "precision_score": 0.09714645404951741, "recall_score": 0.9942734430923408, "roc_auc_score": 0.8930553850737609, "train_percent": 0.26, "reduced_by": 0}