{"estimator": {"params": {"metric": "manhattan", "shrink_threshold": null}, "runtime": "0:00:00.024381", "classifier": "NearestCentroid(metric='manhattan', shrink_threshold=None)"}, "accuracy_score": 0.78328026274111, "balanced_accuracy": 0.8866102076391137, "confusion_matrix": [[91338, 25985], [14, 2629]], "f1_score": 0.16821831909652238, "precision_score": 0.09187810162857342, "recall_score": 0.9947029890276201, "roc_auc_score": 0.8866102076391136, "train_percent": 0.3, "reduced_by": 1}