{"estimator": {"params": {"metric": "manhattan", "shrink_threshold": null}, "runtime": "0:00:00.039816", "classifier": "NearestCentroid(metric='manhattan', shrink_threshold=None)"}, "accuracy_score": 0.7833628619017813, "balanced_accuracy": 0.8871230796726081, "confusion_matrix": [[71771, 20411], [9, 2068]], "f1_score": 0.16843134060921974, "precision_score": 0.09199697495440189, "recall_score": 0.9956668271545498, "roc_auc_score": 0.8871230796726081, "train_percent": 0.45, "reduced_by": 1}