{"estimator": {"params": {"metric": "manhattan", "shrink_threshold": null}, "runtime": "0:00:00.026513", "classifier": "NearestCentroid(metric='manhattan', shrink_threshold=None)"}, "accuracy_score": 0.6021706150075855, "balanced_accuracy": 0.7904854562952628, "confusion_matrix": [[54709, 37473], [26, 2051]], "f1_score": 0.09860339895675585, "precision_score": 0.05189252099989879, "recall_score": 0.9874819451131439, "roc_auc_score": 0.7904854562952629, "train_percent": 0.45, "reduced_by": 3}