{"estimator": {"params": {"metric": "manhattan", "shrink_threshold": null}, "runtime": "0:00:00.023239", "classifier": "NearestCentroid(metric='manhattan', shrink_threshold=None)"}, "accuracy_score": 0.5938167651124796, "balanced_accuracy": 0.7875538488000026, "confusion_matrix": [[63720, 45224], [24, 2430]], "f1_score": 0.09699050051887922, "precision_score": 0.05099257145255383, "recall_score": 0.9902200488997555, "roc_auc_score": 0.7875538488000026, "train_percent": 0.35, "reduced_by": 2}