{"estimator": {"params": {"metric": "manhattan", "shrink_threshold": null}, "runtime": "0:00:00.008936", "classifier": "NearestCentroid(metric='manhattan', shrink_threshold=None)"}, "accuracy_score": 0.8720532007224789, "balanced_accuracy": 0.9170236733350243, "confusion_matrix": [[145084, 21683], [135, 3622]], "f1_score": 0.2492602023260615, "precision_score": 0.14313376803003358, "recall_score": 0.9640670747937183, "roc_auc_score": 0.9170236733350244, "train_percent": 0.005, "reduced_by": 4}