{"estimator": {"params": {"metric": "manhattan", "shrink_threshold": null}, "runtime": "0:00:00.015723", "classifier": "NearestCentroid(metric='manhattan', shrink_threshold=None)"}, "accuracy_score": 0.8723881633787163, "balanced_accuracy": 0.9167294087564282, "confusion_matrix": [[122534, 18254], [117, 3055]], "f1_score": 0.2495813079531065, "precision_score": 0.14336665258810832, "recall_score": 0.9631147540983607, "roc_auc_score": 0.916729408756428, "train_percent": 0.16, "reduced_by": 4}