{"estimator": {"params": {"metric": "manhattan", "shrink_threshold": null}, "runtime": "0:00:00.012589", "classifier": "NearestCentroid(metric='manhattan', shrink_threshold=None)"}, "accuracy_score": 0.6968491228941389, "balanced_accuracy": 0.8415673453234417, "confusion_matrix": [[108737, 48812], [25, 3524]], "f1_score": 0.126116131341147, "precision_score": 0.06733414857841638, "recall_score": 0.9929557621865314, "roc_auc_score": 0.8415673453234418, "train_percent": 0.06, "reduced_by": 2}