{"estimator": {"params": {"metric": "manhattan", "shrink_threshold": null}, "runtime": "0:00:00.029743", "classifier": "NearestCentroid(metric='manhattan', shrink_threshold=None)"}, "accuracy_score": 0.6976734317147434, "balanced_accuracy": 0.8421364694304323, "confusion_matrix": [[63699, 28483], [14, 2063]], "f1_score": 0.12647518621831225, "precision_score": 0.06753748444968245, "recall_score": 0.9932595089070775, "roc_auc_score": 0.8421364694304324, "train_percent": 0.45, "reduced_by": 2}