{"estimator": {"params": {"metric": "manhattan", "shrink_threshold": null}, "runtime": "0:00:00.017527", "classifier": "NearestCentroid(metric='manhattan', shrink_threshold=None)"}, "accuracy_score": 0.6175078107111994, "balanced_accuracy": 0.7980555795571922, "confusion_matrix": [[80661, 51747], [39, 2944]], "f1_score": 0.10209106356417103, "precision_score": 0.05382969775648644, "recall_score": 0.9869259135098893, "roc_auc_score": 0.7980555795571923, "train_percent": 0.21, "reduced_by": 2}