{"estimator": {"params": {"metric": "manhattan", "shrink_threshold": null}, "runtime": "0:00:00.010807", "classifier": "NearestCentroid(metric='manhattan', shrink_threshold=None)"}, "accuracy_score": 0.839652121091765, "balanced_accuracy": 0.9015645885670831, "confusion_matrix": [[140111, 27326], [127, 3645]], "f1_score": 0.20982643985838872, "precision_score": 0.11769074295308514, "recall_score": 0.9663308589607635, "roc_auc_score": 0.9015645885670831, "train_percent": 0.001, "reduced_by": 0}