{"estimator": {"params": {"metric": "manhattan", "shrink_threshold": null}, "runtime": "0:00:00.009933", "classifier": "NearestCentroid(metric='manhattan', shrink_threshold=None)"}, "accuracy_score": 0.7952619313237038, "balanced_accuracy": 0.8923447107954838, "confusion_matrix": [[132407, 35030], [23, 3749]], "f1_score": 0.17621207492185845, "precision_score": 0.09667603599886536, "recall_score": 0.9939024390243902, "roc_auc_score": 0.8923447107954837, "train_percent": 0.001, "reduced_by": 1}