{"estimator": {"params": {"metric": "manhattan", "shrink_threshold": null}, "runtime": "0:00:00.009482", "classifier": "NearestCentroid(metric='manhattan', shrink_threshold=None)"}, "accuracy_score": 0.5993622802312766, "balanced_accuracy": 0.760258690679232, "confusion_matrix": [[98221, 67708], [267, 3471]], "f1_score": 0.09266254655151701, "precision_score": 0.04876438275334017, "recall_score": 0.9285714285714286, "roc_auc_score": 0.760258690679232, "train_percent": 0.01, "reduced_by": 3}