{"estimator": {"params": {"metric": "manhattan", "shrink_threshold": null}, "runtime": "0:00:00.009266", "classifier": "NearestCentroid(metric='manhattan', shrink_threshold=None)"}, "accuracy_score": 0.8719985514780181, "balanced_accuracy": 0.91693602666883, "confusion_matrix": [[145658, 21779], [136, 3636]], "f1_score": 0.24915201973481343, "precision_score": 0.1430651190241983, "recall_score": 0.9639448568398727, "roc_auc_score": 0.91693602666883, "train_percent": 0.001, "reduced_by": 4}