{"estimator": {"params": {"metric": "manhattan", "shrink_threshold": null}, "runtime": "0:00:00.025414", "classifier": "NearestCentroid(metric='manhattan', shrink_threshold=None)"}, "accuracy_score": 0.8712510211226514, "balanced_accuracy": 0.9154106832224258, "confusion_matrix": [[87410, 13152], [87, 2179]], "f1_score": 0.2476558504290504, "precision_score": 0.14213032417976648, "recall_score": 0.9616063548102383, "roc_auc_score": 0.9154106832224259, "train_percent": 0.4, "reduced_by": 3}