{"estimator": {"params": {"metric": "manhattan", "shrink_threshold": null}, "runtime": "0:00:00.039100", "classifier": "NearestCentroid(metric='manhattan', shrink_threshold=None)"}, "accuracy_score": 0.7960769440230288, "balanced_accuracy": 0.8929370819489615, "confusion_matrix": [[79606, 20956], [13, 2253]], "f1_score": 0.17687929342492642, "precision_score": 0.0970744107889181, "recall_score": 0.9942630185348632, "roc_auc_score": 0.8929370819489614, "train_percent": 0.4, "reduced_by": 0}