{"estimator": {"params": {"metric": "manhattan", "shrink_threshold": null}, "runtime": "0:00:00.010854", "classifier": "NearestCentroid(metric='manhattan', shrink_threshold=None)"}, "accuracy_score": 0.7819434539421337, "balanced_accuracy": 0.8832856486049632, "confusion_matrix": [[128972, 36957], [40, 3698]], "f1_score": 0.16660284279053006, "precision_score": 0.0909605214610749, "recall_score": 0.9892990904226859, "roc_auc_score": 0.8832856486049631, "train_percent": 0.01, "reduced_by": 0}