{"estimator": {"params": {"metric": "manhattan", "shrink_threshold": null}, "runtime": "0:00:00.022129", "classifier": "NearestCentroid(metric='manhattan', shrink_threshold=None)"}, "accuracy_score": 0.8705632058026176, "balanced_accuracy": 0.9155011283845402, "confusion_matrix": [[94617, 14327], [92, 2362]], "f1_score": 0.24677427780389702, "precision_score": 0.14153034933189526, "recall_score": 0.9625101874490628, "roc_auc_score": 0.9155011283845402, "train_percent": 0.35, "reduced_by": 3}