{"estimator": {"params": {"metric": "manhattan", "shrink_threshold": null}, "runtime": "0:00:00.008174", "classifier": "NearestCentroid(metric='manhattan', shrink_threshold=None)"}, "accuracy_score": 0.6461050528885748, "balanced_accuracy": 0.5280532335008883, "confusion_matrix": [[109093, 58344], [2246, 1526]], "f1_score": 0.0479557524904937, "precision_score": 0.02548855854351094, "recall_score": 0.404559915164369, "roc_auc_score": 0.5280532335008883, "train_percent": 0.001, "reduced_by": 3}