{"estimator": {"params": {"metric": "manhattan", "shrink_threshold": null}, "runtime": "0:00:00.051754", "classifier": "NearestCentroid(metric='manhattan', shrink_threshold=None)"}, "accuracy_score": 0.9350161486130517, "balanced_accuracy": 0.9642841584102813, "confusion_matrix": [[417618, 31143], [64, 31402]], "f1_score": 0.6680494835710715, "precision_score": 0.502070509233352, "recall_score": 0.9979660586029365, "roc_auc_score": 0.9642841584102813, "train_percent": 0.16, "reduced_by": 1}