{"estimator": {"params": {"metric": "manhattan", "shrink_threshold": null}, "runtime": "0:00:00.112497", "classifier": "NearestCentroid(metric='manhattan', shrink_threshold=None)"}, "accuracy_score": 0.9348869887673861, "balanced_accuracy": 0.9642091199571452, "confusion_matrix": [[298254, 22289], [46, 22430]], "f1_score": 0.6676091971128805, "precision_score": 0.5015765111026633, "recall_score": 0.9979533724862075, "roc_auc_score": 0.9642091199571453, "train_percent": 0.4, "reduced_by": 2}