{"estimator": {"params": {"metric": "manhattan", "shrink_threshold": null}, "runtime": "0:00:00.089593", "classifier": "NearestCentroid(metric='manhattan', shrink_threshold=None)"}, "accuracy_score": 0.9348345135400663, "balanced_accuracy": 0.9640155538160079, "confusion_matrix": [[298244, 22299], [54, 22422]], "f1_score": 0.6673512210366533, "precision_score": 0.5013751928624136, "recall_score": 0.9975974372664175, "roc_auc_score": 0.964015553816008, "train_percent": 0.4, "reduced_by": 3}