{"estimator": {"params": {"metric": "manhattan", "shrink_threshold": null}, "runtime": "0:00:00.025857", "classifier": "NearestCentroid(metric='manhattan', shrink_threshold=None)"}, "accuracy_score": 0.93500632866887, "balanced_accuracy": 0.9641143364916598, "confusion_matrix": [[494685, 36882], [89, 37184]], "f1_score": 0.6679420508536991, "precision_score": 0.5020387222207221, "recall_score": 0.9976122125935664, "roc_auc_score": 0.9641143364916599, "train_percent": 0.005, "reduced_by": 2}