{"estimator": {"params": {"metric": "manhattan", "shrink_threshold": null}, "runtime": "0:00:00.030148", "classifier": "NearestCentroid(metric='manhattan', shrink_threshold=None)"}, "accuracy_score": 0.5311547010328951, "balanced_accuracy": 0.7490775058752758, "confusion_matrix": [[263544, 265353], [5, 37080]], "f1_score": 0.21842729987806242, "precision_score": 0.12260566803225839, "recall_score": 0.9998651745988945, "roc_auc_score": 0.7490775058752758, "train_percent": 0.01, "reduced_by": 1}