{"estimator": {"params": {"metric": "manhattan", "shrink_threshold": null}, "runtime": "0:00:00.132043", "classifier": "NearestCentroid(metric='manhattan', shrink_threshold=None)"}, "accuracy_score": 0.9351114661286984, "balanced_accuracy": 0.964267170353373, "confusion_matrix": [[298334, 22209], [49, 22427]], "f1_score": 0.6683454523781142, "precision_score": 0.5024419750873734, "recall_score": 0.9978198967787862, "roc_auc_score": 0.964267170353373, "train_percent": 0.4, "reduced_by": 1}