{"estimator": {"params": {"metric": "manhattan", "shrink_threshold": null}, "runtime": "0:00:00.025881", "classifier": "NearestCentroid(metric='manhattan', shrink_threshold=None)"}, "accuracy_score": 0.9398881935166303, "balanced_accuracy": 0.963445783733869, "confusion_matrix": [[497725, 33842], [352, 36921]], "f1_score": 0.6834943907586362, "precision_score": 0.5217557197970691, "recall_score": 0.9905561666621951, "roc_auc_score": 0.963445783733869, "train_percent": 0.005, "reduced_by": 3}