{"estimator": {"params": {"metric": "manhattan", "shrink_threshold": null}, "runtime": "0:00:00.022722", "classifier": "NearestCentroid(metric='manhattan', shrink_threshold=None)"}, "accuracy_score": 0.9350291821953449, "balanced_accuracy": 0.9641140905684682, "confusion_matrix": [[494699, 36868], [90, 37183]], "f1_score": 0.6680140850131149, "precision_score": 0.5021269125332541, "recall_score": 0.997585383521584, "roc_auc_score": 0.9641140905684683, "train_percent": 0.005, "reduced_by": 4}