{"estimator": {"params": {"metric": "manhattan", "shrink_threshold": null}, "runtime": "0:00:00.149048", "classifier": "NearestCentroid(metric='manhattan', shrink_threshold=None)"}, "accuracy_score": 0.9411991069668039, "balanced_accuracy": 0.963979573466236, "confusion_matrix": [[275544, 18287], [202, 20401]], "f1_score": 0.688165151540706, "precision_score": 0.5273211331679074, "recall_score": 0.9901956025821482, "roc_auc_score": 0.963979573466236, "train_percent": 0.45, "reduced_by": 0}