{"estimator": {"params": {"metric": "manhattan", "shrink_threshold": null}, "runtime": "0:00:00.175646", "classifier": "NearestCentroid(metric='manhattan', shrink_threshold=None)"}, "accuracy_score": 0.9416335197954164, "balanced_accuracy": 0.9642526294697873, "confusion_matrix": [[250617, 16502], [182, 18548]], "f1_score": 0.6897731498698402, "precision_score": 0.5291868758915834, "recall_score": 0.9902829684997331, "roc_auc_score": 0.9642526294697872, "train_percent": 0.5, "reduced_by": 0}