{"estimator": {"params": {"metric": "manhattan", "shrink_threshold": null}, "runtime": "0:00:00.097947", "classifier": "NearestCentroid(metric='manhattan', shrink_threshold=None)"}, "accuracy_score": 0.9353505468666056, "balanced_accuracy": 0.9643625869651773, "confusion_matrix": [[348154, 25813], [59, 26163]], "f1_score": 0.669147548530653, "precision_score": 0.5033669385870402, "recall_score": 0.9977499809320418, "roc_auc_score": 0.9643625869651773, "train_percent": 0.3, "reduced_by": 0}