{"estimator": {"params": {"metric": "manhattan", "shrink_threshold": null}, "runtime": "0:00:00.092450", "classifier": "NearestCentroid(metric='manhattan', shrink_threshold=None)"}, "accuracy_score": 0.9351009438444465, "balanced_accuracy": 0.9642185108125243, "confusion_matrix": [[367944, 27393], [63, 27657]], "f1_score": 0.6682856107285249, "precision_score": 0.5023978201634878, "recall_score": 0.9977272727272727, "roc_auc_score": 0.9642185108125242, "train_percent": 0.26, "reduced_by": 3}