{"estimator": {"params": {"metric": "manhattan", "shrink_threshold": null}, "runtime": "0:00:00.070939", "classifier": "NearestCentroid(metric='manhattan', shrink_threshold=None)"}, "accuracy_score": 0.9410599517322725, "balanced_accuracy": 0.9639014199809167, "confusion_matrix": [[370674, 24663], [272, 27448]], "f1_score": 0.6876526662574689, "precision_score": 0.5267218053769838, "recall_score": 0.9901875901875902, "roc_auc_score": 0.9639014199809167, "train_percent": 0.26, "reduced_by": 1}