{"estimator": {"params": {"metric": "manhattan", "shrink_threshold": null}, "runtime": "0:00:00.050706", "classifier": "NearestCentroid(metric='manhattan', shrink_threshold=None)"}, "accuracy_score": 0.9398206017153683, "balanced_accuracy": 0.9633238620011477, "confusion_matrix": [[445174, 30299], [321, 33018]], "f1_score": 0.6832064227776858, "precision_score": 0.5214713268158631, "recall_score": 0.9903716368217403, "roc_auc_score": 0.9633238620011476, "train_percent": 0.11, "reduced_by": 4}