{"estimator": {"params": {"metric": "manhattan", "shrink_threshold": null}, "runtime": "0:00:00.071368", "classifier": "NearestCentroid(metric='manhattan', shrink_threshold=None)"}, "accuracy_score": 0.9398759086331708, "balanced_accuracy": 0.9637164706696768, "confusion_matrix": [[350138, 23829], [232, 25990]], "f1_score": 0.6835785957575519, "precision_score": 0.5216885124149421, "recall_score": 0.9911524673937915, "roc_auc_score": 0.9637164706696768, "train_percent": 0.3, "reduced_by": 3}