{"estimator": {"params": {"metric": "manhattan", "shrink_threshold": null}, "runtime": "0:00:00.035607", "classifier": "NearestCentroid(metric='manhattan', shrink_threshold=None)"}, "accuracy_score": 0.9349858100830956, "balanced_accuracy": 0.9640560804330753, "confusion_matrix": [[442476, 32997], [83, 33256]], "f1_score": 0.6678448068117923, "precision_score": 0.5019546284696542, "recall_score": 0.9975104232280513, "roc_auc_score": 0.9640560804330753, "train_percent": 0.11, "reduced_by": 4}