{"estimator": {"params": {"metric": "manhattan", "shrink_threshold": null}, "runtime": "0:00:00.073079", "classifier": "NearestCentroid(metric='manhattan', shrink_threshold=None)"}, "accuracy_score": 0.9349107546684192, "balanced_accuracy": 0.9641450030262877, "confusion_matrix": [[347977, 25990], [58, 26164]], "f1_score": 0.6676533632744718, "precision_score": 0.5016681366721633, "recall_score": 0.9977881168484478, "roc_auc_score": 0.9641450030262877, "train_percent": 0.3, "reduced_by": 2}