{"estimator": {"params": {"metric": "manhattan", "shrink_threshold": null}, "runtime": "0:00:00.045472", "classifier": "NearestCentroid(metric='manhattan', shrink_threshold=None)"}, "accuracy_score": 0.9409040243990942, "balanced_accuracy": 0.9640756564832922, "confusion_matrix": [[470753, 31432], [326, 34886]], "f1_score": 0.6872057519944843, "precision_score": 0.5260411954522151, "recall_score": 0.9907417925707145, "roc_auc_score": 0.9640756564832922, "train_percent": 0.06, "reduced_by": 1}