{"estimator": {"params": {"metric": "manhattan", "shrink_threshold": null}, "runtime": "0:00:00.081404", "classifier": "NearestCentroid(metric='manhattan', shrink_threshold=None)"}, "accuracy_score": 0.9398134381504739, "balanced_accuracy": 0.9635057358421302, "confusion_matrix": [[350123, 23844], [242, 25980]], "f1_score": 0.6832706519738053, "precision_score": 0.5214354527938343, "recall_score": 0.9907711082297308, "roc_auc_score": 0.9635057358421302, "train_percent": 0.3, "reduced_by": 2}