{"estimator": {"params": {"metric": "manhattan", "shrink_threshold": null}, "runtime": "0:00:00.040118", "classifier": "NearestCentroid(metric='manhattan', shrink_threshold=None)"}, "accuracy_score": 0.9350573226125193, "balanced_accuracy": 0.9641295046892948, "confusion_matrix": [[467370, 34815], [85, 35127]], "f1_score": 0.6681058257412937, "precision_score": 0.5022304194904349, "recall_score": 0.9975860502101557, "roc_auc_score": 0.9641295046892949, "train_percent": 0.06, "reduced_by": 1}