{"estimator": {"params": {"metric": "manhattan", "shrink_threshold": null}, "runtime": "0:00:00.044346", "classifier": "NearestCentroid(metric='manhattan', shrink_threshold=None)"}, "accuracy_score": 0.9351327601321875, "balanced_accuracy": 0.9640510326570658, "confusion_matrix": [[417694, 31067], [84, 31382]], "f1_score": 0.6683064473193845, "precision_score": 0.5025220579993275, "recall_score": 0.9973304519163542, "roc_auc_score": 0.9640510326570659, "train_percent": 0.16, "reduced_by": 4}