{"estimator": {"params": {"metric": "manhattan", "shrink_threshold": null}, "runtime": "0:00:00.030295", "classifier": "NearestCentroid(metric='manhattan', shrink_threshold=None)"}, "accuracy_score": 0.7601364179734196, "balanced_accuracy": 0.8716088039727581, "confusion_matrix": [[395127, 136440], [4, 37269]], "f1_score": 0.3532908020589434, "precision_score": 0.21454846899124397, "recall_score": 0.9998926837120704, "roc_auc_score": 0.8716088039727581, "train_percent": 0.005, "reduced_by": 0}