{"estimator": {"params": {"metric": "manhattan", "shrink_threshold": null}, "runtime": "0:00:00.104023", "classifier": "NearestCentroid(metric='manhattan', shrink_threshold=None)"}, "accuracy_score": 0.9399479329133371, "balanced_accuracy": 0.963379702203546, "confusion_matrix": [[300161, 20382], [217, 22259]], "f1_score": 0.6836617166024234, "precision_score": 0.5220093337398278, "recall_score": 0.9903452571631963, "roc_auc_score": 0.963379702203546, "train_percent": 0.4, "reduced_by": 4}