{"estimator": {"params": {"metric": "manhattan", "shrink_threshold": null}, "runtime": "0:00:00.077271", "classifier": "NearestCentroid(metric='manhattan', shrink_threshold=None)"}, "accuracy_score": 0.9348763878153535, "balanced_accuracy": 0.964048041833387, "confusion_matrix": [[367852, 27485], [66, 27654]], "f1_score": 0.6674953837241577, "precision_score": 0.5015324906146285, "recall_score": 0.9976190476190476, "roc_auc_score": 0.964048041833387, "train_percent": 0.26, "reduced_by": 2}