{"estimator": {"params": {"metric": "manhattan", "shrink_threshold": null}, "runtime": "0:00:00.061312", "classifier": "NearestCentroid(metric='manhattan', shrink_threshold=None)"}, "accuracy_score": 0.9399726278019274, "balanced_accuracy": 0.9635041383729528, "confusion_matrix": [[370203, 25134], [261, 27459]], "f1_score": 0.6837996339322401, "precision_score": 0.5221037020135759, "recall_score": 0.9905844155844156, "roc_auc_score": 0.9635041383729528, "train_percent": 0.26, "reduced_by": 2}