{"estimator": {"params": {"metric": "manhattan", "shrink_threshold": null}, "runtime": "0:00:00.028837", "classifier": "NearestCentroid(metric='manhattan', shrink_threshold=None)"}, "accuracy_score": 0.935001054778145, "balanced_accuracy": 0.9640990407252688, "confusion_matrix": [[494683, 36884], [90, 37183]], "f1_score": 0.6679180887372014, "precision_score": 0.5020184427612837, "recall_score": 0.997585383521584, "roc_auc_score": 0.9640990407252688, "train_percent": 0.005, "reduced_by": 1}