{"estimator": {"params": {"metric": "manhattan", "shrink_threshold": null}, "runtime": "0:00:00.025086", "classifier": "NearestCentroid(metric='manhattan', shrink_threshold=None)"}, "accuracy_score": 0.9350109520299338, "balanced_accuracy": 0.964108827079353, "confusion_matrix": [[496677, 37027], [90, 37333]], "f1_score": 0.6679548768596298, "precision_score": 0.5020575578267886, "recall_score": 0.9975950618603533, "roc_auc_score": 0.964108827079353, "train_percent": 0.001, "reduced_by": 2}