{"estimator": {"params": {"metric": "manhattan", "shrink_threshold": null}, "runtime": "0:00:00.106990", "classifier": "NearestCentroid(metric='manhattan', shrink_threshold=None)"}, "accuracy_score": 0.9400006458488068, "balanced_accuracy": 0.9637532058921973, "confusion_matrix": [[325176, 22079], [217, 24132]], "f1_score": 0.6840136054421769, "precision_score": 0.522213325831512, "recall_score": 0.9910879296891043, "roc_auc_score": 0.9637532058921972, "train_percent": 0.35, "reduced_by": 4}