{"estimator": {"params": {"metric": "manhattan", "shrink_threshold": null}, "runtime": "0:00:00.080025", "classifier": "NearestCentroid(metric='manhattan', shrink_threshold=None)"}, "accuracy_score": 0.9346362737924139, "balanced_accuracy": 0.9640956586865741, "confusion_matrix": [[298167, 22376], [45, 22431]], "f1_score": 0.666765750635376, "precision_score": 0.5006137433883099, "recall_score": 0.9979978643886812, "roc_auc_score": 0.9640956586865741, "train_percent": 0.4, "reduced_by": 4}