{"estimator": {"params": {"metric": "manhattan", "shrink_threshold": null}, "runtime": "0:00:00.083059", "classifier": "NearestCentroid(metric='manhattan', shrink_threshold=None)"}, "accuracy_score": 0.7616349569916111, "balanced_accuracy": 0.8723936196382489, "confusion_matrix": [[294499, 100838], [4, 27716]], "f1_score": 0.35471031649538626, "precision_score": 0.2155981144110646, "recall_score": 0.9998556998556999, "roc_auc_score": 0.8723936196382488, "train_percent": 0.26, "reduced_by": 0}