{"estimator": {"params": {"metric": "manhattan", "shrink_threshold": null}, "runtime": "0:00:00.026151", "classifier": "NearestCentroid(metric='manhattan', shrink_threshold=None)"}, "accuracy_score": 0.9350414879403699, "balanced_accuracy": 0.9641206748748679, "confusion_matrix": [[494706, 36861], [90, 37183]], "f1_score": 0.6680560920614101, "precision_score": 0.5021743827994165, "recall_score": 0.997585383521584, "roc_auc_score": 0.9641206748748679, "train_percent": 0.005, "reduced_by": 3}