{"estimator": {"params": {"metric": "manhattan", "shrink_threshold": null}, "runtime": "0:00:00.063347", "classifier": "NearestCentroid(metric='manhattan', shrink_threshold=None)"}, "accuracy_score": 0.9396136763188543, "balanced_accuracy": 0.963369193100293, "confusion_matrix": [[395051, 26998], [275, 29318]], "f1_score": 0.6825361719959493, "precision_score": 0.5205980538390511, "recall_score": 0.9907072618524652, "roc_auc_score": 0.9633691931002929, "train_percent": 0.21, "reduced_by": 3}