{"estimator": {"params": {"metric": "manhattan", "shrink_threshold": null}, "runtime": "0:00:00.031758", "classifier": "NearestCentroid(metric='manhattan', shrink_threshold=None)"}, "accuracy_score": 0.9349717248142435, "balanced_accuracy": 0.9640969088902919, "confusion_matrix": [[467323, 34862], [84, 35128]], "f1_score": 0.6678200034219882, "precision_score": 0.5019002714673525, "recall_score": 0.9976144496194479, "roc_auc_score": 0.9640969088902919, "train_percent": 0.06, "reduced_by": 3}