{"estimator": {"params": {"metric": "manhattan", "shrink_threshold": null}, "runtime": "0:00:00.037568", "classifier": "NearestCentroid(metric='manhattan', shrink_threshold=None)"}, "accuracy_score": 0.9399090430257148, "balanced_accuracy": 0.9634827502282383, "confusion_matrix": [[445211, 30262], [313, 33026]], "f1_score": 0.6835770540325168, "precision_score": 0.5218366830994817, "recall_score": 0.9906115960286751, "roc_auc_score": 0.9634827502282383, "train_percent": 0.11, "reduced_by": 3}