{"estimator": {"params": {"metric": "manhattan", "shrink_threshold": null}, "runtime": "0:00:00.027129", "classifier": "NearestCentroid(metric='manhattan', shrink_threshold=None)"}, "accuracy_score": 0.9398178749736306, "balanced_accuracy": 0.9633832112842879, "confusion_matrix": [[497687, 33880], [354, 36919]], "f1_score": 0.6832296987193722, "precision_score": 0.5214621675447393, "recall_score": 0.9905025085182304, "roc_auc_score": 0.9633832112842879, "train_percent": 0.005, "reduced_by": 2}