{"estimator": {"params": {"metric": "manhattan", "shrink_threshold": null}, "runtime": "0:00:00.047181", "classifier": "NearestCentroid(metric='manhattan', shrink_threshold=None)"}, "accuracy_score": 0.9350034983451648, "balanced_accuracy": 0.9640934364248979, "confusion_matrix": [[442483, 32990], [81, 33258]], "f1_score": 0.667918503419121, "precision_score": 0.5020227025721531, "recall_score": 0.9975704130297849, "roc_auc_score": 0.9640934364248979, "train_percent": 0.11, "reduced_by": 0}