{"estimator": {"params": {"metric": "manhattan", "shrink_threshold": null}, "runtime": "0:00:00.081835", "classifier": "NearestCentroid(metric='manhattan', shrink_threshold=None)"}, "accuracy_score": 0.762164559676986, "balanced_accuracy": 0.8726997384756678, "confusion_matrix": [[334549, 114212], [3, 31463]], "f1_score": 0.35523114355231145, "precision_score": 0.21598077913162864, "recall_score": 0.9999046589970126, "roc_auc_score": 0.872699738475668, "train_percent": 0.16, "reduced_by": 0}