{"estimator": {"params": {"metric": "manhattan", "shrink_threshold": null}, "runtime": "0:00:00.174752", "classifier": "NearestCentroid(metric='manhattan', shrink_threshold=None)"}, "accuracy_score": 0.9357457958572533, "balanced_accuracy": 0.9646272590870539, "confusion_matrix": [[248792, 18327], [40, 18690]], "f1_score": 0.6705293558397761, "precision_score": 0.5049031526055596, "recall_score": 0.99786438868126, "roc_auc_score": 0.9646272590870538, "train_percent": 0.5, "reduced_by": 0}