{"estimator": {"params": {"metric": "manhattan", "shrink_threshold": null}, "runtime": "0:00:00.030005", "classifier": "NearestCentroid(metric='manhattan', shrink_threshold=None)"}, "accuracy_score": 0.9350156012028651, "balanced_accuracy": 0.9641387904895165, "confusion_matrix": [[492204, 36693], [87, 36998]], "f1_score": 0.6679786235285621, "precision_score": 0.502069452171907, "recall_score": 0.9976540380207631, "roc_auc_score": 0.9641387904895166, "train_percent": 0.01, "reduced_by": 1}