{"estimator": {"params": {"metric": "manhattan", "shrink_threshold": null}, "runtime": "0:00:00.084633", "classifier": "NearestCentroid(metric='manhattan', shrink_threshold=None)"}, "accuracy_score": 0.9353656835840087, "balanced_accuracy": 0.9642092071439692, "confusion_matrix": [[368065, 27272], [72, 27648]], "f1_score": 0.6691190706679574, "precision_score": 0.5034231609613984, "recall_score": 0.9974025974025974, "roc_auc_score": 0.9642092071439691, "train_percent": 0.26, "reduced_by": 0}