{"estimator": {"params": {"metric": "manhattan", "shrink_threshold": null}, "runtime": "0:00:00.026262", "classifier": "NearestCentroid(metric='manhattan', shrink_threshold=None)"}, "accuracy_score": 0.9398417514843459, "balanced_accuracy": 0.9634136786690726, "confusion_matrix": [[499700, 34004], [354, 37069]], "f1_score": 0.683324730865654, "precision_score": 0.5215623373151549, "recall_score": 0.9905405766507228, "roc_auc_score": 0.9634136786690726, "train_percent": 0.001, "reduced_by": 2}