{"estimator": {"params": {"metric": "manhattan", "shrink_threshold": null}, "runtime": "0:00:00.026371", "classifier": "NearestCentroid(metric='manhattan', shrink_threshold=None)"}, "accuracy_score": 0.9349905069966951, "balanced_accuracy": 0.9640933970340689, "confusion_matrix": [[494677, 36890], [90, 37183]], "f1_score": 0.667882097246421, "precision_score": 0.5019777786777908, "recall_score": 0.997585383521584, "roc_auc_score": 0.9640933970340689, "train_percent": 0.005, "reduced_by": 2}