{"estimator": {"params": {"metric": "manhattan", "shrink_threshold": null}, "runtime": "0:00:00.063464", "classifier": "NearestCentroid(metric='manhattan', shrink_threshold=None)"}, "accuracy_score": 0.9349094802827987, "balanced_accuracy": 0.9639818843744545, "confusion_matrix": [[367871, 27466], [71, 27649]], "f1_score": 0.667568056980745, "precision_score": 0.5016601651093169, "recall_score": 0.9974386724386725, "roc_auc_score": 0.9639818843744546, "train_percent": 0.26, "reduced_by": 3}