{"estimator": {"params": {"metric": "manhattan", "shrink_threshold": null}, "runtime": "0:00:00.088506", "classifier": "NearestCentroid(metric='manhattan', shrink_threshold=None)"}, "accuracy_score": 0.9351506413219753, "balanced_accuracy": 0.9641847018884158, "confusion_matrix": [[348078, 25889], [63, 26159]], "f1_score": 0.668429794301776, "precision_score": 0.5025937596065171, "recall_score": 0.9975974372664175, "roc_auc_score": 0.9641847018884158, "train_percent": 0.3, "reduced_by": 3}