{"estimator": {"params": {"metric": "manhattan", "shrink_threshold": null}, "runtime": "0:00:00.069084", "classifier": "NearestCentroid(metric='manhattan', shrink_threshold=None)"}, "accuracy_score": 0.9348715299081818, "balanced_accuracy": 0.9640067180040233, "confusion_matrix": [[323113, 24142], [60, 24289]], "f1_score": 0.6674635888980489, "precision_score": 0.5015176230100555, "recall_score": 0.9975358330937616, "roc_auc_score": 0.9640067180040233, "train_percent": 0.35, "reduced_by": 4}