{"estimator": {"params": {"metric": "manhattan", "shrink_threshold": null}, "runtime": "0:00:00.106159", "classifier": "NearestCentroid(metric='manhattan', shrink_threshold=None)"}, "accuracy_score": 0.934750830232715, "balanced_accuracy": 0.9638466626767281, "confusion_matrix": [[347925, 26042], [70, 26152]], "f1_score": 0.6670067333197306, "precision_score": 0.5010537609686937, "recall_score": 0.997330485851575, "roc_auc_score": 0.963846662676728, "train_percent": 0.3, "reduced_by": 3}