{"estimator": {"params": {"metric": "manhattan", "shrink_threshold": null}, "runtime": "0:00:00.027215", "classifier": "NearestCentroid(metric='manhattan', shrink_threshold=None)"}, "accuracy_score": 0.9349961659558078, "balanced_accuracy": 0.9641158543128755, "confusion_matrix": [[492194, 36703], [88, 36997]], "f1_score": 0.6679063050051902, "precision_score": 0.5019945725915875, "recall_score": 0.997627072940542, "roc_auc_score": 0.9641158543128756, "train_percent": 0.01, "reduced_by": 3}