{"estimator": {"params": {"metric": "manhattan", "shrink_threshold": null}, "runtime": "0:00:00.034805", "classifier": "NearestCentroid(metric='manhattan', shrink_threshold=None)"}, "accuracy_score": 0.9348712404423546, "balanced_accuracy": 0.9640299397879138, "confusion_matrix": [[467270, 34915], [85, 35127]], "f1_score": 0.6674710699830886, "precision_score": 0.5015133776876731, "recall_score": 0.9975860502101557, "roc_auc_score": 0.9640299397879138, "train_percent": 0.06, "reduced_by": 2}