{"estimator": {"params": {"metric": "manhattan", "shrink_threshold": null}, "runtime": "0:00:00.062276", "classifier": "NearestCentroid(metric='manhattan', shrink_threshold=None)"}, "accuracy_score": 0.9399258704903442, "balanced_accuracy": 0.9637247696074979, "confusion_matrix": [[395180, 26869], [263, 29330]], "f1_score": 0.6837467362924281, "precision_score": 0.5218954073915906, "recall_score": 0.9911127631534484, "roc_auc_score": 0.9637247696074979, "train_percent": 0.21, "reduced_by": 2}