{"estimator": {"params": {"metric": "manhattan", "shrink_threshold": null}, "runtime": "0:00:00.044271", "classifier": "NearestCentroid(metric='manhattan', shrink_threshold=None)"}, "accuracy_score": 0.9351253508171977, "balanced_accuracy": 0.9641865263910996, "confusion_matrix": [[442543, 32930], [79, 33260]], "f1_score": 0.6683479186970632, "precision_score": 0.5024928236893791, "recall_score": 0.9976304028315186, "roc_auc_score": 0.9641865263910996, "train_percent": 0.11, "reduced_by": 1}