{"estimator": {"params": {"metric": "manhattan", "shrink_threshold": null}, "runtime": "0:00:00.153228", "classifier": "NearestCentroid(metric='manhattan', shrink_threshold=None)"}, "accuracy_score": 0.9395135193756144, "balanced_accuracy": 0.9627459538215857, "confusion_matrix": [[250026, 17093], [197, 18533]], "f1_score": 0.681911840459195, "precision_score": 0.5202099590186942, "recall_score": 0.9894821142552056, "roc_auc_score": 0.9627459538215856, "train_percent": 0.5, "reduced_by": 3}