{"estimator": {"params": {"metric": "manhattan", "shrink_threshold": null}, "runtime": "0:00:00.106717", "classifier": "NearestCentroid(metric='manhattan', shrink_threshold=None)"}, "accuracy_score": 0.9413354000495151, "balanced_accuracy": 0.9639709121106181, "confusion_matrix": [[325698, 21557], [243, 24106]], "f1_score": 0.6886248071759126, "precision_score": 0.527911000153297, "recall_score": 0.9900201240297343, "roc_auc_score": 0.9639709121106181, "train_percent": 0.35, "reduced_by": 0}