{"estimator": {"params": {"metric": "manhattan", "shrink_threshold": null}, "runtime": "0:00:00.041884", "classifier": "NearestCentroid(metric='manhattan', shrink_threshold=None)"}, "accuracy_score": 0.5310282714641131, "balanced_accuracy": 0.7489933286098424, "confusion_matrix": [[250167, 252018], [6, 35206]], "f1_score": 0.21837511940354057, "precision_score": 0.12257332256357407, "recall_score": 0.9998296035442463, "roc_auc_score": 0.7489933286098424, "train_percent": 0.06, "reduced_by": 2}