{"estimator": {"params": {"metric": "manhattan", "shrink_threshold": null}, "runtime": "0:00:00.117255", "classifier": "NearestCentroid(metric='manhattan', shrink_threshold=None)"}, "accuracy_score": 0.9347638884403828, "balanced_accuracy": 0.9640636926018009, "confusion_matrix": [[323067, 24188], [54, 24295]], "f1_score": 0.6671518014059754, "precision_score": 0.5011034795701587, "recall_score": 0.9977822497843853, "roc_auc_score": 0.964063692601801, "train_percent": 0.35, "reduced_by": 3}