{"estimator": {"params": {"metric": "manhattan", "shrink_threshold": null}, "runtime": "0:00:00.116220", "classifier": "NearestCentroid(metric='manhattan', shrink_threshold=None)"}, "accuracy_score": 0.940420209959215, "balanced_accuracy": 0.9638185732926849, "confusion_matrix": [[300314, 20229], [208, 22268]], "f1_score": 0.6854539577978546, "precision_score": 0.5239899287008495, "recall_score": 0.9907456842854601, "roc_auc_score": 0.9638185732926849, "train_percent": 0.4, "reduced_by": 1}