{"estimator": {"params": {"metric": "manhattan", "shrink_threshold": null}, "runtime": "0:00:00.062321", "classifier": "NearestCentroid(metric='manhattan', shrink_threshold=None)"}, "accuracy_score": 0.9354954783864624, "balanced_accuracy": 0.9643869410890011, "confusion_matrix": [[348215, 25752], [62, 26160]], "f1_score": 0.6696188599073386, "precision_score": 0.5039297272306981, "recall_score": 0.9976355731828236, "roc_auc_score": 0.9643869410890012, "train_percent": 0.3, "reduced_by": 4}