{"estimator": {"params": {"metric": "manhattan", "shrink_threshold": null}, "runtime": "0:00:00.094246", "classifier": "NearestCentroid(metric='manhattan', shrink_threshold=None)"}, "accuracy_score": 0.9349737893025909, "balanced_accuracy": 0.9641187174193683, "confusion_matrix": [[323148, 24107], [57, 24292]], "f1_score": 0.6678396656952769, "precision_score": 0.5019111965123246, "recall_score": 0.9976590414390735, "roc_auc_score": 0.9641187174193684, "train_percent": 0.35, "reduced_by": 3}