{"estimator": {"params": {"metric": "manhattan", "shrink_threshold": null}, "runtime": "0:00:00.026534", "classifier": "NearestCentroid(metric='manhattan', shrink_threshold=None)"}, "accuracy_score": 0.9350191348841482, "balanced_accuracy": 0.96410306968745, "confusion_matrix": [[492209, 36688], [90, 36995]], "f1_score": 0.6679726996966633, "precision_score": 0.5020832485105112, "recall_score": 0.9975731427800998, "roc_auc_score": 0.96410306968745, "train_percent": 0.01, "reduced_by": 2}