{"estimator": {"params": {"metric": "manhattan", "shrink_threshold": null}, "runtime": "0:00:00.126191", "classifier": "NearestCentroid(metric='manhattan', shrink_threshold=None)"}, "accuracy_score": 0.9353294921444539, "balanced_accuracy": 0.9642803953390964, "confusion_matrix": [[248678, 18441], [45, 18685]], "f1_score": 0.6690418218275564, "precision_score": 0.5032861067715347, "recall_score": 0.9975974372664175, "roc_auc_score": 0.9642803953390964, "train_percent": 0.5, "reduced_by": 4}