{"estimator": {"params": {"metric": "manhattan", "shrink_threshold": null}, "runtime": "0:00:00.059625", "classifier": "NearestCentroid(metric='manhattan', shrink_threshold=None)"}, "accuracy_score": 0.9416374030758875, "balanced_accuracy": 0.964530561714373, "confusion_matrix": [[395960, 26089], [270, 29323]], "f1_score": 0.6899123580965826, "precision_score": 0.5291814047498736, "recall_score": 0.9908762207278748, "roc_auc_score": 0.9645305617143729, "train_percent": 0.21, "reduced_by": 0}