{"estimator": {"params": {"metric": "manhattan", "shrink_threshold": null}, "runtime": "0:00:00.069782", "classifier": "NearestCentroid(metric='manhattan', shrink_threshold=None)"}, "accuracy_score": 0.935160037536313, "balanced_accuracy": 0.964183038309132, "confusion_matrix": [[367973, 27364], [67, 27653]], "f1_score": 0.6684554673241717, "precision_score": 0.5026264609120817, "recall_score": 0.9975829725829726, "roc_auc_score": 0.964183038309132, "train_percent": 0.26, "reduced_by": 4}