{"estimator": {"params": {"metric": "manhattan", "shrink_threshold": null}, "runtime": "0:00:00.045236", "classifier": "NearestCentroid(metric='manhattan', shrink_threshold=None)"}, "accuracy_score": 0.9349189877597226, "balanced_accuracy": 0.9640203265627189, "confusion_matrix": [[442442, 33031], [83, 33256]], "f1_score": 0.667616887157971, "precision_score": 0.5016971653567065, "recall_score": 0.9975104232280513, "roc_auc_score": 0.964020326562719, "train_percent": 0.11, "reduced_by": 3}