{"estimator": {"params": {"metric": "manhattan", "shrink_threshold": null}, "runtime": "0:00:00.041097", "classifier": "NearestCentroid(metric='manhattan', shrink_threshold=None)"}, "accuracy_score": 0.9350089412482764, "balanced_accuracy": 0.9640508015924063, "confusion_matrix": [[467348, 34837], [89, 35123]], "f1_score": 0.6679154147491727, "precision_score": 0.5020440251572327, "recall_score": 0.9974724525729864, "roc_auc_score": 0.9640508015924063, "train_percent": 0.06, "reduced_by": 4}