{"estimator": {"params": {"metric": "manhattan", "shrink_threshold": null}, "runtime": "0:00:00.115454", "classifier": "NearestCentroid(metric='manhattan', shrink_threshold=None)"}, "accuracy_score": 0.7611489650272871, "balanced_accuracy": 0.872200544268621, "confusion_matrix": [[258497, 88758], [0, 24349]], "f1_score": 0.3542806425328832, "precision_score": 0.21527403255324604, "recall_score": 1.0, "roc_auc_score": 0.872200544268621, "train_percent": 0.35, "reduced_by": 0}