{"estimator": {"params": {"metric": "manhattan", "shrink_threshold": null}, "runtime": "0:00:00.120984", "classifier": "NearestCentroid(metric='manhattan', shrink_threshold=None)"}, "accuracy_score": 0.9397552427536462, "balanced_accuracy": 0.9635003870122012, "confusion_matrix": [[275077, 18754], [189, 20414]], "f1_score": 0.683073731408208, "precision_score": 0.5211907679738562, "recall_score": 0.9908265786535941, "roc_auc_score": 0.9635003870122012, "train_percent": 0.45, "reduced_by": 4}