{"estimator": {"params": {"metric": "manhattan", "shrink_threshold": null}, "runtime": "0:00:00.129113", "classifier": "NearestCentroid(metric='manhattan', shrink_threshold=None)"}, "accuracy_score": 0.9346822972968245, "balanced_accuracy": 0.9639341077294542, "confusion_matrix": [[248493, 18626], [45, 18685]], "f1_score": 0.6668332113987973, "precision_score": 0.5007906515504811, "recall_score": 0.9975974372664175, "roc_auc_score": 0.9639341077294543, "train_percent": 0.5, "reduced_by": 3}