{"estimator": {"params": {"metric": "manhattan", "shrink_threshold": null}, "runtime": "0:00:00.041037", "classifier": "NearestCentroid(metric='manhattan', shrink_threshold=None)"}, "accuracy_score": 0.9350585284938249, "balanced_accuracy": 0.9641507725207432, "confusion_matrix": [[442509, 32964], [79, 33260]], "f1_score": 0.6681196830147745, "precision_score": 0.5022348393331723, "recall_score": 0.9976304028315186, "roc_auc_score": 0.9641507725207431, "train_percent": 0.11, "reduced_by": 3}