{"estimator": {"params": {"metric": "manhattan", "shrink_threshold": null}, "runtime": "0:00:00.044541", "classifier": "NearestCentroid(metric='manhattan', shrink_threshold=None)"}, "accuracy_score": 0.9350267103463853, "balanced_accuracy": 0.9641172587193632, "confusion_matrix": [[496686, 37018], [90, 37333]], "f1_score": 0.6680086603324564, "precision_score": 0.5021183306209734, "recall_score": 0.9975950618603533, "roc_auc_score": 0.9641172587193632, "train_percent": 0.001, "reduced_by": 0}