{"estimator": {"params": {"metric": "manhattan", "shrink_threshold": null}, "runtime": "0:00:00.087555", "classifier": "NearestCentroid(metric='manhattan', shrink_threshold=None)"}, "accuracy_score": 0.9348899040577927, "balanced_accuracy": 0.9639417605348051, "confusion_matrix": [[298268, 22275], [59, 22417]], "f1_score": 0.6674904716531681, "precision_score": 0.501588651212745, "recall_score": 0.9973749777540487, "roc_auc_score": 0.9639417605348051, "train_percent": 0.4, "reduced_by": 3}