{"estimator": {"params": {"metric": "manhattan", "shrink_threshold": null}, "runtime": "0:00:00.057859", "classifier": "NearestCentroid(metric='manhattan', shrink_threshold=None)"}, "accuracy_score": 0.9414675754502645, "balanced_accuracy": 0.9642887649430594, "confusion_matrix": [[446006, 29467], [315, 33024]], "f1_score": 0.6892204946259001, "precision_score": 0.5284600982541486, "recall_score": 0.9905516062269414, "roc_auc_score": 0.9642887649430593, "train_percent": 0.11, "reduced_by": 0}