{"estimator": {"params": {"metric": "manhattan", "shrink_threshold": null}, "runtime": "0:00:00.070061", "classifier": "NearestCentroid(metric='manhattan', shrink_threshold=None)"}, "accuracy_score": 0.9351101093343843, "balanced_accuracy": 0.9641960256311144, "confusion_matrix": [[392811, 29238], [69, 29524]], "f1_score": 0.6683040009054383, "precision_score": 0.5024335454885811, "recall_score": 0.9976683675193458, "roc_auc_score": 0.9641960256311144, "train_percent": 0.21, "reduced_by": 2}