{"estimator": {"params": {"metric": "manhattan", "shrink_threshold": null}, "runtime": "0:00:00.039111", "classifier": "NearestCentroid(metric='manhattan', shrink_threshold=None)"}, "accuracy_score": 0.9349065960546858, "balanced_accuracy": 0.9641148773973378, "confusion_matrix": [[467284, 34901], [80, 35132]], "f1_score": 0.6676231649959619, "precision_score": 0.5016492225093885, "recall_score": 0.997728047256617, "roc_auc_score": 0.9641148773973378, "train_percent": 0.06, "reduced_by": 3}