{"estimator": {"params": {"metric": "manhattan", "shrink_threshold": null}, "runtime": "0:00:00.055046", "classifier": "NearestCentroid(metric='manhattan', shrink_threshold=None)"}, "accuracy_score": 0.934787308475429, "balanced_accuracy": 0.9639917080044617, "confusion_matrix": [[442372, 33101], [80, 33259]], "f1_score": 0.6671882365921423, "precision_score": 0.5011904761904762, "recall_score": 0.9976004079306517, "roc_auc_score": 0.9639917080044617, "train_percent": 0.11, "reduced_by": 1}