{"estimator": {"params": {"metric": "manhattan", "shrink_threshold": null}, "runtime": "0:00:00.131486", "classifier": "NearestCentroid(metric='manhattan', shrink_threshold=None)"}, "accuracy_score": 0.9352105860025246, "balanced_accuracy": 0.9642581470652589, "confusion_matrix": [[298371, 22172], [52, 22424]], "f1_score": 0.6686545801526719, "precision_score": 0.5028253655036327, "recall_score": 0.997686421071365, "roc_auc_score": 0.9642581470652588, "train_percent": 0.4, "reduced_by": 2}