{"estimator": {"params": {"metric": "manhattan", "shrink_threshold": null}, "runtime": "0:00:00.110012", "classifier": "NearestCentroid(metric='manhattan', shrink_threshold=None)"}, "accuracy_score": 0.9348003078547485, "balanced_accuracy": 0.9639408344929634, "confusion_matrix": [[273382, 20449], [52, 20551]], "f1_score": 0.6672077658555589, "precision_score": 0.5012439024390244, "recall_score": 0.9974760957142164, "roc_auc_score": 0.9639408344929634, "train_percent": 0.45, "reduced_by": 3}