{"estimator": {"params": {"metric": "manhattan", "shrink_threshold": null}, "runtime": "0:00:00.043379", "classifier": "NearestCentroid(metric='manhattan', shrink_threshold=None)"}, "accuracy_score": 0.9348099961060082, "balanced_accuracy": 0.9640260948239416, "confusion_matrix": [[417529, 31232], [74, 31392]], "f1_score": 0.6672760123286214, "precision_score": 0.5012774655084312, "recall_score": 0.9976482552596453, "roc_auc_score": 0.9640260948239416, "train_percent": 0.16, "reduced_by": 4}