{"estimator": {"params": {"metric": "manhattan", "shrink_threshold": null}, "runtime": "0:00:00.029396", "classifier": "NearestCentroid(metric='manhattan', shrink_threshold=None)"}, "accuracy_score": 0.5256439250718221, "balanced_accuracy": 0.7461163794649976, "confusion_matrix": [[260426, 268471], [6, 37079]], "f1_score": 0.21643439812044887, "precision_score": 0.1213516609392898, "recall_score": 0.9998382095186733, "roc_auc_score": 0.7461163794649976, "train_percent": 0.01, "reduced_by": 2}