{"estimator": {"params": {"metric": "manhattan", "shrink_threshold": null}, "runtime": "0:00:00.027380", "classifier": "NearestCentroid(metric='manhattan', shrink_threshold=None)"}, "accuracy_score": 0.9349802643900336, "balanced_accuracy": 0.9641073460399983, "confusion_matrix": [[492185, 36712], [88, 36997]], "f1_score": 0.6678520497499864, "precision_score": 0.5019332781614185, "recall_score": 0.997627072940542, "roc_auc_score": 0.9641073460399983, "train_percent": 0.01, "reduced_by": 1}