{"estimator": {"params": {"metric": "manhattan", "shrink_threshold": null}, "runtime": "0:00:00.078645", "classifier": "NearestCentroid(metric='manhattan', shrink_threshold=None)"}, "accuracy_score": 0.9398568041658689, "balanced_accuracy": 0.9631570287663065, "confusion_matrix": [[370171, 25166], [278, 27442]], "f1_score": 0.6832486804103176, "precision_score": 0.5216316909975669, "recall_score": 0.98997113997114, "roc_auc_score": 0.9631570287663064, "train_percent": 0.26, "reduced_by": 4}