{"estimator": {"params": {"metric": "manhattan", "shrink_threshold": null}, "runtime": "0:00:00.124381", "classifier": "NearestCentroid(metric='manhattan', shrink_threshold=None)"}, "accuracy_score": 0.9403690440601207, "balanced_accuracy": 0.9638062404384056, "confusion_matrix": [[275271, 18560], [190, 20413]], "f1_score": 0.6852759500469987, "precision_score": 0.5237728683960691, "recall_score": 0.9907780420327137, "roc_auc_score": 0.9638062404384056, "train_percent": 0.45, "reduced_by": 1}