{"estimator": {"params": {"metric": "manhattan", "shrink_threshold": null}, "runtime": "0:00:00.153142", "classifier": "NearestCentroid(metric='manhattan', shrink_threshold=None)"}, "accuracy_score": 0.9349796570916813, "balanced_accuracy": 0.9639194496314271, "confusion_matrix": [[248585, 18534], [52, 18678]], "f1_score": 0.6677630402917307, "precision_score": 0.5019348597226702, "recall_score": 0.997223705285638, "roc_auc_score": 0.9639194496314271, "train_percent": 0.5, "reduced_by": 2}