{"estimator": {"params": {"metric": "manhattan", "shrink_threshold": null}, "runtime": "0:00:00.146403", "classifier": "NearestCentroid(metric='manhattan', shrink_threshold=None)"}, "accuracy_score": 0.7610341120871152, "balanced_accuracy": 0.8720939534499426, "confusion_matrix": [[218694, 75137], [2, 20601]], "f1_score": 0.3541485804660438, "precision_score": 0.21518101485303642, "recall_score": 0.9999029267582391, "roc_auc_score": 0.8720939534499426, "train_percent": 0.45, "reduced_by": 0}