{"estimator": {"params": {"metric": "manhattan", "shrink_threshold": null}, "runtime": "0:00:00.108214", "classifier": "NearestCentroid(metric='manhattan', shrink_threshold=None)"}, "accuracy_score": 0.9350451923138083, "balanced_accuracy": 0.9640492955405555, "confusion_matrix": [[273460, 20371], [53, 20550]], "f1_score": 0.6680319875170665, "precision_score": 0.5021871410767088, "recall_score": 0.9974275590933359, "roc_auc_score": 0.9640492955405556, "train_percent": 0.45, "reduced_by": 4}