{"estimator": {"params": {"metric": "manhattan", "shrink_threshold": null}, "runtime": "0:00:00.054895", "classifier": "NearestCentroid(metric='manhattan', shrink_threshold=None)"}, "accuracy_score": 0.9350682073269516, "balanced_accuracy": 0.9641494770088754, "confusion_matrix": [[417654, 31107], [75, 31391]], "f1_score": 0.6681495040653866, "precision_score": 0.5022720727063266, "recall_score": 0.9976164749253162, "roc_auc_score": 0.9641494770088754, "train_percent": 0.16, "reduced_by": 0}