{"estimator": {"params": {"metric": "manhattan", "shrink_threshold": null}, "runtime": "0:00:00.027589", "classifier": "NearestCentroid(metric='manhattan', shrink_threshold=None)"}, "accuracy_score": 0.9414666090029012, "balanced_accuracy": 0.9643079222761173, "confusion_matrix": [[500626, 33078], [352, 37071]], "f1_score": 0.6892313985051872, "precision_score": 0.5284608476243424, "recall_score": 0.9905940197204928, "roc_auc_score": 0.9643079222761173, "train_percent": 0.001, "reduced_by": 0}