{"estimator": {"params": {"metric": "manhattan", "shrink_threshold": null}, "runtime": "0:00:00.070132", "classifier": "NearestCentroid(metric='manhattan', shrink_threshold=None)"}, "accuracy_score": 0.9414759713230132, "balanced_accuracy": 0.9642246515266875, "confusion_matrix": [[370844, 24493], [266, 27454]], "f1_score": 0.6892188735611984, "precision_score": 0.5285002021290931, "recall_score": 0.9904040404040404, "roc_auc_score": 0.9642246515266876, "train_percent": 0.26, "reduced_by": 0}