{"estimator": {"params": {"metric": "manhattan", "shrink_threshold": null}, "runtime": "0:00:00.122146", "classifier": "NearestCentroid(metric='manhattan', shrink_threshold=None)"}, "accuracy_score": 0.761465108346768, "balanced_accuracy": 0.8723490115711547, "confusion_matrix": [[238722, 81821], [1, 22475]], "f1_score": 0.3545735651405673, "precision_score": 0.21549244458080846, "recall_score": 0.9999555080975262, "roc_auc_score": 0.8723490115711549, "train_percent": 0.4, "reduced_by": 0}