{"estimator": {"params": {"metric": "manhattan", "shrink_threshold": null}, "runtime": "0:00:00.119282", "classifier": "NearestCentroid(metric='manhattan', shrink_threshold=None)"}, "accuracy_score": 0.9351729260180192, "balanced_accuracy": 0.9641297930603446, "confusion_matrix": [[323227, 24028], [62, 24287]], "f1_score": 0.6684740724430255, "precision_score": 0.5026803270205941, "recall_score": 0.9974536941968869, "roc_auc_score": 0.9641297930603445, "train_percent": 0.35, "reduced_by": 2}