{"estimator": {"params": {"metric": "manhattan", "shrink_threshold": null}, "runtime": "0:00:00.036578", "classifier": "NearestCentroid(metric='manhattan', shrink_threshold=None)"}, "accuracy_score": 0.9349717248142435, "balanced_accuracy": 0.9640572967233949, "confusion_matrix": [[467326, 34859], [87, 35125]], "f1_score": 0.6678010570744135, "precision_score": 0.5019004343850023, "recall_score": 0.997529251391571, "roc_auc_score": 0.9640572967233948, "train_percent": 0.06, "reduced_by": 2}