{"estimator": {"params": {"metric": "manhattan", "shrink_threshold": null}, "runtime": "0:00:00.187200", "classifier": "NearestCentroid(metric='manhattan', shrink_threshold=None)"}, "accuracy_score": 0.7610976424615794, "balanced_accuracy": 0.8721234297859894, "confusion_matrix": [[198831, 68288], [2, 18728]], "f1_score": 0.35420725133811204, "precision_score": 0.21522478624620758, "recall_score": 0.999893219434063, "roc_auc_score": 0.8721234297859896, "train_percent": 0.5, "reduced_by": 0}