{"estimator": {"params": {"metric": "manhattan", "shrink_threshold": null}, "runtime": "0:00:00.025046", "classifier": "NearestCentroid(metric='manhattan', shrink_threshold=None)"}, "accuracy_score": 0.93501336052317, "balanced_accuracy": 0.9641056250316684, "confusion_matrix": [[494690, 36877], [90, 37183]], "f1_score": 0.6679600837128253, "precision_score": 0.5020658925195787, "recall_score": 0.997585383521584, "roc_auc_score": 0.9641056250316685, "train_percent": 0.005, "reduced_by": 4}