{"estimator": {"params": {"metric": "manhattan", "shrink_threshold": null}, "runtime": "0:00:00.024820", "classifier": "NearestCentroid(metric='manhattan', shrink_threshold=None)"}, "accuracy_score": 0.9398426098356485, "balanced_accuracy": 0.9633866350519115, "confusion_matrix": [[495202, 33695], [353, 36732]], "f1_score": 0.683309770072178, "precision_score": 0.5215613330114871, "recall_score": 0.9904813266819469, "roc_auc_score": 0.9633866350519115, "train_percent": 0.01, "reduced_by": 4}