{"estimator": {"params": {"metric": "manhattan", "shrink_threshold": null}, "runtime": "0:00:00.024136", "classifier": "NearestCentroid(metric='manhattan', shrink_threshold=None)"}, "accuracy_score": 0.9349749638681089, "balanced_accuracy": 0.9641170471254966, "confusion_matrix": [[492181, 36716], [87, 36998]], "f1_score": 0.6678399624545349, "precision_score": 0.5019127981116206, "recall_score": 0.9976540380207631, "roc_auc_score": 0.9641170471254967, "train_percent": 0.01, "reduced_by": 4}