{"estimator": {"params": {"metric": "manhattan", "shrink_threshold": null}, "runtime": "0:00:00.028317", "classifier": "NearestCentroid(metric='manhattan', shrink_threshold=None)"}, "accuracy_score": 0.9408919907179524, "balanced_accuracy": 0.964020296775423, "confusion_matrix": [[498293, 33274], [349, 36924]], "f1_score": 0.6871435084813579, "precision_score": 0.5259978916778256, "recall_score": 0.9906366538781424, "roc_auc_score": 0.9640202967754229, "train_percent": 0.005, "reduced_by": 1}