{"estimator": {"params": {"metric": "manhattan", "shrink_threshold": null}, "runtime": "0:00:00.029729", "classifier": "NearestCentroid(metric='manhattan', shrink_threshold=None)"}, "accuracy_score": 0.9350309401589199, "balanced_accuracy": 0.9641275051044593, "confusion_matrix": [[494699, 36868], [89, 37184]], "f1_score": 0.6680260498540308, "precision_score": 0.5021336358234754, "recall_score": 0.9976122125935664, "roc_auc_score": 0.9641275051044594, "train_percent": 0.005, "reduced_by": 0}