{"estimator": {"params": {"metric": "manhattan", "shrink_threshold": null}, "runtime": "0:00:00.124861", "classifier": "NearestCentroid(metric='manhattan', shrink_threshold=None)"}, "accuracy_score": 0.9416096484451298, "balanced_accuracy": 0.9644136211711454, "confusion_matrix": [[300724, 19819], [210, 22266]], "f1_score": 0.6897662675609114, "precision_score": 0.5290721159558037, "recall_score": 0.9906567004805126, "roc_auc_score": 0.9644136211711455, "train_percent": 0.4, "reduced_by": 0}