{"estimator": {"params": {"metric": "manhattan", "shrink_threshold": null}, "runtime": "0:00:00.069859", "classifier": "NearestCentroid(metric='manhattan', shrink_threshold=None)"}, "accuracy_score": 0.9348001293059547, "balanced_accuracy": 0.9640301681122008, "confusion_matrix": [[392671, 29378], [69, 29524]], "f1_score": 0.6672467371037911, "precision_score": 0.5012393467114868, "recall_score": 0.9976683675193458, "roc_auc_score": 0.9640301681122008, "train_percent": 0.21, "reduced_by": 2}