{"estimator": {"params": {"metric": "manhattan", "shrink_threshold": null}, "runtime": "0:00:00.147873", "classifier": "NearestCentroid(metric='manhattan', shrink_threshold=None)"}, "accuracy_score": 0.9353568634435208, "balanced_accuracy": 0.9644417245873533, "confusion_matrix": [[273548, 20283], [43, 20560]], "f1_score": 0.6692054812355565, "precision_score": 0.5033910339593076, "recall_score": 0.9979129253021405, "roc_auc_score": 0.9644417245873534, "train_percent": 0.45, "reduced_by": 1}