{"estimator": {"params": {"metric": "manhattan", "shrink_threshold": null}, "runtime": "0:00:00.048697", "classifier": "NearestCentroid(metric='manhattan', shrink_threshold=None)"}, "accuracy_score": 0.934930772322256, "balanced_accuracy": 0.9640168372535763, "confusion_matrix": [[417592, 31169], [79, 31387]], "f1_score": 0.6676522516006892, "precision_score": 0.5017424387748577, "recall_score": 0.9974893535879997, "roc_auc_score": 0.9640168372535763, "train_percent": 0.16, "reduced_by": 1}