{"estimator": {"params": {"metric": "manhattan", "shrink_threshold": null}, "runtime": "0:00:00.025349", "classifier": "NearestCentroid(metric='manhattan', shrink_threshold=None)"}, "accuracy_score": 0.5271209380750691, "balanced_accuracy": 0.7469069293650362, "confusion_matrix": [[263636, 270068], [6, 37417]], "f1_score": 0.216968003061686, "precision_score": 0.12168723677577768, "recall_score": 0.9998396707906902, "roc_auc_score": 0.7469069293650361, "train_percent": 0.001, "reduced_by": 4}