{"estimator": {"params": {"metric": "manhattan", "shrink_threshold": null}, "runtime": "0:00:00.047530", "classifier": "NearestCentroid(metric='manhattan', shrink_threshold=None)"}, "accuracy_score": 0.9399365581000448, "balanced_accuracy": 0.9636090393382392, "confusion_matrix": [[445217, 30256], [305, 33034]], "f1_score": 0.6837284873071231, "precision_score": 0.5219465950387107, "recall_score": 0.99085155523561, "roc_auc_score": 0.9636090393382392, "train_percent": 0.11, "reduced_by": 2}