{"estimator": {"params": {"metric": "manhattan", "shrink_threshold": null}, "runtime": "0:00:00.075453", "classifier": "NearestCentroid(metric='manhattan', shrink_threshold=None)"}, "accuracy_score": 0.9349907168862712, "balanced_accuracy": 0.963939554364362, "confusion_matrix": [[348023, 25944], [72, 26150]], "f1_score": 0.6678073446039124, "precision_score": 0.5019771950704496, "recall_score": 0.9972542140187629, "roc_auc_score": 0.9639395543643621, "train_percent": 0.3, "reduced_by": 2}