{"estimator": {"params": {"metric": "manhattan", "shrink_threshold": null}, "runtime": "0:00:00.074494", "classifier": "NearestCentroid(metric='manhattan', shrink_threshold=None)"}, "accuracy_score": 0.7610197872691682, "balanced_accuracy": 0.8720757571281655, "confusion_matrix": [[353881, 121592], [4, 33335]], "f1_score": 0.35412660809705415, "precision_score": 0.2151658523046338, "recall_score": 0.9998800203965326, "roc_auc_score": 0.8720757571281654, "train_percent": 0.11, "reduced_by": 0}