{"estimator": {"params": {"metric": "manhattan", "shrink_threshold": null}, "runtime": "0:00:00.115959", "classifier": "NearestCentroid(metric='manhattan', shrink_threshold=None)"}, "accuracy_score": 0.9399047176832022, "balanced_accuracy": 0.9632192985266452, "confusion_matrix": [[275140, 18691], [205, 20398]], "f1_score": 0.6834416672250888, "precision_score": 0.5218347872803091, "recall_score": 0.9900499927195069, "roc_auc_score": 0.9632192985266452, "train_percent": 0.45, "reduced_by": 3}