{"estimator": {"params": {"metric": "manhattan", "shrink_threshold": null}, "runtime": "0:00:00.134939", "classifier": "NearestCentroid(metric='manhattan', shrink_threshold=None)"}, "accuracy_score": 0.9355699447260792, "balanced_accuracy": 0.9643977691385588, "confusion_matrix": [[273622, 20209], [50, 20553]], "f1_score": 0.6698606697628942, "precision_score": 0.5042196163093077, "recall_score": 0.9975731689559773, "roc_auc_score": 0.9643977691385588, "train_percent": 0.45, "reduced_by": 2}