{"estimator": {"params": {"metric": "manhattan", "shrink_threshold": null}, "runtime": "0:00:00.026767", "classifier": "NearestCentroid(metric='manhattan', shrink_threshold=None)"}, "accuracy_score": 0.9350302121944857, "balanced_accuracy": 0.9641191324171432, "confusion_matrix": [[496688, 37016], [90, 37333]], "f1_score": 0.6680206133915473, "precision_score": 0.5021318376844343, "recall_score": 0.9975950618603533, "roc_auc_score": 0.9641191324171432, "train_percent": 0.001, "reduced_by": 3}