{"estimator": {"params": {"metric": "manhattan", "shrink_threshold": null}, "runtime": "0:00:00.100733", "classifier": "NearestCentroid(metric='manhattan', shrink_threshold=None)"}, "accuracy_score": 0.9352368236161845, "balanced_accuracy": 0.9641273830565884, "confusion_matrix": [[298387, 22156], [59, 22417]], "f1_score": 0.6686751480260705, "precision_score": 0.5029277813923227, "recall_score": 0.9973749777540487, "roc_auc_score": 0.9641273830565884, "train_percent": 0.4, "reduced_by": 4}