{"estimator": {"params": {"metric": "manhattan", "shrink_threshold": null}, "runtime": "0:00:00.080529", "classifier": "NearestCentroid(metric='manhattan', shrink_threshold=None)"}, "accuracy_score": 0.9417700136685416, "balanced_accuracy": 0.964694467192764, "confusion_matrix": [[350898, 23069], [234, 25988]], "f1_score": 0.6904448783857384, "precision_score": 0.5297511058564527, "recall_score": 0.9910761955609794, "roc_auc_score": 0.9646944671927641, "train_percent": 0.3, "reduced_by": 0}