{"estimator": {"params": {"metric": "manhattan", "shrink_threshold": null}, "runtime": "0:00:00.087065", "classifier": "NearestCentroid(metric='manhattan', shrink_threshold=None)"}, "accuracy_score": 0.9396724318472451, "balanced_accuracy": 0.9634106070138176, "confusion_matrix": [[370072, 25265], [257, 27463]], "f1_score": 0.6827515910898966, "precision_score": 0.5208428159611591, "recall_score": 0.9907287157287157, "roc_auc_score": 0.9634106070138176, "train_percent": 0.26, "reduced_by": 3}