{"estimator": {"params": {"metric": "manhattan", "shrink_threshold": null}, "runtime": "0:00:00.136369", "classifier": "NearestCentroid(metric='manhattan', shrink_threshold=None)"}, "accuracy_score": 0.9396709803247051, "balanced_accuracy": 0.9631694578624062, "confusion_matrix": [[300069, 20474], [220, 22256]], "f1_score": 0.6826365671870687, "precision_score": 0.5208518605195414, "recall_score": 0.990211781455775, "roc_auc_score": 0.9631694578624063, "train_percent": 0.4, "reduced_by": 2}