{"estimator": {"params": {"metric": "manhattan", "shrink_threshold": null}, "runtime": "0:00:00.042282", "classifier": "NearestCentroid(metric='manhattan', shrink_threshold=None)"}, "accuracy_score": 0.7613477559420689, "balanced_accuracy": 0.8722806102186337, "confusion_matrix": [[373936, 128249], [2, 35210]], "f1_score": 0.3544553558395538, "precision_score": 0.21540569806495818, "recall_score": 0.9999432011814154, "roc_auc_score": 0.8722806102186337, "train_percent": 0.06, "reduced_by": 0}