{"estimator": {"params": {"metric": "manhattan", "shrink_threshold": null}, "runtime": "0:00:00.060594", "classifier": "NearestCentroid(metric='manhattan', shrink_threshold=None)"}, "accuracy_score": 0.9348120784545642, "balanced_accuracy": 0.9640419849911062, "confusion_matrix": [[417529, 31232], [73, 31393]], "f1_score": 0.6672901765312305, "precision_score": 0.5012854291417166, "recall_score": 0.9976800355939744, "roc_auc_score": 0.964041984991106, "train_percent": 0.16, "reduced_by": 3}