{"estimator": {"params": {"metric": "manhattan", "shrink_threshold": null}, "runtime": "0:00:00.038023", "classifier": "NearestCentroid(metric='manhattan', shrink_threshold=None)"}, "accuracy_score": 0.9399512836878509, "balanced_accuracy": 0.96349986391006, "confusion_matrix": [[470246, 31939], [331, 34881]], "f1_score": 0.6837266739846324, "precision_score": 0.5220143669560012, "recall_score": 0.9905997955242531, "roc_auc_score": 0.9634998639100602, "train_percent": 0.06, "reduced_by": 3}