{"estimator": {"params": {"metric": "manhattan", "shrink_threshold": null}, "runtime": "0:00:00.149303", "classifier": "NearestCentroid(metric='manhattan', shrink_threshold=None)"}, "accuracy_score": 0.9356058618361442, "balanced_accuracy": 0.96450273945724, "confusion_matrix": [[248754, 18365], [42, 18688]], "f1_score": 0.6700249179857664, "precision_score": 0.5043586214341619, "recall_score": 0.997757608115323, "roc_auc_score": 0.96450273945724, "train_percent": 0.5, "reduced_by": 1}