{"estimator": {"params": {"metric": "manhattan", "shrink_threshold": null}, "runtime": "0:00:00.104453", "classifier": "NearestCentroid(metric='manhattan', shrink_threshold=None)"}, "accuracy_score": 0.9350383741832704, "balanced_accuracy": 0.9642105587376377, "confusion_matrix": [[323169, 24086], [54, 24295]], "f1_score": 0.6680874467207479, "precision_score": 0.5021599388189578, "recall_score": 0.9977822497843853, "roc_auc_score": 0.9642105587376376, "train_percent": 0.35, "reduced_by": 2}