{"estimator": {"params": {"metric": "manhattan", "shrink_threshold": null}, "runtime": "0:00:00.059925", "classifier": "NearestCentroid(metric='manhattan', shrink_threshold=None)"}, "accuracy_score": 0.7601374540011779, "balanced_accuracy": 0.871612318291662, "confusion_matrix": [[313720, 108329], [3, 29590]], "f1_score": 0.35328812264195997, "precision_score": 0.2145462191576215, "recall_score": 0.9998986246747542, "roc_auc_score": 0.871612318291662, "train_percent": 0.21, "reduced_by": 0}