{"estimator": {"params": {"metric": "manhattan", "shrink_threshold": null}, "runtime": "0:00:00.112617", "classifier": "NearestCentroid(metric='manhattan', shrink_threshold=None)"}, "accuracy_score": 0.9352132915684438, "balanced_accuracy": 0.9641895807417808, "confusion_matrix": [[323240, 24015], [60, 24289]], "f1_score": 0.6686303387334315, "precision_score": 0.5028362040410732, "recall_score": 0.9975358330937616, "roc_auc_score": 0.9641895807417808, "train_percent": 0.35, "reduced_by": 1}