{"estimator": {"params": {"metric": "manhattan", "shrink_threshold": null}, "runtime": "0:00:00.083124", "classifier": "NearestCentroid(metric='manhattan', shrink_threshold=None)"}, "accuracy_score": 0.9346374097157188, "balanced_accuracy": 0.963976924130048, "confusion_matrix": [[323021, 24234], [55, 24294]], "f1_score": 0.6667124058344882, "precision_score": 0.500618199802176, "recall_score": 0.997741180335948, "roc_auc_score": 0.963976924130048, "train_percent": 0.35, "reduced_by": 4}