{"estimator": {"params": {"metric": "manhattan", "shrink_threshold": null}, "runtime": "0:00:00.119322", "classifier": "NearestCentroid(metric='manhattan', shrink_threshold=None)"}, "accuracy_score": 0.939679726195925, "balanced_accuracy": 0.9632155096180042, "confusion_matrix": [[300070, 20473], [218, 22258]], "f1_score": 0.6826874415323508, "precision_score": 0.5208864758606164, "recall_score": 0.9903007652607225, "roc_auc_score": 0.9632155096180041, "train_percent": 0.4, "reduced_by": 3}