{"estimator": {"params": {"metric": "manhattan", "shrink_threshold": null}, "runtime": "0:00:00.152299", "classifier": "NearestCentroid(metric='manhattan', shrink_threshold=None)"}, "accuracy_score": 0.9399753016452742, "balanced_accuracy": 0.9636632642579437, "confusion_matrix": [[250131, 16988], [170, 18560]], "f1_score": 0.6838866575776558, "precision_score": 0.5221109485765725, "recall_score": 0.990923651895355, "roc_auc_score": 0.9636632642579438, "train_percent": 0.5, "reduced_by": 2}