{"estimator": {"params": {"metric": "manhattan", "shrink_threshold": null}, "runtime": "0:00:00.053699", "classifier": "NearestCentroid(metric='manhattan', shrink_threshold=None)"}, "accuracy_score": 0.9409196067692986, "balanced_accuracy": 0.9639113941407539, "confusion_matrix": [[420692, 28069], [303, 31163]], "f1_score": 0.6871816357582307, "precision_score": 0.5261176391139925, "recall_score": 0.9903705586982775, "roc_auc_score": 0.9639113941407538, "train_percent": 0.16, "reduced_by": 1}