{"estimator": {"params": {"metric": "manhattan", "shrink_threshold": null}, "runtime": "0:00:00.053468", "classifier": "NearestCentroid(metric='manhattan', shrink_threshold=None)"}, "accuracy_score": 0.9398705169138388, "balanced_accuracy": 0.963428061946792, "confusion_matrix": [[395172, 26877], [280, 29313]], "f1_score": 0.6834221232645162, "precision_score": 0.5216764548852109, "recall_score": 0.9905383029770554, "roc_auc_score": 0.963428061946792, "train_percent": 0.21, "reduced_by": 4}