{"estimator": {"params": {"metric": "manhattan", "shrink_threshold": null}, "runtime": "0:00:00.024794", "classifier": "NearestCentroid(metric='manhattan', shrink_threshold=None)"}, "accuracy_score": 0.935036803290564, "balanced_accuracy": 0.9641250605004379, "confusion_matrix": [[492218, 36679], [89, 36996]], "f1_score": 0.6680390032502709, "precision_score": 0.5021513403461146, "recall_score": 0.9976001078603209, "roc_auc_score": 0.9641250605004378, "train_percent": 0.01, "reduced_by": 4}