{"estimator": {"params": {"metric": "manhattan", "shrink_threshold": null}, "runtime": "0:00:00.090110", "classifier": "NearestCentroid(metric='manhattan', shrink_threshold=None)"}, "accuracy_score": 0.5299835308554267, "balanced_accuracy": 0.7484560557602464, "confusion_matrix": [[172598, 174657], [3, 24346]], "f1_score": 0.2180056592284824, "precision_score": 0.12233986422315242, "recall_score": 0.9998767916546881, "roc_auc_score": 0.7484560557602463, "train_percent": 0.35, "reduced_by": 1}