{"estimator": {"params": {"metric": "manhattan", "shrink_threshold": null}, "runtime": "0:00:00.119266", "classifier": "NearestCentroid(metric='manhattan', shrink_threshold=None)"}, "accuracy_score": 0.9401836363440652, "balanced_accuracy": 0.963602883467578, "confusion_matrix": [[325257, 21998], [230, 24119]], "f1_score": 0.6845570913632107, "precision_score": 0.5229958583602576, "recall_score": 0.9905540268594193, "roc_auc_score": 0.963602883467578, "train_percent": 0.35, "reduced_by": 2}