{"estimator": {"params": {"metric": "manhattan", "shrink_threshold": null}, "runtime": "0:00:00.087096", "classifier": "NearestCentroid(metric='manhattan', shrink_threshold=None)"}, "accuracy_score": 0.9351434913025904, "balanced_accuracy": 0.964224503425742, "confusion_matrix": [[367963, 27374], [64, 27656]], "f1_score": 0.6684229607250755, "precision_score": 0.5025622387788479, "recall_score": 0.9976911976911977, "roc_auc_score": 0.964224503425742, "train_percent": 0.26, "reduced_by": 2}