{"estimator": {"params": {"metric": "manhattan", "shrink_threshold": null}, "runtime": "0:00:00.070431", "classifier": "NearestCentroid(metric='manhattan', shrink_threshold=None)"}, "accuracy_score": 0.9401332870218821, "balanced_accuracy": 0.963570488286191, "confusion_matrix": [[350257, 23710], [248, 25974]], "f1_score": 0.6843727768555844, "precision_score": 0.5227839948474358, "recall_score": 0.9905422927312943, "roc_auc_score": 0.963570488286191, "train_percent": 0.3, "reduced_by": 4}