{"estimator": {"params": {"metric": "manhattan", "shrink_threshold": null}, "runtime": "0:00:00.154351", "classifier": "NearestCentroid(metric='manhattan', shrink_threshold=None)"}, "accuracy_score": 0.9348225700782994, "balanced_accuracy": 0.9640881460140411, "confusion_matrix": [[273383, 20448], [46, 20557]], "f1_score": 0.6673483963121672, "precision_score": 0.5013291062065601, "recall_score": 0.9977673154394991, "roc_auc_score": 0.9640881460140411, "train_percent": 0.45, "reduced_by": 1}