{"estimator": {"params": {"metric": "manhattan", "shrink_threshold": null}, "runtime": "0:00:00.035518", "classifier": "NearestCentroid(metric='manhattan', shrink_threshold=None)"}, "accuracy_score": 0.9350070804265748, "balanced_accuracy": 0.9641554383884512, "confusion_matrix": [[467339, 34846], [81, 35131]], "f1_score": 0.6679595775223646, "precision_score": 0.5020363833831116, "recall_score": 0.9976996478473248, "roc_auc_score": 0.9641554383884512, "train_percent": 0.06, "reduced_by": 1}