{"estimator": {"params": {"metric": "manhattan", "shrink_threshold": null}, "runtime": "0:00:00.055080", "classifier": "NearestCentroid(metric='manhattan', shrink_threshold=None)"}, "accuracy_score": 0.9352828124930808, "balanced_accuracy": 0.9643512767269897, "confusion_matrix": [[392885, 29164], [65, 29528]], "f1_score": 0.6689245058616978, "precision_score": 0.5031009336877258, "recall_score": 0.9978035346196735, "roc_auc_score": 0.9643512767269897, "train_percent": 0.21, "reduced_by": 3}