{"estimator": {"params": {"metric": "manhattan", "shrink_threshold": null}, "runtime": "0:00:00.027926", "classifier": "NearestCentroid(metric='manhattan', shrink_threshold=None)"}, "accuracy_score": 0.9350021974096829, "balanced_accuracy": 0.9641041428349029, "confusion_matrix": [[496672, 37032], [90, 37333]], "f1_score": 0.6679250008945505, "precision_score": 0.5020238015195321, "recall_score": 0.9975950618603533, "roc_auc_score": 0.9641041428349029, "train_percent": 0.001, "reduced_by": 1}