{"estimator": {"params": {"metric": "manhattan", "shrink_threshold": null}, "runtime": "0:00:00.058178", "classifier": "NearestCentroid(metric='manhattan', shrink_threshold=None)"}, "accuracy_score": 0.5304720475941586, "balanced_accuracy": 0.7487010804492042, "confusion_matrix": [[223286, 225475], [5, 31461]], "f1_score": 0.21817463124388872, "precision_score": 0.12244683500949653, "recall_score": 0.9998410983283544, "roc_auc_score": 0.7487010804492042, "train_percent": 0.16, "reduced_by": 2}