{"estimator": {"params": {"metric": "manhattan", "shrink_threshold": null}, "runtime": "0:00:00.025976", "classifier": "NearestCentroid(metric='manhattan', shrink_threshold=None)"}, "accuracy_score": 0.5267411331102403, "balanced_accuracy": 0.7467034502935332, "confusion_matrix": [[261047, 267850], [6, 37079]], "f1_score": 0.216827381335267, "precision_score": 0.12159879840880992, "recall_score": 0.9998382095186733, "roc_auc_score": 0.7467034502935332, "train_percent": 0.01, "reduced_by": 3}