{"estimator": {"params": {"metric": "manhattan", "shrink_threshold": null}, "runtime": "0:00:00.040276", "classifier": "NearestCentroid(metric='manhattan', shrink_threshold=None)"}, "accuracy_score": 0.9350126628916797, "balanced_accuracy": 0.964092405057331, "confusion_matrix": [[467347, 34838], [86, 35126]], "f1_score": 0.6679470601658174, "precision_score": 0.5020582013606998, "recall_score": 0.9975576508008633, "roc_auc_score": 0.9640924050573311, "train_percent": 0.06, "reduced_by": 0}