{"estimator": {"params": {"metric": "manhattan", "shrink_threshold": null}, "runtime": "0:00:00.121255", "classifier": "NearestCentroid(metric='manhattan', shrink_threshold=None)"}, "accuracy_score": 0.934906191730599, "balanced_accuracy": 0.9640042578910067, "confusion_matrix": [[248559, 18560], [47, 18683]], "f1_score": 0.6675718650063424, "precision_score": 0.5016513170260183, "recall_score": 0.9974906567004805, "roc_auc_score": 0.9640042578910069, "train_percent": 0.5, "reduced_by": 3}