{"estimator": {"params": {"metric": "manhattan", "shrink_threshold": null}, "runtime": "0:00:00.030383", "classifier": "NearestCentroid(metric='manhattan', shrink_threshold=None)"}, "accuracy_score": 0.7588386203094798, "balanced_accuracy": 0.8709143302002706, "confusion_matrix": [[392408, 136489], [4, 37081]], "f1_score": 0.3520543068049654, "precision_score": 0.21363714927694877, "recall_score": 0.9998921396791155, "roc_auc_score": 0.8709143302002706, "train_percent": 0.01, "reduced_by": 0}