{"estimator": {"params": {"metric": "manhattan", "shrink_threshold": null}, "runtime": "0:00:00.164662", "classifier": "NearestCentroid(metric='manhattan', shrink_threshold=None)"}, "accuracy_score": 0.9349586669885149, "balanced_accuracy": 0.9638833953653578, "confusion_matrix": [[248580, 18539], [53, 18677]], "f1_score": 0.6676795481357024, "precision_score": 0.5018540412725709, "recall_score": 0.9971703150026695, "roc_auc_score": 0.9638833953653578, "train_percent": 0.5, "reduced_by": 2}