{"estimator": {"params": {"metric": "manhattan", "shrink_threshold": null}, "runtime": "0:00:00.049140", "classifier": "NearestCentroid(metric='manhattan', shrink_threshold=None)"}, "accuracy_score": 0.9349728324646512, "balanced_accuracy": 0.9641068632531895, "confusion_matrix": [[392750, 29299], [70, 29523]], "f1_score": 0.6678278572640389, "precision_score": 0.5019040495052871, "recall_score": 0.9976345757442638, "roc_auc_score": 0.9641068632531896, "train_percent": 0.21, "reduced_by": 4}