{"estimator": {"params": {"metric": "manhattan", "shrink_threshold": null}, "runtime": "0:00:00.027198", "classifier": "NearestCentroid(metric='manhattan', shrink_threshold=None)"}, "accuracy_score": 0.9349881900172816, "balanced_accuracy": 0.9640966480437827, "confusion_matrix": [[496664, 37040], [90, 37333]], "f1_score": 0.6678772049089412, "precision_score": 0.5019698008685948, "recall_score": 0.9975950618603533, "roc_auc_score": 0.9640966480437827, "train_percent": 0.001, "reduced_by": 1}