{"estimator": {"params": {"metric": "manhattan", "shrink_threshold": null}, "runtime": "0:00:00.084867", "classifier": "NearestCentroid(metric='manhattan', shrink_threshold=None)"}, "accuracy_score": 0.7599434267308697, "balanced_accuracy": 0.8715377806407375, "confusion_matrix": [[277900, 96067], [1, 26221]], "f1_score": 0.3531210019527305, "precision_score": 0.2144200575690174, "recall_score": 0.9999618640835939, "roc_auc_score": 0.8715377806407375, "train_percent": 0.3, "reduced_by": 0}