{"estimator": {"params": {"metric": "manhattan", "shrink_threshold": null}, "runtime": "0:00:00.072026", "classifier": "NearestCentroid(metric='manhattan', shrink_threshold=None)"}, "accuracy_score": 0.9350040301897853, "balanced_accuracy": 0.9640995652216142, "confusion_matrix": [[367907, 27430], [67, 27653]], "f1_score": 0.6679226598070118, "precision_score": 0.5020242179982934, "recall_score": 0.9975829725829726, "roc_auc_score": 0.9640995652216143, "train_percent": 0.26, "reduced_by": 1}