{"estimator": {"params": {"metric": "manhattan", "shrink_threshold": null}, "runtime": "0:00:00.067104", "classifier": "NearestCentroid(metric='manhattan', shrink_threshold=None)"}, "accuracy_score": 0.5306215985227237, "balanced_accuracy": 0.74876072362535, "confusion_matrix": [[210064, 211985], [6, 29587]], "f1_score": 0.2182213781277082, "precision_score": 0.12247694269203384, "recall_score": 0.9997972493495083, "roc_auc_score": 0.74876072362535, "train_percent": 0.21, "reduced_by": 1}