{"estimator": {"params": {"metric": "manhattan", "shrink_threshold": null}, "runtime": "0:00:00.050200", "classifier": "NearestCentroid(metric='manhattan', shrink_threshold=None)"}, "accuracy_score": 0.9350598779327276, "balanced_accuracy": 0.9640859163402171, "confusion_matrix": [[417654, 31107], [79, 31387]], "f1_score": 0.6680928054491273, "precision_score": 0.5022402150606459, "recall_score": 0.9974893535879997, "roc_auc_score": 0.964085916340217, "train_percent": 0.16, "reduced_by": 2}