{"estimator": {"params": {"metric": "manhattan", "shrink_threshold": null}, "runtime": "0:00:00.041739", "classifier": "NearestCentroid(metric='manhattan', shrink_threshold=None)"}, "accuracy_score": 0.9349484681965048, "balanced_accuracy": 0.9641058296591084, "confusion_matrix": [[442452, 33021], [78, 33261]], "f1_score": 0.6677507754389135, "precision_score": 0.5018104462750068, "recall_score": 0.9976603977323855, "roc_auc_score": 0.9641058296591084, "train_percent": 0.11, "reduced_by": 2}