{"estimator": {"params": {"metric": "manhattan", "shrink_threshold": null}, "runtime": "0:00:00.075983", "classifier": "NearestCentroid(metric='manhattan', shrink_threshold=None)"}, "accuracy_score": 0.9396508110784598, "balanced_accuracy": 0.9632032212195145, "confusion_matrix": [[325065, 22190], [236, 24113]], "f1_score": 0.682585064824775, "precision_score": 0.5207653931710688, "recall_score": 0.9903076101687954, "roc_auc_score": 0.9632032212195146, "train_percent": 0.35, "reduced_by": 3}