{"estimator": {"params": {"metric": "manhattan", "shrink_threshold": null}, "runtime": "0:00:00.056746", "classifier": "NearestCentroid(metric='manhattan', shrink_threshold=None)"}, "accuracy_score": 0.9350503274717586, "balanced_accuracy": 0.9641169052509634, "confusion_matrix": [[392787, 29262], [72, 29521]], "f1_score": 0.6680773060559427, "precision_score": 0.5022030178793189, "recall_score": 0.9975669921940999, "roc_auc_score": 0.9641169052509634, "train_percent": 0.21, "reduced_by": 1}