{"estimator": {"params": {"metric": "manhattan", "shrink_threshold": null}, "runtime": "0:00:00.047626", "classifier": "NearestCentroid(metric='manhattan', shrink_threshold=None)"}, "accuracy_score": 0.9351012527621435, "balanced_accuracy": 0.9641441532719277, "confusion_matrix": [[392810, 29239], [72, 29521]], "f1_score": 0.6682512195398006, "precision_score": 0.5023995915588836, "recall_score": 0.9975669921940999, "roc_auc_score": 0.9641441532719278, "train_percent": 0.21, "reduced_by": 4}