{"estimator": {"params": {"metric": "manhattan", "shrink_threshold": null}, "runtime": "0:00:00.027020", "classifier": "NearestCentroid(metric='manhattan', shrink_threshold=None)"}, "accuracy_score": 0.9350350364499225, "balanced_accuracy": 0.9641115779603273, "confusion_matrix": [[492218, 36679], [90, 36995]], "f1_score": 0.6680269774916712, "precision_score": 0.5021445828922008, "recall_score": 0.9975731427800998, "roc_auc_score": 0.9641115779603272, "train_percent": 0.01, "reduced_by": 2}