{"estimator": {"params": {"metric": "manhattan", "shrink_threshold": null}, "runtime": "0:00:00.178612", "classifier": "NearestCentroid(metric='manhattan', shrink_threshold=None)"}, "accuracy_score": 0.9353189970928707, "balanced_accuracy": 0.9641754865980764, "confusion_matrix": [[248679, 18440], [49, 18681]], "f1_score": 0.6689584788096901, "precision_score": 0.5032461409983567, "recall_score": 0.9973838761345435, "roc_auc_score": 0.9641754865980764, "train_percent": 0.5, "reduced_by": 1}