{"estimator": {"params": {"metric": "manhattan", "shrink_threshold": null}, "runtime": "0:00:00.026123", "classifier": "NearestCentroid(metric='manhattan', shrink_threshold=None)"}, "accuracy_score": 0.5264239504957458, "balanced_accuracy": 0.7465337683717774, "confusion_matrix": [[262184, 269383], [6, 37267]], "f1_score": 0.21671711400516977, "precision_score": 0.1215294309473341, "recall_score": 0.9998390255681056, "roc_auc_score": 0.7465337683717774, "train_percent": 0.005, "reduced_by": 4}