{"estimator": {"params": {"metric": "manhattan", "shrink_threshold": null}, "runtime": "0:00:00.153918", "classifier": "NearestCentroid(metric='manhattan', shrink_threshold=None)"}, "accuracy_score": 0.9406854668024026, "balanced_accuracy": 0.9638446581835535, "confusion_matrix": [[250342, 16777], [178, 18552]], "f1_score": 0.6863611979503875, "precision_score": 0.5251210054063234, "recall_score": 0.9904965296316071, "roc_auc_score": 0.9638446581835534, "train_percent": 0.5, "reduced_by": 1}