{"estimator": {"params": {"metric": "manhattan", "shrink_threshold": null}, "runtime": "0:00:00.040480", "classifier": "NearestCentroid(metric='manhattan', shrink_threshold=None)"}, "accuracy_score": 0.9407502181552322, "balanced_accuracy": 0.9640165035570278, "confusion_matrix": [[445633, 29840], [307, 33032]], "f1_score": 0.6866574508112377, "precision_score": 0.525384909021504, "recall_score": 0.9907915654338763, "roc_auc_score": 0.964016503557028, "train_percent": 0.11, "reduced_by": 1}