{"estimator": {"params": {"metric": "manhattan", "shrink_threshold": null}, "runtime": "0:00:00.035955", "classifier": "NearestCentroid(metric='manhattan', shrink_threshold=None)"}, "accuracy_score": 0.9413599257159977, "balanced_accuracy": 0.964253570213514, "confusion_matrix": [[471003, 31182], [331, 34881]], "f1_score": 0.688837324117502, "precision_score": 0.5279960038145407, "recall_score": 0.9905997955242531, "roc_auc_score": 0.964253570213514, "train_percent": 0.06, "reduced_by": 0}