{"estimator": {"params": {"metric": "manhattan", "shrink_threshold": null}, "runtime": "0:00:00.068518", "classifier": "NearestCentroid(metric='manhattan', shrink_threshold=None)"}, "accuracy_score": 0.9350394864049052, "balanced_accuracy": 0.9641688547007301, "confusion_matrix": [[367919, 27418], [64, 27656]], "f1_score": 0.6680677343768873, "precision_score": 0.5021607292007118, "recall_score": 0.9976911976911977, "roc_auc_score": 0.96416885470073, "train_percent": 0.26, "reduced_by": 1}