{"estimator": {"params": {"metric": "manhattan", "shrink_threshold": null}, "runtime": "0:00:00.059198", "classifier": "NearestCentroid(metric='manhattan', shrink_threshold=None)"}, "accuracy_score": 0.9350938526014225, "balanced_accuracy": 0.9641979438069863, "confusion_matrix": [[367942, 27395], [64, 27656]], "f1_score": 0.6682533737661741, "precision_score": 0.5023705291457012, "recall_score": 0.9976911976911977, "roc_auc_score": 0.9641979438069863, "train_percent": 0.26, "reduced_by": 4}