{"estimator": {"params": {"metric": "manhattan", "shrink_threshold": null}, "runtime": "0:00:00.050116", "classifier": "NearestCentroid(metric='manhattan', shrink_threshold=None)"}, "accuracy_score": 0.9349890780818239, "balanced_accuracy": 0.9641219142021853, "confusion_matrix": [[417615, 31146], [74, 31392]], "f1_score": 0.6678864729160462, "precision_score": 0.5019668041830567, "recall_score": 0.9976482552596453, "roc_auc_score": 0.9641219142021853, "train_percent": 0.16, "reduced_by": 2}