{"estimator": {"params": {"metric": "manhattan", "shrink_threshold": null}, "runtime": "0:00:00.067796", "classifier": "NearestCentroid(metric='manhattan', shrink_threshold=None)"}, "accuracy_score": 0.935178128334362, "balanced_accuracy": 0.9642703328358022, "confusion_matrix": [[348085, 25882], [59, 26163]], "f1_score": 0.6685576296523439, "precision_score": 0.5026995868959554, "recall_score": 0.9977499809320418, "roc_auc_score": 0.9642703328358022, "train_percent": 0.3, "reduced_by": 4}