{"estimator": {"params": {"metric": "manhattan", "shrink_threshold": null}, "runtime": "0:00:00.082384", "classifier": "NearestCentroid(metric='manhattan', shrink_threshold=None)"}, "accuracy_score": 0.9348632771015695, "balanced_accuracy": 0.9639777521806181, "confusion_matrix": [[347966, 26001], [66, 26156]], "f1_score": 0.6674236721570829, "precision_score": 0.5014858983453803, "recall_score": 0.9974830295171992, "roc_auc_score": 0.9639777521806182, "train_percent": 0.3, "reduced_by": 1}