{"estimator": {"params": {"metric": "manhattan", "shrink_threshold": null}, "runtime": "0:00:00.028322", "classifier": "NearestCentroid(metric='manhattan', shrink_threshold=None)"}, "accuracy_score": 0.9349869910695451, "balanced_accuracy": 0.9640915158036689, "confusion_matrix": [[494675, 36892], [90, 37183]], "f1_score": 0.6678701009447857, "precision_score": 0.5019642254471819, "recall_score": 0.997585383521584, "roc_auc_score": 0.9640915158036689, "train_percent": 0.005, "reduced_by": 1}