{"estimator": {"params": {"metric": "manhattan", "shrink_threshold": null}, "runtime": "0:00:00.048767", "classifier": "NearestCentroid(metric='manhattan', shrink_threshold=None)"}, "accuracy_score": 0.5284334283578391, "balanced_accuracy": 0.7476250753759178, "confusion_matrix": [[222306, 226455], [4, 31462]], "f1_score": 0.21744193681038623, "precision_score": 0.12198497966400043, "recall_score": 0.9998728786626835, "roc_auc_score": 0.7476250753759178, "train_percent": 0.16, "reduced_by": 4}