{"estimator": {"params": {"metric": "manhattan", "shrink_threshold": null}, "runtime": "0:00:00.100138", "classifier": "NearestCentroid(metric='manhattan', shrink_threshold=None)"}, "accuracy_score": 0.9349872444860658, "balanced_accuracy": 0.9641259167397525, "confusion_matrix": [[323153, 24102], [57, 24292]], "f1_score": 0.6678855697455424, "precision_score": 0.5019630532710666, "recall_score": 0.9976590414390735, "roc_auc_score": 0.9641259167397523, "train_percent": 0.35, "reduced_by": 1}