{"estimator": {"params": {"metric": "manhattan", "shrink_threshold": null}, "runtime": "0:00:00.106076", "classifier": "NearestCentroid(metric='manhattan', shrink_threshold=None)"}, "accuracy_score": 0.9349257475842664, "balanced_accuracy": 0.9640289085316474, "confusion_matrix": [[347990, 25977], [65, 26157]], "f1_score": 0.6676451069477768, "precision_score": 0.501726320635286, "recall_score": 0.9975211654336054, "roc_auc_score": 0.9640289085316472, "train_percent": 0.3, "reduced_by": 1}