{"estimator": {"params": {"metric": "manhattan", "shrink_threshold": null}, "runtime": "0:00:00.094889", "classifier": "NearestCentroid(metric='manhattan', shrink_threshold=None)"}, "accuracy_score": 0.9344282106896837, "balanced_accuracy": 0.9636289071958954, "confusion_matrix": [[273270, 20561], [57, 20546]], "f1_score": 0.665888834872792, "precision_score": 0.49981754932249983, "recall_score": 0.9972334126098141, "roc_auc_score": 0.9636289071958954, "train_percent": 0.45, "reduced_by": 4}