{"estimator": {"params": {"metric": "manhattan", "shrink_threshold": null}, "runtime": "0:00:00.137948", "classifier": "NearestCentroid(metric='manhattan', shrink_threshold=None)"}, "accuracy_score": 0.939701177353594, "balanced_accuracy": 0.9633134922547566, "confusion_matrix": [[275067, 18764], [196, 20407]], "f1_score": 0.6828052330444675, "precision_score": 0.5209721477623752, "recall_score": 0.9904868223074309, "roc_auc_score": 0.9633134922547565, "train_percent": 0.45, "reduced_by": 2}