{"estimator": {"params": {"metric": "manhattan", "shrink_threshold": null}, "runtime": "0:00:00.026528", "classifier": "NearestCentroid(metric='manhattan', shrink_threshold=None)"}, "accuracy_score": 0.9349908654338831, "balanced_accuracy": 0.964100481045459, "confusion_matrix": [[492192, 36705], [89, 36996]], "f1_score": 0.6678822233856263, "precision_score": 0.5019741930231612, "recall_score": 0.9976001078603209, "roc_auc_score": 0.9641004810454589, "train_percent": 0.01, "reduced_by": 3}