{"estimator": {"params": {"metric": "manhattan", "shrink_threshold": null}, "runtime": "0:00:00.139339", "classifier": "NearestCentroid(metric='manhattan', shrink_threshold=None)"}, "accuracy_score": 0.9350619061917853, "balanced_accuracy": 0.9640958501634725, "confusion_matrix": [[298324, 22219], [56, 22420]], "f1_score": 0.6681069805557626, "precision_score": 0.5022513945204866, "recall_score": 0.99750845346147, "roc_auc_score": 0.9640958501634725, "train_percent": 0.4, "reduced_by": 1}