{"estimator": {"params": {"metric": "manhattan", "shrink_threshold": null}, "runtime": "0:00:00.028976", "classifier": "NearestCentroid(metric='manhattan', shrink_threshold=None)"}, "accuracy_score": 0.5264678434043566, "balanced_accuracy": 0.7465574847290581, "confusion_matrix": [[263263, 270441], [6, 37417]], "f1_score": 0.21673361696705004, "precision_score": 0.1215398008172599, "recall_score": 0.9998396707906902, "roc_auc_score": 0.7465574847290581, "train_percent": 0.001, "reduced_by": 1}