{"estimator": {"params": {"metric": "manhattan", "shrink_threshold": null}, "runtime": "0:00:00.045058", "classifier": "NearestCentroid(metric='manhattan', shrink_threshold=None)"}, "accuracy_score": 0.5310785136500575, "balanced_accuracy": 0.7490202111332152, "confusion_matrix": [[250194, 251991], [6, 35206]], "f1_score": 0.2183934071319349, "precision_score": 0.12258484594198407, "recall_score": 0.9998296035442463, "roc_auc_score": 0.7490202111332152, "train_percent": 0.06, "reduced_by": 4}