{"estimator": {"params": {"metric": "manhattan", "shrink_threshold": null}, "runtime": "0:00:00.137559", "classifier": "NearestCentroid(metric='manhattan', shrink_threshold=None)"}, "accuracy_score": 0.9350975769905598, "balanced_accuracy": 0.9640894768661934, "confusion_matrix": [[323199, 24056], [62, 24287]], "f1_score": 0.6682165850437464, "precision_score": 0.5023891773369464, "recall_score": 0.9974536941968869, "roc_auc_score": 0.9640894768661934, "train_percent": 0.35, "reduced_by": 0}