{"estimator": {"params": {"metric": "manhattan", "shrink_threshold": null}, "runtime": "0:00:00.026513", "classifier": "NearestCentroid(metric='manhattan', shrink_threshold=None)"}, "accuracy_score": 0.5265799025435673, "balanced_accuracy": 0.7466174430580196, "confusion_matrix": [[263327, 270377], [6, 37417]], "f1_score": 0.21677379735065191, "precision_score": 0.12156507274345829, "recall_score": 0.9998396707906902, "roc_auc_score": 0.7466174430580196, "train_percent": 0.001, "reduced_by": 3}