{"estimator": {"params": {"metric": "manhattan", "shrink_threshold": null}, "runtime": "0:00:00.028214", "classifier": "NearestCentroid(metric='manhattan', shrink_threshold=None)"}, "accuracy_score": 0.751165677686399, "balanced_accuracy": 0.8668090874715039, "confusion_matrix": [[391592, 142112], [4, 37419]], "f1_score": 0.34494869880251117, "precision_score": 0.20842639989751074, "recall_score": 0.9998931138604601, "roc_auc_score": 0.866809087471504, "train_percent": 0.001, "reduced_by": 0}