{"estimator": {"params": {"metric": "manhattan", "shrink_threshold": null}, "runtime": "0:00:00.025240", "classifier": "NearestCentroid(metric='manhattan', shrink_threshold=None)"}, "accuracy_score": 0.9350162048020842, "balanced_accuracy": 0.964111637626023, "confusion_matrix": [[496680, 37024], [90, 37333]], "f1_score": 0.667972803721596, "precision_score": 0.5020778137902282, "recall_score": 0.9975950618603533, "roc_auc_score": 0.964111637626023, "train_percent": 0.001, "reduced_by": 3}