{"estimator": {"params": {"metric": "manhattan", "shrink_threshold": null}, "runtime": "0:00:00.165475", "classifier": "NearestCentroid(metric='manhattan', shrink_threshold=None)"}, "accuracy_score": 0.9350674545373592, "balanced_accuracy": 0.964016073845602, "confusion_matrix": [[273469, 20362], [55, 20548]], "f1_score": 0.668086420756588, "precision_score": 0.5022732828159374, "recall_score": 0.997330485851575, "roc_auc_score": 0.964016073845602, "train_percent": 0.45, "reduced_by": 0}