{"estimator": {"params": {"metric": "manhattan", "shrink_threshold": null}, "runtime": "0:00:00.028699", "classifier": "NearestCentroid(metric='manhattan', shrink_threshold=None)"}, "accuracy_score": 0.9415317094889943, "balanced_accuracy": 0.9643530885865019, "confusion_matrix": [[496153, 32744], [348, 36737]], "f1_score": 0.689469436780962, "precision_score": 0.5287344741727954, "recall_score": 0.9906161520830524, "roc_auc_score": 0.9643530885865019, "train_percent": 0.01, "reduced_by": 0}