{"estimator": {"params": {"metric": "manhattan", "shrink_threshold": null}, "runtime": "0:00:00.086640", "classifier": "NearestCentroid(metric='manhattan', shrink_threshold=None)"}, "accuracy_score": 0.9349617617493502, "balanced_accuracy": 0.9640852285793939, "confusion_matrix": [[392746, 29303], [71, 29522]], "f1_score": 0.6677825782080572, "precision_score": 0.5018614534636634, "recall_score": 0.997600783969182, "roc_auc_score": 0.9640852285793938, "train_percent": 0.21, "reduced_by": 1}