{"estimator": {"params": {"metric": "manhattan", "shrink_threshold": null}, "runtime": "0:00:00.136150", "classifier": "NearestCentroid(metric='manhattan', shrink_threshold=None)"}, "accuracy_score": 0.935137421525662, "balanced_accuracy": 0.9643017435032439, "confusion_matrix": [[273480, 20351], [44, 20559]], "f1_score": 0.6684440687334385, "precision_score": 0.5025421657296505, "recall_score": 0.99786438868126, "roc_auc_score": 0.9643017435032438, "train_percent": 0.45, "reduced_by": 2}