{"estimator": {"params": {"metric": "manhattan", "shrink_threshold": null}, "runtime": "0:00:00.031206", "classifier": "NearestCentroid(metric='manhattan', shrink_threshold=None)"}, "accuracy_score": 0.9350647658993259, "balanced_accuracy": 0.9641202832297178, "confusion_matrix": [[467375, 34810], [86, 35126]], "f1_score": 0.6681249286719672, "precision_score": 0.5022592084191261, "recall_score": 0.9975576508008633, "roc_auc_score": 0.9641202832297179, "train_percent": 0.06, "reduced_by": 4}