{"estimator": {"params": {"metric": "manhattan", "shrink_threshold": null}, "runtime": "0:00:00.089315", "classifier": "NearestCentroid(metric='manhattan', shrink_threshold=None)"}, "accuracy_score": 0.9410653466237203, "balanced_accuracy": 0.9641401191587045, "confusion_matrix": [[350626, 23341], [244, 25978]], "f1_score": 0.6877854410187846, "precision_score": 0.5267341186966483, "recall_score": 0.9906948363969186, "roc_auc_score": 0.9641401191587045, "train_percent": 0.3, "reduced_by": 1}