{"estimator": {"params": {"metric": "manhattan", "shrink_threshold": null}, "runtime": "0:00:00.103001", "classifier": "NearestCentroid(metric='manhattan', shrink_threshold=None)"}, "accuracy_score": 0.9345458616262432, "balanced_accuracy": 0.9640348697736627, "confusion_matrix": [[248447, 18672], [38, 18692]], "f1_score": 0.6664527400434984, "precision_score": 0.5002676372979339, "recall_score": 0.997971169247197, "roc_auc_score": 0.9640348697736626, "train_percent": 0.5, "reduced_by": 4}