{"estimator": {"params": {"metric": "manhattan", "shrink_threshold": null}, "runtime": "0:00:00.024387", "classifier": "NearestCentroid(metric='manhattan', shrink_threshold=None)"}, "accuracy_score": 0.93499578088742, "balanced_accuracy": 0.9641086928004601, "confusion_matrix": [[494679, 36888], [89, 37184]], "f1_score": 0.6679060577484395, "precision_score": 0.5019980559455665, "recall_score": 0.9976122125935664, "roc_auc_score": 0.9641086928004601, "train_percent": 0.005, "reduced_by": 3}