{"estimator": {"params": {"metric": "manhattan", "shrink_threshold": null}, "runtime": "0:00:00.110766", "classifier": "NearestCentroid(metric='manhattan', shrink_threshold=None)"}, "accuracy_score": 0.9395554995819471, "balanced_accuracy": 0.9630662955193966, "confusion_matrix": [[250026, 17093], [185, 18545]], "f1_score": 0.6822027663331373, "precision_score": 0.5203715135529491, "recall_score": 0.9901227976508276, "roc_auc_score": 0.9630662955193966, "train_percent": 0.5, "reduced_by": 4}