{"estimator": {"params": {"metric": "manhattan", "shrink_threshold": null}, "runtime": "0:00:00.054553", "classifier": "NearestCentroid(metric='manhattan', shrink_threshold=None)"}, "accuracy_score": 0.9396285506645815, "balanced_accuracy": 0.9632649312393895, "confusion_matrix": [[420069, 28692], [300, 31166]], "f1_score": 0.6825369015811835, "precision_score": 0.5206655751946273, "recall_score": 0.9904658997012649, "roc_auc_score": 0.9632649312393896, "train_percent": 0.16, "reduced_by": 3}