{"estimator": {"params": {"metric": "manhattan", "shrink_threshold": null}, "runtime": "0:00:00.043325", "classifier": "NearestCentroid(metric='manhattan', shrink_threshold=None)"}, "accuracy_score": 0.9349740179083826, "balanced_accuracy": 0.9640497709265419, "confusion_matrix": [[442470, 33003], [83, 33256]], "f1_score": 0.667804574389044, "precision_score": 0.5019091746026955, "recall_score": 0.9975104232280513, "roc_auc_score": 0.9640497709265419, "train_percent": 0.11, "reduced_by": 2}