{"estimator": {"params": {"metric": "manhattan", "shrink_threshold": null}, "runtime": "0:00:00.055163", "classifier": "NearestCentroid(metric='manhattan', shrink_threshold=None)"}, "accuracy_score": 0.5307948116203379, "balanced_accuracy": 0.7488590021774584, "confusion_matrix": [[223442, 225319], [6, 31460]], "f1_score": 0.2182865270863328, "precision_score": 0.12251780714154974, "recall_score": 0.9998093179940253, "roc_auc_score": 0.7488590021774584, "train_percent": 0.16, "reduced_by": 0}