{"estimator": {"params": {"metric": "manhattan", "shrink_threshold": null}, "runtime": "0:00:00.031457", "classifier": "NearestCentroid(metric='manhattan', shrink_threshold=None)"}, "accuracy_score": 0.5291118768019126, "balanced_accuracy": 0.7479719690125244, "confusion_matrix": [[263713, 267854], [6, 37267]], "f1_score": 0.21768488933801408, "precision_score": 0.1221384303276405, "recall_score": 0.9998390255681056, "roc_auc_score": 0.7479719690125244, "train_percent": 0.005, "reduced_by": 0}