{"estimator": {"params": {"metric": "manhattan", "shrink_threshold": null}, "runtime": "0:00:00.111172", "classifier": "NearestCentroid(metric='manhattan', shrink_threshold=None)"}, "accuracy_score": 0.9348193897606493, "balanced_accuracy": 0.9641992776156244, "confusion_matrix": [[273377, 20454], [41, 20562]], "f1_score": 0.6673915513072267, "precision_score": 0.501316559391457, "recall_score": 0.9980099985439014, "roc_auc_score": 0.9641992776156245, "train_percent": 0.45, "reduced_by": 3}