{"estimator": {"params": {"metric": "manhattan", "shrink_threshold": null}, "runtime": "0:00:00.063410", "classifier": "NearestCentroid(metric='manhattan', shrink_threshold=None)"}, "accuracy_score": 0.934899537093916, "balanced_accuracy": 0.9639853485829768, "confusion_matrix": [[417578, 31183], [80, 31386]], "f1_score": 0.6675386824054873, "precision_score": 0.5016222090811744, "recall_score": 0.9974575732536707, "roc_auc_score": 0.9639853485829768, "train_percent": 0.16, "reduced_by": 3}