{"estimator": {"params": {"metric": "manhattan", "shrink_threshold": null}, "runtime": "0:00:00.073878", "classifier": "NearestCentroid(metric='manhattan', shrink_threshold=None)"}, "accuracy_score": 0.935316024638984, "balanced_accuracy": 0.9643062024115356, "confusion_matrix": [[392904, 29145], [69, 29524]], "f1_score": 0.6690081801907957, "precision_score": 0.5032299851710443, "recall_score": 0.9976683675193458, "roc_auc_score": 0.9643062024115358, "train_percent": 0.21, "reduced_by": 0}