{"estimator": {"params": {"metric": "manhattan", "shrink_threshold": null}, "runtime": "0:00:00.047086", "classifier": "NearestCentroid(metric='manhattan', shrink_threshold=None)"}, "accuracy_score": 0.9349641910961219, "balanced_accuracy": 0.9641142423344864, "confusion_matrix": [[442460, 33013], [78, 33261]], "f1_score": 0.667804403039764, "precision_score": 0.5018710203096237, "recall_score": 0.9976603977323855, "roc_auc_score": 0.9641142423344864, "train_percent": 0.11, "reduced_by": 4}