{"estimator": {"params": {"metric": "manhattan", "shrink_threshold": null}, "runtime": "0:00:00.055574", "classifier": "NearestCentroid(metric='manhattan', shrink_threshold=None)"}, "accuracy_score": 0.9353935196460914, "balanced_accuracy": 0.9643005332183321, "confusion_matrix": [[392942, 29107], [72, 29521]], "f1_score": 0.6692510853424921, "precision_score": 0.5035307361670192, "recall_score": 0.9975669921940999, "roc_auc_score": 0.9643005332183321, "train_percent": 0.21, "reduced_by": 3}