{"estimator": {"params": {"metric": "manhattan", "shrink_threshold": null}, "runtime": "0:00:00.030418", "classifier": "NearestCentroid(metric='manhattan', shrink_threshold=None)"}, "accuracy_score": 0.9350385701312056, "balanced_accuracy": 0.9641260058640909, "confusion_matrix": [[492219, 36678], [89, 36996]], "f1_score": 0.6680450347150119, "precision_score": 0.5021581562016451, "recall_score": 0.9976001078603209, "roc_auc_score": 0.9641260058640909, "train_percent": 0.01, "reduced_by": 0}