{"estimator": {"params": {"metric": "manhattan", "shrink_threshold": null}, "runtime": "0:00:00.143721", "classifier": "NearestCentroid(metric='manhattan', shrink_threshold=None)"}, "accuracy_score": 0.9350910590958519, "balanced_accuracy": 0.9640700764984895, "confusion_matrix": [[298336, 22207], [58, 22418]], "f1_score": 0.6681867632375077, "precision_score": 0.5023641456582633, "recall_score": 0.9974194696565225, "roc_auc_score": 0.9640700764984895, "train_percent": 0.4, "reduced_by": 0}