{"estimator": {"params": {"metric": "manhattan", "shrink_threshold": null}, "runtime": "0:00:00.104798", "classifier": "NearestCentroid(metric='manhattan', shrink_threshold=None)"}, "accuracy_score": 0.9986864880596786, "balanced_accuracy": 0.7493489732925867, "confusion_matrix": [[260786, 340], [3, 3]], "f1_score": 0.017191977077363897, "precision_score": 0.008746355685131196, "recall_score": 0.5, "roc_auc_score": 0.7493489732925868, "train_percent": 0.5, "reduced_by": 4}