{"estimator": {"params": {"metric": "manhattan", "shrink_threshold": null}, "runtime": "0:00:00.036501", "classifier": "NearestCentroid(metric='manhattan', shrink_threshold=None)"}, "accuracy_score": 0.9962156987188451, "balanced_accuracy": 0.9981078086509396, "confusion_matrix": [[463046, 1759], [0, 10]], "f1_score": 0.011242270938729624, "precision_score": 0.005652911249293386, "recall_score": 1.0, "roc_auc_score": 0.9981078086509396, "train_percent": 0.11, "reduced_by": 2}