{"estimator": {"params": {"metric": "manhattan", "shrink_threshold": null}, "runtime": "0:00:00.094853", "classifier": "NearestCentroid(metric='manhattan', shrink_threshold=None)"}, "accuracy_score": 0.9856356172357276, "balanced_accuracy": 0.9928176435896847, "confusion_matrix": [[257375, 3751], [0, 6]], "f1_score": 0.0031889449906989105, "precision_score": 0.0015970188980569604, "recall_score": 1.0, "roc_auc_score": 0.9928176435896846, "train_percent": 0.5, "reduced_by": 4}