{"estimator": {"params": {"metric": "manhattan", "shrink_threshold": null}, "runtime": "0:00:00.124752", "classifier": "NearestCentroid(metric='manhattan', shrink_threshold=None)"}, "accuracy_score": 0.998602239480416, "balanced_accuracy": 0.7493068480350482, "confusion_matrix": [[260764, 362], [3, 3]], "f1_score": 0.016172506738544475, "precision_score": 0.00821917808219178, "recall_score": 0.5, "roc_auc_score": 0.7493068480350482, "train_percent": 0.5, "reduced_by": 3}