{"estimator": {"params": {"metric": "manhattan", "shrink_threshold": null}, "runtime": "0:00:00.051591", "classifier": "NearestCentroid(metric='manhattan', shrink_threshold=None)"}, "accuracy_score": 0.9525371494480295, "balanced_accuracy": 0.9762680878611874, "confusion_matrix": [[417870, 20822], [0, 9]], "f1_score": 0.0008637236084452975, "precision_score": 0.00043204838941961497, "recall_score": 1.0, "roc_auc_score": 0.9762680878611874, "train_percent": 0.16, "reduced_by": 0}