{"estimator": {"params": {"metric": "manhattan", "shrink_threshold": null}, "runtime": "0:00:00.037830", "classifier": "NearestCentroid(metric='manhattan', shrink_threshold=None)"}, "accuracy_score": 0.9846888883316883, "balanced_accuracy": 0.9923442871080393, "confusion_matrix": [[431975, 6717], [0, 9]], "f1_score": 0.0026726057906458797, "precision_score": 0.0013380909901873326, "recall_score": 1.0, "roc_auc_score": 0.9923442871080393, "train_percent": 0.16, "reduced_by": 4}