{"estimator": {"params": {"metric": "manhattan", "shrink_threshold": null}, "runtime": "0:00:00.076897", "classifier": "NearestCentroid(metric='manhattan', shrink_threshold=None)"}, "accuracy_score": 0.9947207899667656, "balanced_accuracy": 0.9973603372203393, "confusion_matrix": [[363647, 1930], [0, 8]], "f1_score": 0.008221993833504625, "precision_score": 0.0041279669762641896, "recall_score": 1.0, "roc_auc_score": 0.9973603372203393, "train_percent": 0.3, "reduced_by": 2}