{"estimator": {"params": {"metric": "manhattan", "shrink_threshold": null}, "runtime": "0:00:00.072864", "classifier": "NearestCentroid(metric='manhattan', shrink_threshold=None)"}, "accuracy_score": 0.5142505983569442, "balanced_accuracy": 0.7571202715885186, "confusion_matrix": [[198737, 187730], [0, 8]], "f1_score": 8.522152269555676e-05, "precision_score": 4.261257710213169e-05, "recall_score": 1.0, "roc_auc_score": 0.7571202715885186, "train_percent": 0.26, "reduced_by": 0}