{"estimator": {"params": {"metric": "manhattan", "shrink_threshold": null}, "runtime": "0:00:00.081223", "classifier": "NearestCentroid(metric='manhattan', shrink_threshold=None)"}, "accuracy_score": 0.9986184386884299, "balanced_accuracy": 0.9993092050998045, "confusion_matrix": [[338995, 469], [0, 7]], "f1_score": 0.028985507246376812, "precision_score": 0.014705882352941176, "recall_score": 1.0, "roc_auc_score": 0.9993092050998045, "train_percent": 0.35, "reduced_by": 4}