{"estimator": {"params": {"metric": "manhattan", "shrink_threshold": null}, "runtime": "0:00:00.057882", "classifier": "NearestCentroid(metric='manhattan', shrink_threshold=None)"}, "accuracy_score": 0.9452262305253667, "balanced_accuracy": 0.9726125178450673, "confusion_matrix": [[389980, 22599], [0, 9]], "f1_score": 0.0007958615200955034, "precision_score": 0.0003980891719745223, "recall_score": 1.0, "roc_auc_score": 0.9726125178450673, "train_percent": 0.21, "reduced_by": 0}