{"estimator": {"params": {"metric": "manhattan", "shrink_threshold": null}, "runtime": "0:00:00.145492", "classifier": "NearestCentroid(metric='manhattan', shrink_threshold=None)"}, "accuracy_score": 0.9985958552199082, "balanced_accuracy": 0.7850169846046674, "confusion_matrix": [[312914, 437], [3, 4]], "f1_score": 0.017857142857142856, "precision_score": 0.009070294784580499, "recall_score": 0.5714285714285714, "roc_auc_score": 0.7850169846046674, "train_percent": 0.4, "reduced_by": 0}