{"estimator": {"params": {"metric": "manhattan", "shrink_threshold": null}, "runtime": "0:00:00.037261", "classifier": "NearestCentroid(metric='manhattan', shrink_threshold=None)"}, "accuracy_score": 0.9986575304153266, "balanced_accuracy": 0.7493341293660782, "confusion_matrix": [[464186, 619], [5, 5]], "f1_score": 0.015772870662460567, "precision_score": 0.008012820512820512, "recall_score": 0.5, "roc_auc_score": 0.7493341293660782, "train_percent": 0.11, "reduced_by": 2}