{"estimator": {"params": {"metric": "manhattan", "shrink_threshold": null}, "runtime": "0:00:00.110151", "classifier": "NearestCentroid(metric='manhattan', shrink_threshold=None)"}, "accuracy_score": 0.9950864727767615, "balanced_accuracy": 0.997543185728089, "confusion_matrix": [[337796, 1668], [0, 7]], "f1_score": 0.008323424494649225, "precision_score": 0.00417910447761194, "recall_score": 1.0, "roc_auc_score": 0.997543185728089, "train_percent": 0.35, "reduced_by": 0}