{"estimator": {"params": {"metric": "manhattan", "shrink_threshold": null}, "runtime": "0:00:00.029939", "classifier": "NearestCentroid(metric='manhattan', shrink_threshold=None)"}, "accuracy_score": 0.9204975067627025, "balanced_accuracy": 0.9602479436484301, "confusion_matrix": [[451888, 39030], [0, 10]], "f1_score": 0.0005121638924455825, "precision_score": 0.00025614754098360657, "recall_score": 1.0, "roc_auc_score": 0.96024794364843, "train_percent": 0.06, "reduced_by": 2}