{"estimator": {"params": {"metric": "manhattan", "shrink_threshold": null}, "runtime": "0:00:00.092299", "classifier": "NearestCentroid(metric='manhattan', shrink_threshold=None)"}, "accuracy_score": 0.9985858281931699, "balanced_accuracy": 0.7492983694269606, "confusion_matrix": [[365064, 513], [4, 4]], "f1_score": 0.01523809523809524, "precision_score": 0.007736943907156673, "recall_score": 0.5, "roc_auc_score": 0.7492983694269607, "train_percent": 0.3, "reduced_by": 0}