{"estimator": {"params": {"metric": "manhattan", "shrink_threshold": null}, "runtime": "0:00:00.082691", "classifier": "NearestCentroid(metric='manhattan', shrink_threshold=None)"}, "accuracy_score": 0.9986726178924898, "balanced_accuracy": 0.749341470293712, "confusion_matrix": [[385958, 509], [4, 4]], "f1_score": 0.015355086372360844, "precision_score": 0.007797270955165692, "recall_score": 0.5, "roc_auc_score": 0.749341470293712, "train_percent": 0.26, "reduced_by": 1}