{"estimator": {"params": {"metric": "manhattan", "shrink_threshold": null}, "runtime": "0:00:00.085773", "classifier": "NearestCentroid(metric='manhattan', shrink_threshold=None)"}, "accuracy_score": 0.9991923271075215, "balanced_accuracy": 0.9995961551182116, "confusion_matrix": [[287007, 232], [0, 6]], "f1_score": 0.049180327868852465, "precision_score": 0.025210084033613446, "recall_score": 1.0, "roc_auc_score": 0.9995961551182116, "train_percent": 0.45, "reduced_by": 4}