{"estimator": {"params": {"metric": "manhattan", "shrink_threshold": null}, "runtime": "0:00:00.124766", "classifier": "NearestCentroid(metric='manhattan', shrink_threshold=None)"}, "accuracy_score": 0.9986567335648701, "balanced_accuracy": 0.713619958859513, "confusion_matrix": [[339012, 452], [4, 3]], "f1_score": 0.012987012987012986, "precision_score": 0.006593406593406593, "recall_score": 0.42857142857142855, "roc_auc_score": 0.713619958859513, "train_percent": 0.35, "reduced_by": 2}