{"estimator": {"params": {"metric": "manhattan", "shrink_threshold": null}, "runtime": "0:00:00.075197", "classifier": "NearestCentroid(metric='manhattan', shrink_threshold=None)"}, "accuracy_score": 0.9783825528628597, "balanced_accuracy": 0.98919103497356, "confusion_matrix": [[306577, 6774], [0, 7]], "f1_score": 0.0020624631703005307, "precision_score": 0.0010322961215160006, "recall_score": 1.0, "roc_auc_score": 0.98919103497356, "train_percent": 0.4, "reduced_by": 4}