{"estimator": {"params": {"metric": "manhattan", "shrink_threshold": null}, "runtime": "0:00:00.105567", "classifier": "NearestCentroid(metric='manhattan', shrink_threshold=None)"}, "accuracy_score": 0.9986331674870608, "balanced_accuracy": 0.9278894711326426, "confusion_matrix": [[339001, 463], [1, 6]], "f1_score": 0.025210084033613446, "precision_score": 0.01279317697228145, "recall_score": 0.8571428571428571, "roc_auc_score": 0.9278894711326428, "train_percent": 0.35, "reduced_by": 0}