{"estimator": {"params": {"metric": "manhattan", "shrink_threshold": null}, "runtime": "0:00:00.053091", "classifier": "NearestCentroid(metric='manhattan', shrink_threshold=None)"}, "accuracy_score": 0.9948544310547083, "balanced_accuracy": 0.9974271594046231, "confusion_matrix": [[410456, 2123], [0, 9]], "f1_score": 0.008407286314806165, "precision_score": 0.004221388367729831, "recall_score": 1.0, "roc_auc_score": 0.9974271594046231, "train_percent": 0.21, "reduced_by": 1}