{"estimator": {"params": {"metric": "manhattan", "shrink_threshold": null}, "runtime": "0:00:00.140608", "classifier": "NearestCentroid(metric='manhattan', shrink_threshold=None)"}, "accuracy_score": 0.9870180507928772, "balanced_accuracy": 0.9935088898095314, "confusion_matrix": [[283510, 3729], [0, 6]], "f1_score": 0.003207698476343224, "precision_score": 0.001606425702811245, "recall_score": 1.0, "roc_auc_score": 0.9935088898095314, "train_percent": 0.45, "reduced_by": 0}