{"estimator": {"params": {"metric": "manhattan", "shrink_threshold": null}, "runtime": "0:00:00.026973", "classifier": "NearestCentroid(metric='manhattan', shrink_threshold=None)"}, "accuracy_score": 0.9986128312094645, "balanced_accuracy": 0.9993064014764177, "confusion_matrix": [[490237, 681], [0, 10]], "f1_score": 0.02853067047075606, "precision_score": 0.01447178002894356, "recall_score": 1.0, "roc_auc_score": 0.9993064014764176, "train_percent": 0.06, "reduced_by": 4}