{"estimator": {"params": {"metric": "manhattan", "shrink_threshold": null}, "runtime": "0:00:00.046992", "classifier": "NearestCentroid(metric='manhattan', shrink_threshold=None)"}, "accuracy_score": 0.9973740657076232, "balanced_accuracy": 0.9986870059175914, "confusion_matrix": [[437540, 1152], [0, 9]], "f1_score": 0.015384615384615384, "precision_score": 0.007751937984496124, "recall_score": 1.0, "roc_auc_score": 0.9986870059175914, "train_percent": 0.16, "reduced_by": 2}