{"estimator": {"params": {"metric": "manhattan", "shrink_threshold": null}, "runtime": "0:00:00.124413", "classifier": "NearestCentroid(metric='manhattan', shrink_threshold=None)"}, "accuracy_score": 0.998523908162022, "balanced_accuracy": 0.74926716079641, "confusion_matrix": [[286818, 421], [3, 3]], "f1_score": 0.013953488372093025, "precision_score": 0.007075471698113208, "recall_score": 0.5, "roc_auc_score": 0.74926716079641, "train_percent": 0.45, "reduced_by": 2}