{"estimator": {"params": {"metric": "manhattan", "shrink_threshold": null}, "runtime": "0:00:00.141793", "classifier": "NearestCentroid(metric='manhattan', shrink_threshold=None)"}, "accuracy_score": 0.8882748954551721, "balanced_accuracy": 0.94413616415064, "confusion_matrix": [[231951, 29175], [0, 6]], "f1_score": 0.0004111419467571179, "precision_score": 0.00020561324149275214, "recall_score": 1.0, "roc_auc_score": 0.94413616415064, "train_percent": 0.5, "reduced_by": 3}