{"estimator": {"params": {"metric": "manhattan", "shrink_threshold": null}, "runtime": "0:00:00.026784", "classifier": "NearestCentroid(metric='manhattan', shrink_threshold=None)"}, "accuracy_score": 0.9986148681680409, "balanced_accuracy": 0.7493125124766254, "confusion_matrix": [[490243, 675], [5, 5]], "f1_score": 0.014492753623188406, "precision_score": 0.007352941176470588, "recall_score": 0.5, "roc_auc_score": 0.7493125124766256, "train_percent": 0.06, "reduced_by": 4}