{"estimator": {"params": {"metric": "manhattan", "shrink_threshold": null}, "runtime": "0:00:00.076963", "classifier": "NearestCentroid(metric='manhattan', shrink_threshold=None)"}, "accuracy_score": 0.9985320304571768, "balanced_accuracy": 0.856412047284264, "confusion_matrix": [[312893, 458], [2, 5]], "f1_score": 0.02127659574468085, "precision_score": 0.01079913606911447, "recall_score": 0.7142857142857143, "roc_auc_score": 0.8564120472842641, "train_percent": 0.4, "reduced_by": 4}