{"estimator": {"params": {"metric": "manhattan", "shrink_threshold": null}, "runtime": "0:00:00.039588", "classifier": "NearestCentroid(metric='manhattan', shrink_threshold=None)"}, "accuracy_score": 0.9986682873831524, "balanced_accuracy": 0.749339507965706, "confusion_matrix": [[464191, 614], [5, 5]], "f1_score": 0.01589825119236884, "precision_score": 0.008077544426494346, "recall_score": 0.5, "roc_auc_score": 0.749339507965706, "train_percent": 0.11, "reduced_by": 0}