{"estimator": {"params": {"metric": "manhattan", "shrink_threshold": null}, "runtime": "0:00:00.165398", "classifier": "NearestCentroid(metric='manhattan', shrink_threshold=None)"}, "accuracy_score": 0.9332751252240247, "balanced_accuracy": 0.966636796029503, "confusion_matrix": [[243702, 17424], [0, 6]], "f1_score": 0.0006882312456985547, "precision_score": 0.00034423407917383823, "recall_score": 1.0, "roc_auc_score": 0.9666367960295029, "train_percent": 0.5, "reduced_by": 0}