{"estimator": {"params": {"metric": "manhattan", "shrink_threshold": null}, "runtime": "0:00:00.108225", "classifier": "NearestCentroid(metric='manhattan', shrink_threshold=None)"}, "accuracy_score": 0.9951630625296417, "balanced_accuracy": 0.9975814813941979, "confusion_matrix": [[337822, 1642], [0, 7]], "f1_score": 0.008454106280193236, "precision_score": 0.004244996967859308, "recall_score": 1.0, "roc_auc_score": 0.9975814813941979, "train_percent": 0.35, "reduced_by": 3}