{"estimator": {"params": {"metric": "manhattan", "shrink_threshold": null}, "runtime": "0:00:00.133603", "classifier": "NearestCentroid(metric='manhattan', shrink_threshold=None)"}, "accuracy_score": 0.8928510504969626, "balanced_accuracy": 0.9464244061565457, "confusion_matrix": [[256461, 30778], [0, 6]], "f1_score": 0.0003897369275738876, "precision_score": 0.00019490644490644492, "recall_score": 1.0, "roc_auc_score": 0.9464244061565457, "train_percent": 0.45, "reduced_by": 1}