{"estimator": {"params": {"metric": "manhattan", "shrink_threshold": null}, "runtime": "0:00:00.074099", "classifier": "NearestCentroid(metric='manhattan', shrink_threshold=None)"}, "accuracy_score": 0.9010569894559803, "balanced_accuracy": 0.9505274706507929, "confusion_matrix": [[348228, 38239], [0, 8]], "f1_score": 0.00041824598091752714, "precision_score": 0.00020916673203127042, "recall_score": 1.0, "roc_auc_score": 0.950527470650793, "train_percent": 0.26, "reduced_by": 1}