{"estimator": {"params": {"metric": "manhattan", "shrink_threshold": null}, "runtime": "0:00:00.076183", "classifier": "NearestCentroid(metric='manhattan', shrink_threshold=None)"}, "accuracy_score": 0.8840789419697198, "balanced_accuracy": 0.9420382026221562, "confusion_matrix": [[323198, 42379], [0, 8]], "f1_score": 0.0003774029956362779, "precision_score": 0.00018873711279401704, "recall_score": 1.0, "roc_auc_score": 0.9420382026221562, "train_percent": 0.3, "reduced_by": 3}