{"estimator": {"params": {"metric": "manhattan", "shrink_threshold": null}, "runtime": "0:00:00.032738", "classifier": "NearestCentroid(metric='manhattan', shrink_threshold=None)"}, "accuracy_score": 0.9993889124270768, "balanced_accuracy": 0.7496995424897844, "confusion_matrix": [[490623, 295], [5, 5]], "f1_score": 0.03225806451612903, "precision_score": 0.016666666666666666, "recall_score": 0.5, "roc_auc_score": 0.7496995424897844, "train_percent": 0.06, "reduced_by": 1}