{"estimator": {"params": {"metric": "manhattan", "shrink_threshold": null}, "runtime": "0:00:00.137344", "classifier": "NearestCentroid(metric='manhattan', shrink_threshold=None)"}, "accuracy_score": 0.9949102682379154, "balanced_accuracy": 0.9974550809604545, "confusion_matrix": [[285777, 1462], [0, 6]], "f1_score": 0.008141112618724558, "precision_score": 0.004087193460490463, "recall_score": 1.0, "roc_auc_score": 0.9974550809604545, "train_percent": 0.45, "reduced_by": 2}