{"estimator": {"params": {"metric": "manhattan", "shrink_threshold": null}, "runtime": "0:00:00.095655", "classifier": "NearestCentroid(metric='manhattan', shrink_threshold=None)"}, "accuracy_score": 0.9941880160602821, "balanced_accuracy": 0.9970939481064266, "confusion_matrix": [[337491, 1973], [0, 7]], "f1_score": 0.00704579768495219, "precision_score": 0.0035353535353535356, "recall_score": 1.0, "roc_auc_score": 0.9970939481064266, "train_percent": 0.35, "reduced_by": 3}