{"estimator": {"params": {"metric": "manhattan", "shrink_threshold": null}, "runtime": "0:00:00.091066", "classifier": "NearestCentroid(metric='manhattan', shrink_threshold=None)"}, "accuracy_score": 0.9964440554180286, "balanced_accuracy": 0.9982219888012649, "confusion_matrix": [[364277, 1300], [0, 8]], "f1_score": 0.0121580547112462, "precision_score": 0.0061162079510703364, "recall_score": 1.0, "roc_auc_score": 0.9982219888012648, "train_percent": 0.3, "reduced_by": 0}