{"estimator": {"params": {"metric": "manhattan", "shrink_threshold": null}, "runtime": "0:00:00.042987", "classifier": "NearestCentroid(metric='manhattan', shrink_threshold=None)"}, "accuracy_score": 0.9986811957445435, "balanced_accuracy": 0.7493459622852594, "confusion_matrix": [[464197, 608], [5, 5]], "f1_score": 0.016051364365971106, "precision_score": 0.008156606851549755, "recall_score": 0.5, "roc_auc_score": 0.7493459622852594, "train_percent": 0.11, "reduced_by": 0}