{"estimator": {"params": {"metric": "manhattan", "shrink_threshold": null}, "runtime": "0:00:00.091386", "classifier": "NearestCentroid(metric='manhattan', shrink_threshold=None)"}, "accuracy_score": 0.9972482459619514, "balanced_accuracy": 0.9986240928723634, "confusion_matrix": [[364571, 1006], [0, 8]], "f1_score": 0.015655577299412915, "precision_score": 0.007889546351084813, "recall_score": 1.0, "roc_auc_score": 0.9986240928723634, "train_percent": 0.3, "reduced_by": 1}