{"estimator": {"params": {"metric": "manhattan", "shrink_threshold": null}, "runtime": "0:00:00.033003", "classifier": "NearestCentroid(metric='manhattan', shrink_threshold=None)"}, "accuracy_score": 0.5119284016221507, "balanced_accuracy": 0.7559589505276406, "confusion_matrix": [[237942, 226863], [0, 10]], "f1_score": 8.815116161193213e-05, "precision_score": 4.407752354841695e-05, "recall_score": 1.0, "roc_auc_score": 0.7559589505276406, "train_percent": 0.11, "reduced_by": 4}