{"estimator": {"params": {"metric": "manhattan", "shrink_threshold": null}, "runtime": "0:00:00.042361", "classifier": "NearestCentroid(metric='manhattan', shrink_threshold=None)"}, "accuracy_score": 0.9941668699182359, "balanced_accuracy": 0.997083375124233, "confusion_matrix": [[436133, 2559], [0, 9]], "f1_score": 0.0069848661233993005, "precision_score": 0.0035046728971962616, "recall_score": 1.0, "roc_auc_score": 0.997083375124233, "train_percent": 0.16, "reduced_by": 2}