{"estimator": {"params": {"metric": "manhattan", "shrink_threshold": null}, "runtime": "0:00:00.045508", "classifier": "NearestCentroid(metric='manhattan', shrink_threshold=None)"}, "accuracy_score": 0.984347581606833, "balanced_accuracy": 0.9921736200824569, "confusion_matrix": [[406121, 6458], [0, 9]], "f1_score": 0.0027794935145151324, "precision_score": 0.0013916808411937528, "recall_score": 1.0, "roc_auc_score": 0.9921736200824569, "train_percent": 0.21, "reduced_by": 4}