{"estimator": {"params": {"metric": "manhattan", "shrink_threshold": null}, "runtime": "0:00:00.153274", "classifier": "NearestCentroid(metric='manhattan', shrink_threshold=None)"}, "accuracy_score": 0.9987592481963145, "balanced_accuracy": 0.6660539356479247, "confusion_matrix": [[260806, 320], [4, 2]], "f1_score": 0.012195121951219511, "precision_score": 0.006211180124223602, "recall_score": 0.3333333333333333, "roc_auc_score": 0.6660539356479247, "train_percent": 0.5, "reduced_by": 2}