{"estimator": {"params": {"metric": "manhattan", "shrink_threshold": null}, "runtime": "0:00:00.043495", "classifier": "NearestCentroid(metric='manhattan', shrink_threshold=None)"}, "accuracy_score": 0.9985821778386647, "balanced_accuracy": 0.7215189953569043, "confusion_matrix": [[438075, 617], [5, 4]], "f1_score": 0.012698412698412698, "precision_score": 0.00644122383252818, "recall_score": 0.4444444444444444, "roc_auc_score": 0.7215189953569043, "train_percent": 0.16, "reduced_by": 2}