{"estimator": {"params": {"metric": "manhattan", "shrink_threshold": null}, "runtime": "0:00:00.033062", "classifier": "NearestCentroid(metric='manhattan', shrink_threshold=None)"}, "accuracy_score": 0.8872950819672131, "balanced_accuracy": 0.9436463930839774, "confusion_matrix": [[435588, 55330], [0, 10]], "f1_score": 0.0003613369467028004, "precision_score": 0.00018070112034694616, "recall_score": 1.0, "roc_auc_score": 0.9436463930839774, "train_percent": 0.06, "reduced_by": 1}