{"estimator": {"params": {"metric": "manhattan", "shrink_threshold": null}, "runtime": "0:00:00.088377", "classifier": "NearestCentroid(metric='manhattan', shrink_threshold=None)"}, "accuracy_score": 0.5135021285558371, "balanced_accuracy": 0.7567456302995682, "confusion_matrix": [[160903, 152448], [0, 7]], "f1_score": 9.182615996117066e-05, "precision_score": 4.591518808828835e-05, "recall_score": 1.0, "roc_auc_score": 0.7567456302995682, "train_percent": 0.4, "reduced_by": 2}