{"estimator": {"params": {"metric": "manhattan", "shrink_threshold": null}, "runtime": "0:00:00.054396", "classifier": "NearestCentroid(metric='manhattan', shrink_threshold=None)"}, "accuracy_score": 0.9975278001299117, "balanced_accuracy": 0.9987638731006667, "confusion_matrix": [[411559, 1020], [0, 9]], "f1_score": 0.017341040462427744, "precision_score": 0.008746355685131196, "recall_score": 1.0, "roc_auc_score": 0.9987638731006667, "train_percent": 0.21, "reduced_by": 1}