{"estimator": {"params": {"metric": "manhattan", "shrink_threshold": null}, "runtime": "0:00:00.111381", "classifier": "NearestCentroid(metric='manhattan', shrink_threshold=None)"}, "accuracy_score": 0.9949450817246601, "balanced_accuracy": 0.9974724880674282, "confusion_matrix": [[285787, 1452], [0, 6]], "f1_score": 0.00819672131147541, "precision_score": 0.00411522633744856, "recall_score": 1.0, "roc_auc_score": 0.9974724880674282, "train_percent": 0.45, "reduced_by": 3}