{"estimator": {"params": {"metric": "manhattan", "shrink_threshold": null}, "runtime": "0:00:00.072249", "classifier": "NearestCentroid(metric='manhattan', shrink_threshold=None)"}, "accuracy_score": 0.994840545960282, "balanced_accuracy": 0.9974202195789033, "confusion_matrix": [[384473, 1994], [0, 8]], "f1_score": 0.007960199004975124, "precision_score": 0.003996003996003996, "recall_score": 1.0, "roc_auc_score": 0.9974202195789033, "train_percent": 0.26, "reduced_by": 2}