{"estimator": {"params": {"metric": "manhattan", "shrink_threshold": null}, "runtime": "0:00:00.168855", "classifier": "NearestCentroid(metric='manhattan', shrink_threshold=None)"}, "accuracy_score": 0.9962624266654412, "balanced_accuracy": 0.9981311703928372, "confusion_matrix": [[260150, 976], [0, 6]], "f1_score": 0.012145748987854251, "precision_score": 0.006109979633401222, "recall_score": 1.0, "roc_auc_score": 0.9981311703928372, "train_percent": 0.5, "reduced_by": 1}