{"estimator": {"params": {"metric": "manhattan", "shrink_threshold": null}, "runtime": "0:00:00.033359", "classifier": "NearestCentroid(metric='manhattan', shrink_threshold=None)"}, "accuracy_score": 0.9986403192668051, "balanced_accuracy": 0.7493255236066738, "confusion_matrix": [[464178, 627], [5, 5]], "f1_score": 0.01557632398753894, "precision_score": 0.007911392405063292, "recall_score": 0.5, "roc_auc_score": 0.7493255236066737, "train_percent": 0.11, "reduced_by": 3}