{"estimator": {"params": {"metric": "manhattan", "shrink_threshold": null}, "runtime": "0:00:00.181166", "classifier": "NearestCentroid(metric='manhattan', shrink_threshold=None)"}, "accuracy_score": 0.9986520227317984, "balanced_accuracy": 0.7493317402326847, "confusion_matrix": [[260777, 349], [3, 3]], "f1_score": 0.01675977653631285, "precision_score": 0.008522727272727272, "recall_score": 0.5, "roc_auc_score": 0.7493317402326846, "train_percent": 0.5, "reduced_by": 0}