{"estimator": {"params": {"metric": "manhattan", "shrink_threshold": null}, "runtime": "0:00:00.139951", "classifier": "NearestCentroid(metric='manhattan', shrink_threshold=None)"}, "accuracy_score": 0.9894995634391802, "balanced_accuracy": 0.9947496610831552, "confusion_matrix": [[258384, 2742], [0, 6]], "f1_score": 0.004357298474945534, "precision_score": 0.002183406113537118, "recall_score": 1.0, "roc_auc_score": 0.9947496610831553, "train_percent": 0.5, "reduced_by": 1}