{"estimator": {"params": {"metric": "manhattan", "shrink_threshold": null}, "runtime": "0:00:00.070668", "classifier": "NearestCentroid(metric='manhattan', shrink_threshold=None)"}, "accuracy_score": 0.9950955318188657, "balanced_accuracy": 0.9975477122466676, "confusion_matrix": [[363784, 1793], [0, 8]], "f1_score": 0.008844665561083473, "precision_score": 0.004441976679622432, "recall_score": 1.0, "roc_auc_score": 0.9975477122466676, "train_percent": 0.3, "reduced_by": 1}