{"estimator": {"params": {"metric": "manhattan", "shrink_threshold": null}, "runtime": "0:00:00.050348", "classifier": "NearestCentroid(metric='manhattan', shrink_threshold=None)"}, "accuracy_score": 0.5296067253094933, "balanced_accuracy": 0.7647985374704804, "confusion_matrix": [[232330, 206362], [0, 9]], "f1_score": 8.721775365830024e-05, "precision_score": 4.361077864622452e-05, "recall_score": 1.0, "roc_auc_score": 0.7647985374704804, "train_percent": 0.16, "reduced_by": 0}