{"estimator": {"params": {"metric": "manhattan", "shrink_threshold": null}, "runtime": "0:00:00.089566", "classifier": "NearestCentroid(metric='manhattan', shrink_threshold=None)"}, "accuracy_score": 0.9986179045762328, "balanced_accuracy": 0.9993089378531467, "confusion_matrix": [[286842, 397], [0, 6]], "f1_score": 0.0293398533007335, "precision_score": 0.01488833746898263, "recall_score": 1.0, "roc_auc_score": 0.9993089378531467, "train_percent": 0.45, "reduced_by": 4}