{"estimator": {"params": {"metric": "manhattan", "shrink_threshold": null}, "runtime": "0:00:00.058649", "classifier": "NearestCentroid(metric='manhattan', shrink_threshold=None)"}, "accuracy_score": 0.9966103887702956, "balanced_accuracy": 0.998305159302088, "confusion_matrix": [[385157, 1310], [0, 8]], "f1_score": 0.012066365007541479, "precision_score": 0.006069802731411229, "recall_score": 1.0, "roc_auc_score": 0.998305159302088, "train_percent": 0.26, "reduced_by": 2}