{"estimator": {"params": {"metric": "manhattan", "shrink_threshold": null}, "runtime": "0:00:00.038990", "classifier": "NearestCentroid(metric='manhattan', shrink_threshold=None)"}, "accuracy_score": 0.9820789102372687, "balanced_accuracy": 0.9910392712882843, "confusion_matrix": [[430830, 7862], [0, 9]], "f1_score": 0.002284263959390863, "precision_score": 0.0011434379367297675, "recall_score": 1.0, "roc_auc_score": 0.9910392712882843, "train_percent": 0.16, "reduced_by": 3}