{"estimator": {"params": {"metric": "manhattan", "shrink_threshold": null}, "runtime": "0:00:00.051746", "classifier": "NearestCentroid(metric='manhattan', shrink_threshold=None)"}, "accuracy_score": 0.5139090497444854, "balanced_accuracy": 0.7569494937472022, "confusion_matrix": [[198605, 187862], [0, 8]], "f1_score": 8.516164745206996e-05, "precision_score": 4.2582636929791874e-05, "recall_score": 1.0, "roc_auc_score": 0.7569494937472022, "train_percent": 0.26, "reduced_by": 3}