{"estimator": {"params": {"metric": "manhattan", "shrink_threshold": null}, "runtime": "0:00:00.113681", "classifier": "NearestCentroid(metric='manhattan', shrink_threshold=None)"}, "accuracy_score": 0.9944402861668611, "balanced_accuracy": 0.9972200850163104, "confusion_matrix": [[285642, 1597], [0, 6]], "f1_score": 0.0074580484773151025, "precision_score": 0.0037429819089207735, "recall_score": 1.0, "roc_auc_score": 0.9972200850163104, "train_percent": 0.45, "reduced_by": 3}