{"estimator": {"params": {"metric": "manhattan", "shrink_threshold": null}, "runtime": "0:00:00.039428", "classifier": "NearestCentroid(metric='manhattan', shrink_threshold=None)"}, "accuracy_score": 0.9986058969697622, "balanced_accuracy": 0.7493083120878647, "confusion_matrix": [[464162, 643], [5, 5]], "f1_score": 0.01519756838905775, "precision_score": 0.007716049382716049, "recall_score": 0.5, "roc_auc_score": 0.7493083120878649, "train_percent": 0.11, "reduced_by": 1}