{"estimator": {"params": {"metric": "manhattan", "shrink_threshold": null}, "runtime": "0:00:00.105558", "classifier": "NearestCentroid(metric='manhattan', shrink_threshold=None)"}, "accuracy_score": 0.9919109437919587, "balanced_accuracy": 0.9959553884948036, "confusion_matrix": [[336718, 2746], [0, 7]], "f1_score": 0.0050724637681159425, "precision_score": 0.0025426807119505995, "recall_score": 1.0, "roc_auc_score": 0.9959553884948036, "train_percent": 0.35, "reduced_by": 0}