{"estimator": {"params": {"metric": "manhattan", "shrink_threshold": null}, "runtime": "0:00:00.062778", "classifier": "NearestCentroid(metric='manhattan', shrink_threshold=None)"}, "accuracy_score": 0.9986323290069341, "balanced_accuracy": 0.6868229880435586, "confusion_matrix": [[365082, 495], [5, 3]], "f1_score": 0.011857707509881424, "precision_score": 0.006024096385542169, "recall_score": 0.375, "roc_auc_score": 0.6868229880435585, "train_percent": 0.3, "reduced_by": 2}