{"estimator": {"params": {"metric": "manhattan", "shrink_threshold": null}, "runtime": "0:00:00.047535", "classifier": "NearestCentroid(metric='manhattan', shrink_threshold=None)"}, "accuracy_score": 0.9986570929555598, "balanced_accuracy": 0.9993285325784608, "confusion_matrix": [[385948, 519], [0, 8]], "f1_score": 0.029906542056074768, "precision_score": 0.015180265654648957, "recall_score": 1.0, "roc_auc_score": 0.9993285325784608, "train_percent": 0.26, "reduced_by": 4}