{"estimator": {"params": {"metric": "manhattan", "shrink_threshold": null}, "runtime": "0:00:00.130747", "classifier": "NearestCentroid(metric='manhattan', shrink_threshold=None)"}, "accuracy_score": 0.9985671340766791, "balanced_accuracy": 0.7135756479383913, "confusion_matrix": [[312906, 445], [4, 3]], "f1_score": 0.013186813186813187, "precision_score": 0.006696428571428571, "recall_score": 0.42857142857142855, "roc_auc_score": 0.7135756479383913, "train_percent": 0.4, "reduced_by": 0}