{"estimator": {"params": {"metric": "manhattan", "shrink_threshold": null}, "runtime": "0:00:00.101117", "classifier": "NearestCentroid(metric='manhattan', shrink_threshold=None)"}, "accuracy_score": 0.9985575603622694, "balanced_accuracy": 0.7849978367481104, "confusion_matrix": [[312902, 449], [3, 4]], "f1_score": 0.017391304347826087, "precision_score": 0.008830022075055188, "recall_score": 0.5714285714285714, "roc_auc_score": 0.7849978367481104, "train_percent": 0.4, "reduced_by": 3}