{"estimator": {"params": {"metric": "manhattan", "shrink_threshold": null}, "runtime": "0:00:00.047441", "classifier": "NearestCentroid(metric='manhattan', shrink_threshold=None)"}, "accuracy_score": 0.9985872307393752, "balanced_accuracy": 0.7492987758333829, "confusion_matrix": [[385925, 542], [4, 4]], "f1_score": 0.01444043321299639, "precision_score": 0.007326007326007326, "recall_score": 0.5, "roc_auc_score": 0.749298775833383, "train_percent": 0.26, "reduced_by": 4}