{"estimator": {"params": {"metric": "manhattan", "shrink_threshold": null}, "runtime": "0:00:00.048243", "classifier": "NearestCentroid(metric='manhattan', shrink_threshold=None)"}, "accuracy_score": 0.998688764578708, "balanced_accuracy": 0.7215726496555137, "confusion_matrix": [[412043, 536], [5, 4]], "f1_score": 0.014571948998178506, "precision_score": 0.007407407407407408, "recall_score": 0.4444444444444444, "roc_auc_score": 0.7215726496555138, "train_percent": 0.21, "reduced_by": 3}