{"estimator": {"params": {"metric": "manhattan", "shrink_threshold": null}, "runtime": "0:00:00.033418", "classifier": "NearestCentroid(metric='manhattan', shrink_threshold=None)"}, "accuracy_score": 0.9995579799889189, "balanced_accuracy": 0.9997789854924855, "confusion_matrix": [[490701, 217], [0, 10]], "f1_score": 0.08438818565400845, "precision_score": 0.04405286343612335, "recall_score": 1.0, "roc_auc_score": 0.9997789854924855, "train_percent": 0.06, "reduced_by": 4}