{"estimator": {"params": {"metric": "manhattan", "shrink_threshold": null}, "runtime": "0:00:00.113849", "classifier": "NearestCentroid(metric='manhattan', shrink_threshold=None)"}, "accuracy_score": 0.9985575603622694, "balanced_accuracy": 0.9992787640696854, "confusion_matrix": [[312899, 452], [0, 7]], "f1_score": 0.03004291845493562, "precision_score": 0.015250544662309368, "recall_score": 1.0, "roc_auc_score": 0.9992787640696854, "train_percent": 0.4, "reduced_by": 2}