{"estimator": {"params": {"metric": "manhattan", "shrink_threshold": null}, "runtime": "0:00:00.110110", "classifier": "NearestCentroid(metric='manhattan', shrink_threshold=None)"}, "accuracy_score": 0.9952801587960097, "balanced_accuracy": 0.9976400266793468, "confusion_matrix": [[311872, 1479], [0, 7]], "f1_score": 0.009377093101138647, "precision_score": 0.004710632570659489, "recall_score": 1.0, "roc_auc_score": 0.9976400266793468, "train_percent": 0.4, "reduced_by": 1}