{"estimator": {"params": {"metric": "manhattan", "shrink_threshold": null}, "runtime": "0:00:00.032934", "classifier": "NearestCentroid(metric='manhattan', shrink_threshold=None)"}, "accuracy_score": 0.9986067203337353, "balanced_accuracy": 0.749308438476487, "confusion_matrix": [[490239, 679], [5, 5]], "f1_score": 0.01440922190201729, "precision_score": 0.007309941520467836, "recall_score": 0.5, "roc_auc_score": 0.7493084384764869, "train_percent": 0.06, "reduced_by": 1}