{"estimator": {"params": {"metric": "manhattan", "shrink_threshold": null}, "runtime": "0:00:00.046209", "classifier": "NearestCentroid(metric='manhattan', shrink_threshold=None)"}, "accuracy_score": 0.9314085722318632, "balanced_accuracy": 0.9657035379890881, "confusion_matrix": [[384279, 28300], [0, 9]], "f1_score": 0.0006356381100360195, "precision_score": 0.00031792009608251794, "recall_score": 1.0, "roc_auc_score": 0.9657035379890881, "train_percent": 0.21, "reduced_by": 3}