{"estimator": {"params": {"metric": "manhattan", "shrink_threshold": null}, "runtime": "0:00:00.077633", "classifier": "NearestCentroid(metric='manhattan', shrink_threshold=None)"}, "accuracy_score": 0.9985595234939066, "balanced_accuracy": 0.6421442543034228, "confusion_matrix": [[338980, 484], [5, 2]], "f1_score": 0.008113590263691685, "precision_score": 0.00411522633744856, "recall_score": 0.2857142857142857, "roc_auc_score": 0.6421442543034228, "train_percent": 0.35, "reduced_by": 2}