{"estimator": {"params": {"metric": "manhattan", "shrink_threshold": null}, "runtime": "0:00:00.180387", "classifier": "NearestCentroid(metric='manhattan', shrink_threshold=None)"}, "accuracy_score": 0.9962122926421696, "balanced_accuracy": 0.9981061067612684, "confusion_matrix": [[286151, 1088], [0, 6]], "f1_score": 0.010909090909090908, "precision_score": 0.005484460694698354, "recall_score": 1.0, "roc_auc_score": 0.9981061067612684, "train_percent": 0.45, "reduced_by": 1}