{"estimator": {"params": {"metric": "manhattan", "shrink_threshold": null}, "runtime": "0:00:00.094529", "classifier": "NearestCentroid(metric='manhattan', shrink_threshold=None)"}, "accuracy_score": 0.9953170945197424, "balanced_accuracy": 0.997658496021358, "confusion_matrix": [[363865, 1712], [0, 8]], "f1_score": 0.009259259259259259, "precision_score": 0.004651162790697674, "recall_score": 1.0, "roc_auc_score": 0.997658496021358, "train_percent": 0.3, "reduced_by": 0}