{"estimator": {"params": {"metric": "manhattan", "shrink_threshold": null}, "runtime": "0:00:00.034492", "classifier": "NearestCentroid(metric='manhattan', shrink_threshold=None)"}, "accuracy_score": 0.9507218981194798, "balanced_accuracy": 0.9753604471622552, "confusion_matrix": [[466726, 24192], [0, 10]], "f1_score": 0.0008260366760284156, "precision_score": 0.0004131889926452359, "recall_score": 1.0, "roc_auc_score": 0.9753604471622552, "train_percent": 0.06, "reduced_by": 0}