{"estimator": {"params": {"metric": "manhattan", "shrink_threshold": null}, "runtime": "0:00:00.091597", "classifier": "NearestCentroid(metric='manhattan', shrink_threshold=None)"}, "accuracy_score": 0.5294725004120333, "balanced_accuracy": 0.7647311181616128, "confusion_matrix": [[218445, 194134], [0, 9]], "f1_score": 9.271086571346162e-05, "precision_score": 4.635758178250053e-05, "recall_score": 1.0, "roc_auc_score": 0.7647311181616127, "train_percent": 0.21, "reduced_by": 1}