{"estimator": {"params": {"metric": "manhattan", "shrink_threshold": null}, "runtime": "0:00:00.159811", "classifier": "NearestCentroid(metric='manhattan', shrink_threshold=None)"}, "accuracy_score": 0.9986443637700473, "balanced_accuracy": 0.7493279106638175, "confusion_matrix": [[260775, 351], [3, 3]], "f1_score": 0.016666666666666666, "precision_score": 0.00847457627118644, "recall_score": 0.5, "roc_auc_score": 0.7493279106638174, "train_percent": 0.5, "reduced_by": 1}