{"estimator": {"params": {"metric": "manhattan", "shrink_threshold": null}, "runtime": "0:00:00.131270", "classifier": "NearestCentroid(metric='manhattan', shrink_threshold=None)"}, "accuracy_score": 0.9986004978328604, "balanced_accuracy": 0.749305456431752, "confusion_matrix": [[286840, 399], [3, 3]], "f1_score": 0.014705882352941176, "precision_score": 0.007462686567164179, "recall_score": 0.5, "roc_auc_score": 0.7493054564317518, "train_percent": 0.45, "reduced_by": 1}