{"estimator": {"params": {"metric": "manhattan", "shrink_threshold": null}, "runtime": "0:00:00.049630", "classifier": "NearestCentroid(metric='manhattan', shrink_threshold=None)"}, "accuracy_score": 0.9985821778386647, "balanced_accuracy": 0.7770734111606523, "confusion_matrix": [[438074, 618], [4, 5]], "f1_score": 0.01582278481012658, "precision_score": 0.008025682182985553, "recall_score": 0.5555555555555556, "roc_auc_score": 0.7770734111606523, "train_percent": 0.16, "reduced_by": 0}