{"estimator": {"params": {"metric": "manhattan", "shrink_threshold": null}, "runtime": "0:00:00.058341", "classifier": "NearestCentroid(metric='manhattan', shrink_threshold=None)"}, "accuracy_score": 0.9985845443881063, "balanced_accuracy": 0.9992922567556759, "confusion_matrix": [[411995, 584], [0, 9]], "f1_score": 0.02990033222591362, "precision_score": 0.01517706576728499, "recall_score": 1.0, "roc_auc_score": 0.9992922567556759, "train_percent": 0.21, "reduced_by": 0}