{"estimator": {"params": {"metric": "manhattan", "shrink_threshold": null}, "runtime": "0:00:00.040108", "classifier": "NearestCentroid(metric='manhattan', shrink_threshold=None)"}, "accuracy_score": 0.9985822316405452, "balanced_accuracy": 0.7492964791686836, "confusion_matrix": [[464151, 654], [5, 5]], "f1_score": 0.014947683109118088, "precision_score": 0.007587253414264037, "recall_score": 0.5, "roc_auc_score": 0.7492964791686837, "train_percent": 0.11, "reduced_by": 2}