{"estimator": {"params": {"metric": "manhattan", "shrink_threshold": null}, "runtime": "0:00:00.077522", "classifier": "NearestCentroid(metric='manhattan', shrink_threshold=None)"}, "accuracy_score": 0.9818322812884943, "balanced_accuracy": 0.9909159377184052, "confusion_matrix": [[307658, 5693], [0, 7]], "f1_score": 0.002453127737865779, "precision_score": 0.0012280701754385965, "recall_score": 1.0, "roc_auc_score": 0.9909159377184052, "train_percent": 0.4, "reduced_by": 3}