{"estimator": {"params": {"metric": "manhattan", "shrink_threshold": null}, "runtime": "0:00:00.130552", "classifier": "NearestCentroid(metric='manhattan', shrink_threshold=None)"}, "accuracy_score": 0.9985677741525358, "balanced_accuracy": 0.7492896149751461, "confusion_matrix": [[260755, 371], [3, 3]], "f1_score": 0.015789473684210527, "precision_score": 0.008021390374331552, "recall_score": 0.5, "roc_auc_score": 0.7492896149751462, "train_percent": 0.5, "reduced_by": 3}