{"estimator": {"params": {"metric": "manhattan", "shrink_threshold": null}, "runtime": "0:00:00.049357", "classifier": "NearestCentroid(metric='manhattan', shrink_threshold=None)"}, "accuracy_score": 0.5253545910205822, "balanced_accuracy": 0.762672118551841, "confusion_matrix": [[216746, 195833], [0, 9]], "f1_score": 9.190660246820287e-05, "precision_score": 4.5955413037040066e-05, "recall_score": 1.0, "roc_auc_score": 0.762672118551841, "train_percent": 0.21, "reduced_by": 2}