{"estimator": {"params": {"metric": "manhattan", "shrink_threshold": null}, "runtime": "0:00:00.030972", "classifier": "NearestCentroid(metric='manhattan', shrink_threshold=None)"}, "accuracy_score": 0.9971767754130952, "balanced_accuracy": 0.9985883589520042, "confusion_matrix": [[489532, 1386], [0, 10]], "f1_score": 0.01422475106685633, "precision_score": 0.0071633237822349575, "recall_score": 1.0, "roc_auc_score": 0.9985883589520043, "train_percent": 0.06, "reduced_by": 2}