{"estimator": {"params": {"metric": "manhattan", "shrink_threshold": null}, "runtime": "0:00:00.090221", "classifier": "NearestCentroid(metric='manhattan', shrink_threshold=None)"}, "accuracy_score": 0.9947300358498958, "balanced_accuracy": 0.997364963589659, "confusion_matrix": [[337675, 1789], [0, 7]], "f1_score": 0.007764836383804771, "precision_score": 0.0038975501113585748, "recall_score": 1.0, "roc_auc_score": 0.997364963589659, "train_percent": 0.35, "reduced_by": 1}