{"estimator": {"params": {"metric": "manhattan", "shrink_threshold": null}, "runtime": "0:00:00.119272", "classifier": "NearestCentroid(metric='manhattan', shrink_threshold=None)"}, "accuracy_score": 0.9605850177751964, "balanced_accuracy": 0.9802920686386831, "confusion_matrix": [[301000, 12351], [0, 7]], "f1_score": 0.0011322280630812777, "precision_score": 0.0005664346981712251, "recall_score": 1.0, "roc_auc_score": 0.9802920686386831, "train_percent": 0.4, "reduced_by": 0}