{"estimator": {"params": {"metric": "manhattan", "shrink_threshold": null}, "runtime": "0:00:00.037435", "classifier": "NearestCentroid(metric='manhattan', shrink_threshold=None)"}, "accuracy_score": 0.9985958545797707, "balanced_accuracy": 0.7215258338677503, "confusion_matrix": [[438081, 611], [5, 4]], "f1_score": 0.01282051282051282, "precision_score": 0.0065040650406504065, "recall_score": 0.4444444444444444, "roc_auc_score": 0.7215258338677503, "train_percent": 0.16, "reduced_by": 4}