{"estimator": {"params": {"metric": "manhattan", "shrink_threshold": null}, "runtime": "0:00:00.066818", "classifier": "NearestCentroid(metric='manhattan', shrink_threshold=None)"}, "accuracy_score": 0.8931832589430105, "balanced_accuracy": 0.9465905238998413, "confusion_matrix": [[345185, 41282], [0, 8]], "f1_score": 0.00038742796261320164, "precision_score": 0.00019375151368370065, "recall_score": 1.0, "roc_auc_score": 0.9465905238998413, "train_percent": 0.26, "reduced_by": 0}