{"estimator": {"params": {"metric": "manhattan", "shrink_threshold": null}, "runtime": "0:00:00.032618", "classifier": "NearestCentroid(metric='manhattan', shrink_threshold=None)"}, "accuracy_score": 0.9993760958660972, "balanced_accuracy": 0.7496934198212153, "confusion_matrix": [[464520, 285], [5, 5]], "f1_score": 0.03333333333333333, "precision_score": 0.017241379310344827, "recall_score": 0.5, "roc_auc_score": 0.7496934198212154, "train_percent": 0.11, "reduced_by": 4}