{"estimator": {"params": {"metric": "manhattan", "shrink_threshold": null}, "runtime": "0:00:00.135729", "classifier": "NearestCentroid(metric='manhattan', shrink_threshold=None)"}, "accuracy_score": 0.9986213859249073, "balanced_accuracy": 0.6659843080733001, "confusion_matrix": [[286847, 392], [4, 2]], "f1_score": 0.009999999999999998, "precision_score": 0.005076142131979695, "recall_score": 0.3333333333333333, "roc_auc_score": 0.6659843080733001, "train_percent": 0.45, "reduced_by": 0}