{"estimator": {"params": {"metric": "manhattan", "shrink_threshold": null}, "runtime": "0:00:00.070514", "classifier": "NearestCentroid(metric='manhattan', shrink_threshold=None)"}, "accuracy_score": 0.998618280613235, "balanced_accuracy": 0.7493143010916844, "confusion_matrix": [[385937, 530], [4, 4]], "f1_score": 0.014760147601476014, "precision_score": 0.00749063670411985, "recall_score": 0.5, "roc_auc_score": 0.7493143010916843, "train_percent": 0.26, "reduced_by": 1}