{"estimator": {"params": {"metric": "manhattan", "shrink_threshold": null}, "runtime": "0:00:00.095598", "classifier": "NearestCentroid(metric='manhattan', shrink_threshold=None)"}, "accuracy_score": 0.9985792625951626, "balanced_accuracy": 0.7492953593284468, "confusion_matrix": [[260758, 368], [3, 3]], "f1_score": 0.015915119363395226, "precision_score": 0.008086253369272238, "recall_score": 0.5, "roc_auc_score": 0.7492953593284468, "train_percent": 0.5, "reduced_by": 4}