{"estimator": {"params": {"metric": "manhattan", "shrink_threshold": null}, "runtime": "0:00:00.042035", "classifier": "NearestCentroid(metric='manhattan', shrink_threshold=None)"}, "accuracy_score": 0.9985912956660686, "balanced_accuracy": 0.721523554364135, "confusion_matrix": [[438079, 613], [5, 4]], "f1_score": 0.012779552715654952, "precision_score": 0.006482982171799027, "recall_score": 0.4444444444444444, "roc_auc_score": 0.7215235543641351, "train_percent": 0.16, "reduced_by": 3}