{"estimator": {"params": {"metric": "manhattan", "shrink_threshold": null}, "runtime": "0:00:00.057884", "classifier": "NearestCentroid(metric='manhattan', shrink_threshold=None)"}, "accuracy_score": 0.9986079306552818, "balanced_accuracy": 0.9993039509194834, "confusion_matrix": [[385929, 538], [0, 8]], "f1_score": 0.02888086642599278, "precision_score": 0.014652014652014652, "recall_score": 1.0, "roc_auc_score": 0.9993039509194834, "train_percent": 0.26, "reduced_by": 4}