{"estimator": {"params": {"metric": "manhattan", "shrink_threshold": null}, "runtime": "0:00:00.136048", "classifier": "NearestCentroid(metric='manhattan', shrink_threshold=None)"}, "accuracy_score": 0.9985552403000922, "balanced_accuracy": 0.7492828271926862, "confusion_matrix": [[286827, 412], [3, 3]], "f1_score": 0.014251781472684086, "precision_score": 0.007228915662650603, "recall_score": 0.5, "roc_auc_score": 0.7492828271926862, "train_percent": 0.45, "reduced_by": 2}