{"estimator": {"params": {"metric": "manhattan", "shrink_threshold": null}, "runtime": "0:00:00.095835", "classifier": "NearestCentroid(metric='manhattan', shrink_threshold=None)"}, "accuracy_score": 0.5141569043847587, "balanced_accuracy": 0.7570733779187366, "confusion_matrix": [[147683, 139556], [0, 6]], "f1_score": 8.597959417631549e-05, "precision_score": 4.2991645290265255e-05, "recall_score": 1.0, "roc_auc_score": 0.7570733779187366, "train_percent": 0.45, "reduced_by": 4}