{"estimator": {"params": {"metric": "manhattan", "shrink_threshold": null}, "runtime": "0:00:00.061844", "classifier": "NearestCentroid(metric='manhattan', shrink_threshold=None)"}, "accuracy_score": 0.9985639454572808, "balanced_accuracy": 0.7492874278195838, "confusion_matrix": [[365056, 521], [4, 4]], "f1_score": 0.0150093808630394, "precision_score": 0.007619047619047619, "recall_score": 0.5, "roc_auc_score": 0.7492874278195839, "train_percent": 0.3, "reduced_by": 3}