{"estimator": {"params": {"metric": "manhattan", "shrink_threshold": null}, "runtime": "0:00:00.042202", "classifier": "NearestCentroid(metric='manhattan', shrink_threshold=None)"}, "accuracy_score": 0.929819390510203, "balanced_accuracy": 0.9649089403083013, "confusion_matrix": [[432184, 32621], [0, 10]], "f1_score": 0.0006127263257865874, "precision_score": 0.00030645705004443626, "recall_score": 1.0, "roc_auc_score": 0.9649089403083013, "train_percent": 0.11, "reduced_by": 0}