{"estimator": {"params": {"metric": "manhattan", "shrink_threshold": null}, "runtime": "0:00:00.050447", "classifier": "NearestCentroid(metric='manhattan', shrink_threshold=None)"}, "accuracy_score": 0.9986898013188042, "balanced_accuracy": 0.7493502651649617, "confusion_matrix": [[464201, 604], [5, 5]], "f1_score": 0.01615508885298869, "precision_score": 0.008210180623973728, "recall_score": 0.5, "roc_auc_score": 0.7493502651649616, "train_percent": 0.11, "reduced_by": 3}