{"estimator": {"params": {"metric": "manhattan", "shrink_threshold": null}, "runtime": "0:00:00.044579", "classifier": "NearestCentroid(metric='manhattan', shrink_threshold=None)"}, "accuracy_score": 0.9985918155641947, "balanced_accuracy": 0.721524174090834, "confusion_matrix": [[412003, 576], [5, 4]], "f1_score": 0.01358234295415959, "precision_score": 0.006896551724137931, "recall_score": 0.4444444444444444, "roc_auc_score": 0.721524174090834, "train_percent": 0.21, "reduced_by": 3}