{"estimator": {"params": {"metric": "manhattan", "shrink_threshold": null}, "runtime": "0:00:00.081879", "classifier": "NearestCentroid(metric='manhattan', shrink_threshold=None)"}, "accuracy_score": 0.9785220947248929, "balanced_accuracy": 0.9892608123596397, "confusion_matrix": [[357725, 7852], [0, 8]], "f1_score": 0.0020335536349771225, "precision_score": 0.0010178117048346056, "recall_score": 1.0, "roc_auc_score": 0.9892608123596397, "train_percent": 0.3, "reduced_by": 4}