{"estimator": {"params": {"metric": "manhattan", "shrink_threshold": null}, "runtime": "0:00:00.076125", "classifier": "NearestCentroid(metric='manhattan', shrink_threshold=None)"}, "accuracy_score": 0.5142589499544881, "balanced_accuracy": 0.7571244668064949, "confusion_matrix": [[174569, 164895], [0, 7]], "f1_score": 8.489530589597899e-05, "precision_score": 4.2449454827715854e-05, "recall_score": 1.0, "roc_auc_score": 0.7571244668064949, "train_percent": 0.35, "reduced_by": 3}