{"estimator": {"params": {"metric": "manhattan", "shrink_threshold": null}, "runtime": "0:00:00.082648", "classifier": "NearestCentroid(metric='manhattan', shrink_threshold=None)"}, "accuracy_score": 0.9986184386884299, "balanced_accuracy": 0.642173712508122, "confusion_matrix": [[339000, 464], [5, 2]], "f1_score": 0.008456659619450317, "precision_score": 0.004291845493562232, "recall_score": 0.2857142857142857, "roc_auc_score": 0.642173712508122, "train_percent": 0.35, "reduced_by": 1}