{"estimator": {"params": {"metric": "manhattan", "shrink_threshold": null}, "runtime": "0:00:00.027832", "classifier": "NearestCentroid(metric='manhattan', shrink_threshold=None)"}, "accuracy_score": 0.8951475572792752, "balanced_accuracy": 0.9475727107174722, "confusion_matrix": [[439443, 51475], [0, 10]], "f1_score": 0.00038838722206039424, "precision_score": 0.00019423132951345052, "recall_score": 1.0, "roc_auc_score": 0.9475727107174722, "train_percent": 0.06, "reduced_by": 3}