{"estimator": {"params": {"metric": "manhattan", "shrink_threshold": null}, "runtime": "0:00:00.137482", "classifier": "NearestCentroid(metric='manhattan', shrink_threshold=None)"}, "accuracy_score": 0.994696168987332, "balanced_accuracy": 0.9973480235595077, "confusion_matrix": [[259741, 1385], [0, 6]], "f1_score": 0.008589835361488904, "precision_score": 0.004313443565780014, "recall_score": 1.0, "roc_auc_score": 0.9973480235595077, "train_percent": 0.5, "reduced_by": 2}