{"estimator": {"params": {"metric": "manhattan", "shrink_threshold": null}, "runtime": "0:00:00.039664", "classifier": "NearestCentroid(metric='manhattan', shrink_threshold=None)"}, "accuracy_score": 0.998674741563848, "balanced_accuracy": 0.7493427351254827, "confusion_matrix": [[464194, 611], [5, 5]], "f1_score": 0.01597444089456869, "precision_score": 0.008116883116883116, "recall_score": 0.5, "roc_auc_score": 0.7493427351254828, "train_percent": 0.11, "reduced_by": 1}