{"estimator": {"params": {"metric": "manhattan", "shrink_threshold": null}, "runtime": "0:00:00.161100", "classifier": "NearestCentroid(metric='manhattan', shrink_threshold=None)"}, "accuracy_score": 0.9986387926682797, "balanced_accuracy": 0.6659930116267869, "confusion_matrix": [[286852, 387], [4, 2]], "f1_score": 0.010126582278481013, "precision_score": 0.005141388174807198, "recall_score": 0.3333333333333333, "roc_auc_score": 0.6659930116267869, "train_percent": 0.45, "reduced_by": 0}