{"estimator": {"params": {"metric": "manhattan", "shrink_threshold": null}, "runtime": "0:00:00.083082", "classifier": "NearestCentroid(metric='manhattan', shrink_threshold=None)"}, "accuracy_score": 0.9991256007505792, "balanced_accuracy": 0.9995627906086146, "confusion_matrix": [[313077, 274], [0, 7]], "f1_score": 0.04861111111111111, "precision_score": 0.02491103202846975, "recall_score": 1.0, "roc_auc_score": 0.9995627906086146, "train_percent": 0.4, "reduced_by": 4}