{"estimator": {"params": {"metric": "manhattan", "shrink_threshold": null}, "runtime": "0:00:00.061405", "classifier": "NearestCentroid(metric='manhattan', shrink_threshold=None)"}, "accuracy_score": 0.9842018905885922, "balanced_accuracy": 0.9921007824099168, "confusion_matrix": [[334101, 5363], [0, 7]], "f1_score": 0.0026036823507532077, "precision_score": 0.0013035381750465549, "recall_score": 1.0, "roc_auc_score": 0.9921007824099168, "train_percent": 0.35, "reduced_by": 4}