{"estimator": {"params": {"metric": "manhattan", "shrink_threshold": null}, "runtime": "0:00:00.089878", "classifier": "NearestCentroid(metric='manhattan', shrink_threshold=None)"}, "accuracy_score": 0.9986179045762328, "balanced_accuracy": 0.7493141599852388, "confusion_matrix": [[286845, 394], [3, 3]], "f1_score": 0.01488833746898263, "precision_score": 0.007556675062972292, "recall_score": 0.5, "roc_auc_score": 0.7493141599852386, "train_percent": 0.45, "reduced_by": 3}