{"estimator": {"params": {"metric": "manhattan", "shrink_threshold": null}, "runtime": "0:00:00.068644", "classifier": "NearestCentroid(metric='manhattan', shrink_threshold=None)"}, "accuracy_score": 0.5132158048059958, "balanced_accuracy": 0.7566025762014569, "confusion_matrix": [[187616, 177961], [0, 8]], "f1_score": 8.98992566455216e-05, "precision_score": 4.4951648882670574e-05, "recall_score": 1.0, "roc_auc_score": 0.7566025762014569, "train_percent": 0.3, "reduced_by": 1}