{"estimator": {"params": {"metric": "manhattan", "shrink_threshold": null}, "runtime": "0:00:00.082702", "classifier": "NearestCentroid(metric='manhattan', shrink_threshold=None)"}, "accuracy_score": 0.997523772559674, "balanced_accuracy": 0.9987618606504566, "confusion_matrix": [[385510, 957], [0, 8]], "f1_score": 0.01644398766700925, "precision_score": 0.008290155440414507, "recall_score": 1.0, "roc_auc_score": 0.9987618606504566, "train_percent": 0.26, "reduced_by": 3}