{"estimator": {"params": {"metric": "manhattan", "shrink_threshold": null}, "runtime": "0:00:00.030884", "classifier": "NearestCentroid(metric='manhattan', shrink_threshold=None)"}, "accuracy_score": 0.9986922725939446, "balanced_accuracy": 0.7493512154779414, "confusion_matrix": [[490281, 637], [5, 5]], "f1_score": 0.015337423312883437, "precision_score": 0.00778816199376947, "recall_score": 0.5, "roc_auc_score": 0.7493512154779413, "train_percent": 0.06, "reduced_by": 2}