{"estimator": {"params": {"metric": "manhattan", "shrink_threshold": null}, "runtime": "0:00:00.066723", "classifier": "NearestCentroid(metric='manhattan', shrink_threshold=None)"}, "accuracy_score": 0.9985935751229197, "balanced_accuracy": 0.8326335257234385, "confusion_matrix": [[438078, 614], [3, 6]], "f1_score": 0.01907790143084261, "precision_score": 0.00967741935483871, "recall_score": 0.6666666666666666, "roc_auc_score": 0.8326335257234384, "train_percent": 0.16, "reduced_by": 1}