{"estimator": {"params": {"metric": "manhattan", "shrink_threshold": null}, "runtime": "0:00:00.068295", "classifier": "NearestCentroid(metric='manhattan', shrink_threshold=None)"}, "accuracy_score": 0.9985584747733085, "balanced_accuracy": 0.9992792216140511, "confusion_matrix": [[365050, 527], [0, 8]], "f1_score": 0.029465930018416207, "precision_score": 0.014953271028037384, "recall_score": 1.0, "roc_auc_score": 0.9992792216140511, "train_percent": 0.3, "reduced_by": 4}