{"estimator": {"params": {"metric": "manhattan", "shrink_threshold": null}, "runtime": "0:00:00.061173", "classifier": "NearestCentroid(metric='manhattan', shrink_threshold=None)"}, "accuracy_score": 0.9986706237947399, "balanced_accuracy": 0.749340768155546, "confusion_matrix": [[365095, 482], [4, 4]], "f1_score": 0.01619433198380567, "precision_score": 0.00823045267489712, "recall_score": 0.5, "roc_auc_score": 0.7493407681555458, "train_percent": 0.3, "reduced_by": 3}