{"estimator": {"params": {"metric": "manhattan", "shrink_threshold": null}, "runtime": "0:00:00.078540", "classifier": "NearestCentroid(metric='manhattan', shrink_threshold=None)"}, "accuracy_score": 0.9986469150300934, "balanced_accuracy": 0.7136155393062185, "confusion_matrix": [[312931, 420], [4, 3]], "f1_score": 0.013953488372093021, "precision_score": 0.0070921985815602835, "recall_score": 0.42857142857142855, "roc_auc_score": 0.7136155393062185, "train_percent": 0.4, "reduced_by": 3}