{"estimator": {"params": {"metric": "manhattan", "shrink_threshold": null}, "runtime": "0:00:00.039303", "classifier": "NearestCentroid(metric='manhattan', shrink_threshold=None)"}, "accuracy_score": 0.8871378935705603, "balanced_accuracy": 0.9435677327051128, "confusion_matrix": [[412345, 52460], [0, 10]], "f1_score": 0.00038109756097560977, "precision_score": 0.0001905850962454736, "recall_score": 1.0, "roc_auc_score": 0.943567732705113, "train_percent": 0.11, "reduced_by": 1}