{"estimator": {"params": {"metric": "manhattan", "shrink_threshold": null}, "runtime": "0:00:00.046082", "classifier": "NearestCentroid(metric='manhattan', shrink_threshold=None)"}, "accuracy_score": 0.9334398599501711, "balanced_accuracy": 0.9667192472167261, "confusion_matrix": [[409492, 29200], [0, 9]], "f1_score": 0.0006160585940173864, "precision_score": 0.0003081242082919648, "recall_score": 1.0, "roc_auc_score": 0.9667192472167261, "train_percent": 0.16, "reduced_by": 1}