{"estimator": {"params": {"metric": "manhattan", "shrink_threshold": null}, "runtime": "0:00:00.056681", "classifier": "NearestCentroid(metric='manhattan', shrink_threshold=None)"}, "accuracy_score": 0.9986756355695565, "balanced_accuracy": 0.7215657251810179, "confusion_matrix": [[438116, 576], [5, 4]], "f1_score": 0.01358234295415959, "precision_score": 0.006896551724137931, "recall_score": 0.4444444444444444, "roc_auc_score": 0.7215657251810179, "train_percent": 0.16, "reduced_by": 1}