{"estimator": {"params": {"metric": "manhattan", "shrink_threshold": null}, "runtime": "0:00:00.032624", "classifier": "NearestCentroid(metric='manhattan', shrink_threshold=None)"}, "accuracy_score": 0.9986698660496041, "balanced_accuracy": 0.7493400119775604, "confusion_matrix": [[490270, 648], [5, 5]], "f1_score": 0.015082956259426846, "precision_score": 0.007656967840735069, "recall_score": 0.5, "roc_auc_score": 0.7493400119775604, "train_percent": 0.06, "reduced_by": 3}