{"estimator": {"params": {"metric": "manhattan", "shrink_threshold": null}, "runtime": "0:00:00.035780", "classifier": "NearestCentroid(metric='manhattan', shrink_threshold=None)"}, "accuracy_score": 0.9986188053311532, "balanced_accuracy": 0.9993093878077903, "confusion_matrix": [[464163, 642], [0, 10]], "f1_score": 0.030211480362537766, "precision_score": 0.015337423312883436, "recall_score": 1.0, "roc_auc_score": 0.9993093878077904, "train_percent": 0.11, "reduced_by": 4}