{"estimator": {"params": {"metric": "manhattan", "shrink_threshold": null}, "runtime": "0:00:00.085636", "classifier": "NearestCentroid(metric='manhattan', shrink_threshold=None)"}, "accuracy_score": 0.9986131816130311, "balanced_accuracy": 0.7493120464361818, "confusion_matrix": [[365074, 503], [4, 4]], "f1_score": 0.015533980582524271, "precision_score": 0.007889546351084813, "recall_score": 0.5, "roc_auc_score": 0.7493120464361817, "train_percent": 0.3, "reduced_by": 4}