{"estimator": {"params": {"metric": "manhattan", "shrink_threshold": null}, "runtime": "0:00:00.124775", "classifier": "NearestCentroid(metric='manhattan', shrink_threshold=None)"}, "accuracy_score": 0.512173919703445, "balanced_accuracy": 0.7560813553610135, "confusion_matrix": [[133739, 127387], [0, 6]], "f1_score": 9.4192262105668e-05, "precision_score": 4.709834920286044e-05, "recall_score": 1.0, "roc_auc_score": 0.7560813553610135, "train_percent": 0.5, "reduced_by": 2}