{"estimator": {"params": {"metric": "manhattan", "shrink_threshold": null}, "runtime": "0:00:00.061413", "classifier": "NearestCentroid(metric='manhattan', shrink_threshold=None)"}, "accuracy_score": 0.9986478962856916, "balanced_accuracy": 0.7136155401288081, "confusion_matrix": [[339009, 455], [4, 3]], "f1_score": 0.012903225806451611, "precision_score": 0.006550218340611353, "recall_score": 0.42857142857142855, "roc_auc_score": 0.7136155401288081, "train_percent": 0.35, "reduced_by": 4}