{"estimator": {"params": {"metric": "manhattan", "shrink_threshold": null}, "runtime": "0:00:00.117208", "classifier": "NearestCentroid(metric='manhattan', shrink_threshold=None)"}, "accuracy_score": 0.9986118114105911, "balanced_accuracy": 0.7850249628782329, "confusion_matrix": [[312919, 432], [3, 4]], "f1_score": 0.018058690744920995, "precision_score": 0.009174311926605505, "recall_score": 0.5714285714285714, "roc_auc_score": 0.7850249628782328, "train_percent": 0.4, "reduced_by": 1}