{"estimator": {"params": {"metric": "manhattan", "shrink_threshold": null}, "runtime": "0:00:00.035271", "classifier": "NearestCentroid(metric='manhattan', shrink_threshold=None)"}, "accuracy_score": 0.9950087669287782, "balanced_accuracy": 0.9975043297727004, "confusion_matrix": [[462485, 2320], [0, 10]], "f1_score": 0.008547008547008546, "precision_score": 0.004291845493562232, "recall_score": 1.0, "roc_auc_score": 0.9975043297727003, "train_percent": 0.11, "reduced_by": 3}