{"estimator": {"params": {"metric": "manhattan", "shrink_threshold": null}, "runtime": "0:00:00.044390", "classifier": "NearestCentroid(metric='manhattan', shrink_threshold=None)"}, "accuracy_score": 0.9822316693650809, "balanced_accuracy": 0.9911156408833217, "confusion_matrix": [[405248, 7331], [0, 9]], "f1_score": 0.0024493128316777795, "precision_score": 0.001226158038147139, "recall_score": 1.0, "roc_auc_score": 0.9911156408833217, "train_percent": 0.21, "reduced_by": 4}