{"estimator": {"params": {"metric": "manhattan", "shrink_threshold": null}, "runtime": "0:00:00.035051", "classifier": "NearestCentroid(metric='manhattan', shrink_threshold=None)"}, "accuracy_score": 0.9946855750741453, "balanced_accuracy": 0.997342733409653, "confusion_matrix": [[488309, 2609], [0, 10]], "f1_score": 0.007607455306200076, "precision_score": 0.0038182512409316535, "recall_score": 1.0, "roc_auc_score": 0.997342733409653, "train_percent": 0.06, "reduced_by": 0}