{"estimator": {"params": {"metric": "manhattan", "shrink_threshold": null}, "runtime": "0:00:00.040161", "classifier": "NearestCentroid(metric='manhattan', shrink_threshold=None)"}, "accuracy_score": 0.5136847192051078, "balanced_accuracy": 0.7568373710940706, "confusion_matrix": [[225345, 213347], [0, 9]], "f1_score": 8.436247744475428e-05, "precision_score": 4.2183018054331724e-05, "recall_score": 1.0, "roc_auc_score": 0.7568373710940706, "train_percent": 0.16, "reduced_by": 3}