{"estimator": {"params": {"metric": "manhattan", "shrink_threshold": null}, "runtime": "0:00:00.110052", "classifier": "NearestCentroid(metric='manhattan', shrink_threshold=None)"}, "accuracy_score": 0.9961135907885375, "balanced_accuracy": 0.9980567551692641, "confusion_matrix": [[384965, 1502], [0, 8]], "f1_score": 0.010540184453227932, "precision_score": 0.005298013245033113, "recall_score": 1.0, "roc_auc_score": 0.9980567551692641, "train_percent": 0.26, "reduced_by": 0}