{"estimator": {"params": {"metric": "manhattan", "shrink_threshold": null}, "runtime": "0:00:00.098345", "classifier": "NearestCentroid(metric='manhattan', shrink_threshold=None)"}, "accuracy_score": 0.980982175207897, "balanced_accuracy": 0.990490891523107, "confusion_matrix": [[333008, 6456], [0, 7]], "f1_score": 0.002163833075734157, "precision_score": 0.0010830883490639022, "recall_score": 1.0, "roc_auc_score": 0.9904908915231071, "train_percent": 0.35, "reduced_by": 2}