{"estimator": {"params": {"metric": "manhattan", "shrink_threshold": null}, "runtime": "0:00:00.058942", "classifier": "NearestCentroid(metric='manhattan', shrink_threshold=None)"}, "accuracy_score": 0.9985796969373806, "balanced_accuracy": 0.7215181146452491, "confusion_matrix": [[411998, 581], [5, 4]], "f1_score": 0.01346801346801347, "precision_score": 0.006837606837606838, "recall_score": 0.4444444444444444, "roc_auc_score": 0.7215181146452491, "train_percent": 0.21, "reduced_by": 0}