{"estimator": {"params": {"metric": "manhattan", "shrink_threshold": null}, "runtime": "0:00:00.036586", "classifier": "NearestCentroid(metric='manhattan', shrink_threshold=None)"}, "accuracy_score": 0.997488430075286, "balanced_accuracy": 0.9987441894573024, "confusion_matrix": [[489685, 1233], [0, 10]], "f1_score": 0.01596169193934557, "precision_score": 0.008045052292839904, "recall_score": 1.0, "roc_auc_score": 0.9987441894573024, "train_percent": 0.06, "reduced_by": 3}