{"estimator": {"params": {"metric": "manhattan", "shrink_threshold": null}, "runtime": "0:00:00.121730", "classifier": "NearestCentroid(metric='manhattan', shrink_threshold=None)"}, "accuracy_score": 0.9986086201724546, "balanced_accuracy": 0.6421694156758031, "confusion_matrix": [[312920, 431], [5, 2]], "f1_score": 0.009090909090909092, "precision_score": 0.004618937644341801, "recall_score": 0.2857142857142857, "roc_auc_score": 0.642169415675803, "train_percent": 0.4, "reduced_by": 1}