{"estimator": {"params": {"metric": "manhattan", "shrink_threshold": null}, "runtime": "0:00:00.054582", "classifier": "NearestCentroid(metric='manhattan', shrink_threshold=None)"}, "accuracy_score": 0.9986286305711883, "balanced_accuracy": 0.7493194761777848, "confusion_matrix": [[385941, 526], [4, 4]], "f1_score": 0.01486988847583643, "precision_score": 0.007547169811320755, "recall_score": 0.5, "roc_auc_score": 0.7493194761777849, "train_percent": 0.26, "reduced_by": 2}