{"estimator": {"params": {"metric": "manhattan", "shrink_threshold": null}, "runtime": "0:00:00.051676", "classifier": "NearestCentroid(metric='manhattan', shrink_threshold=None)"}, "accuracy_score": 0.8809056213209134, "balanced_accuracy": 0.9404515780131292, "confusion_matrix": [[340440, 46027], [0, 8]], "f1_score": 0.00034750124883261294, "precision_score": 0.00017378081894210926, "recall_score": 1.0, "roc_auc_score": 0.9404515780131292, "train_percent": 0.26, "reduced_by": 3}