{"estimator": {"params": {"metric": "manhattan", "shrink_threshold": null}, "runtime": "0:00:00.083700", "classifier": "NearestCentroid(metric='manhattan', shrink_threshold=None)"}, "accuracy_score": 0.9951807370879987, "balanced_accuracy": 0.9975903188556077, "confusion_matrix": [[337828, 1636], [0, 7]], "f1_score": 0.008484848484848486, "precision_score": 0.00426049908703591, "recall_score": 1.0, "roc_auc_score": 0.9975903188556077, "train_percent": 0.35, "reduced_by": 1}