{"estimator": {"params": {"metric": "manhattan", "shrink_threshold": null}, "runtime": "0:00:00.104764", "classifier": "NearestCentroid(metric='manhattan', shrink_threshold=None)"}, "accuracy_score": 0.8824596195139297, "balanced_accuracy": 0.9412285236762707, "confusion_matrix": [[322606, 42971], [0, 8]], "f1_score": 0.00037220555051527206, "precision_score": 0.00018613741594732312, "recall_score": 1.0, "roc_auc_score": 0.9412285236762706, "train_percent": 0.3, "reduced_by": 2}