{"estimator": {"params": {"metric": "manhattan", "shrink_threshold": null}, "runtime": "0:00:00.158024", "classifier": "NearestCentroid(metric='manhattan', shrink_threshold=None)"}, "accuracy_score": 0.5116416218617404, "balanced_accuracy": 0.7558152003247474, "confusion_matrix": [[133600, 127526], [0, 6]], "f1_score": 9.408960466684439e-05, "precision_score": 4.7047015650973876e-05, "recall_score": 1.0, "roc_auc_score": 0.7558152003247475, "train_percent": 0.5, "reduced_by": 0}