{"estimator": {"params": {"metric": "manhattan", "shrink_threshold": null}, "runtime": "0:00:00.041876", "classifier": "NearestCentroid(metric='manhattan', shrink_threshold=None)"}, "accuracy_score": 0.9985966630149204, "balanced_accuracy": 0.7770809415355067, "confusion_matrix": [[412004, 575], [4, 5]], "f1_score": 0.01697792869269949, "precision_score": 0.008620689655172414, "recall_score": 0.5555555555555556, "roc_auc_score": 0.7770809415355067, "train_percent": 0.21, "reduced_by": 4}