{"estimator": {"params": {"metric": "manhattan", "shrink_threshold": null}, "runtime": "0:00:00.056065", "classifier": "NearestCentroid(metric='manhattan', shrink_threshold=None)"}, "accuracy_score": 0.9973435970023364, "balanced_accuracy": 0.9986717695277754, "confusion_matrix": [[411483, 1096], [0, 9]], "f1_score": 0.016157989228007184, "precision_score": 0.008144796380090498, "recall_score": 1.0, "roc_auc_score": 0.9986717695277754, "train_percent": 0.21, "reduced_by": 2}