{"estimator": {"params": {"metric": "manhattan", "shrink_threshold": null}, "runtime": "0:00:00.092009", "classifier": "NearestCentroid(metric='manhattan', shrink_threshold=None)"}, "accuracy_score": 0.9816088946189343, "balanced_accuracy": 0.9908042418884893, "confusion_matrix": [[307588, 5763], [0, 7]], "f1_score": 0.0024234031504240952, "precision_score": 0.0012131715771230502, "recall_score": 1.0, "roc_auc_score": 0.9908042418884893, "train_percent": 0.4, "reduced_by": 2}