{"estimator": {"params": {"metric": "manhattan", "shrink_threshold": null}, "runtime": "0:00:00.025471", "classifier": "NearestCentroid(metric='manhattan', shrink_threshold=None)"}, "accuracy_score": 0.9983270219860962, "balanced_accuracy": 0.9991523846341079, "confusion_matrix": [[348623, 592], [0, 4645]], "f1_score": 0.9400930985630439, "precision_score": 0.8869581821653618, "recall_score": 1.0, "roc_auc_score": 0.9991523846341079, "train_percent": 0.11, "reduced_by": 4}