{"estimator": {"params": {"metric": "manhattan", "shrink_threshold": null}, "runtime": "0:00:00.062653", "classifier": "NearestCentroid(metric='manhattan', shrink_threshold=None)"}, "accuracy_score": 0.9983206738973135, "balanced_accuracy": 0.9991491697543571, "confusion_matrix": [[254611, 434], [0, 3392]], "f1_score": 0.9398725408700471, "precision_score": 0.886565603763722, "recall_score": 1.0, "roc_auc_score": 0.9991491697543571, "train_percent": 0.35, "reduced_by": 2}