{"estimator": {"params": {"metric": "manhattan", "shrink_threshold": null}, "runtime": "0:00:00.048973", "classifier": "NearestCentroid(metric='manhattan', shrink_threshold=None)"}, "accuracy_score": 0.9984290175168417, "balanced_accuracy": 0.9992040620282695, "confusion_matrix": [[254639, 406], [0, 3392]], "f1_score": 0.9435326842837274, "precision_score": 0.8931016324381253, "recall_score": 1.0, "roc_auc_score": 0.9992040620282695, "train_percent": 0.35, "reduced_by": 4}