{"estimator": {"params": {"metric": "manhattan", "shrink_threshold": null}, "runtime": "0:00:00.027918", "classifier": "NearestCentroid(metric='manhattan', shrink_threshold=None)"}, "accuracy_score": 0.9984033233482168, "balanced_accuracy": 0.9991910427673496, "confusion_matrix": [[348650, 565], [0, 4645]], "f1_score": 0.9426686960933536, "precision_score": 0.8915547024952015, "recall_score": 1.0, "roc_auc_score": 0.9991910427673496, "train_percent": 0.11, "reduced_by": 2}