{"estimator": {"params": {"metric": "manhattan", "shrink_threshold": null}, "runtime": "0:00:00.079239", "classifier": "NearestCentroid(metric='manhattan', shrink_threshold=None)"}, "accuracy_score": 0.9982846909928671, "balanced_accuracy": 0.9991309356331681, "confusion_matrix": [[195847, 341], [0, 2610]], "f1_score": 0.9386800935083619, "precision_score": 0.8844459505252457, "recall_score": 1.0, "roc_auc_score": 0.9991309356331681, "train_percent": 0.5, "reduced_by": 4}