{"estimator": {"params": {"metric": "manhattan", "shrink_threshold": null}, "runtime": "0:00:00.016823", "classifier": "NearestCentroid(metric='manhattan', shrink_threshold=None)"}, "accuracy_score": 0.998343580102637, "balanced_accuracy": 0.9991607736328462, "confusion_matrix": [[387801, 652], [0, 5167]], "f1_score": 0.94065173857637, "precision_score": 0.8879532565732944, "recall_score": 1.0, "roc_auc_score": 0.9991607736328462, "train_percent": 0.01, "reduced_by": 4}