{"estimator": {"params": {"metric": "manhattan", "shrink_threshold": null}, "runtime": "0:00:00.042676", "classifier": "NearestCentroid(metric='manhattan', shrink_threshold=None)"}, "accuracy_score": 0.9983890532026323, "balanced_accuracy": 0.9991838130447968, "confusion_matrix": [[309472, 506], [0, 4123]], "f1_score": 0.9421846435100547, "precision_score": 0.8906891337221862, "recall_score": 1.0, "roc_auc_score": 0.9991838130447968, "train_percent": 0.21, "reduced_by": 3}