{"estimator": {"params": {"metric": "manhattan", "shrink_threshold": null}, "runtime": "0:00:00.053325", "classifier": "NearestCentroid(metric='manhattan', shrink_threshold=None)"}, "accuracy_score": 0.9983609787178745, "balanced_accuracy": 0.9991695904445559, "confusion_matrix": [[235035, 391], [0, 3131]], "f1_score": 0.94122952051706, "precision_score": 0.8889835320840431, "recall_score": 1.0, "roc_auc_score": 0.9991695904445559, "train_percent": 0.4, "reduced_by": 4}