{"estimator": {"params": {"metric": "manhattan", "shrink_threshold": null}, "runtime": "0:00:00.039545", "classifier": "NearestCentroid(metric='manhattan', shrink_threshold=None)"}, "accuracy_score": 0.9982967262122693, "balanced_accuracy": 0.9991370355315539, "confusion_matrix": [[309443, 535], [0, 4123]], "f1_score": 0.9390729985195307, "precision_score": 0.8851438385573207, "recall_score": 1.0, "roc_auc_score": 0.9991370355315539, "train_percent": 0.21, "reduced_by": 2}