{"estimator": {"params": {"metric": "manhattan", "shrink_threshold": null}, "runtime": "0:00:00.030255", "classifier": "NearestCentroid(metric='manhattan', shrink_threshold=None)"}, "accuracy_score": 0.9983383258915955, "balanced_accuracy": 0.9991581117649586, "confusion_matrix": [[348627, 588], [0, 4645]], "f1_score": 0.9404737801174328, "precision_score": 0.8876361551691191, "recall_score": 1.0, "roc_auc_score": 0.9991581117649586, "train_percent": 0.11, "reduced_by": 1}