{"estimator": {"params": {"metric": "manhattan", "shrink_threshold": null}, "runtime": "0:00:00.039711", "classifier": "NearestCentroid(metric='manhattan', shrink_threshold=None)"}, "accuracy_score": 0.9983285631054979, "balanced_accuracy": 0.9991531657085342, "confusion_matrix": [[309453, 525], [0, 4123]], "f1_score": 0.940143655227454, "precision_score": 0.8870481927710844, "recall_score": 1.0, "roc_auc_score": 0.9991531657085341, "train_percent": 0.21, "reduced_by": 1}