{"estimator": {"params": {"metric": "manhattan", "shrink_threshold": null}, "runtime": "0:00:00.057132", "classifier": "NearestCentroid(metric='manhattan', shrink_threshold=None)"}, "accuracy_score": 0.9904928473864036, "balanced_accuracy": 0.9951832029641827, "confusion_matrix": [[252588, 2457], [0, 3392]], "f1_score": 0.7341196840168812, "precision_score": 0.5799281928534792, "recall_score": 1.0, "roc_auc_score": 0.9951832029641827, "train_percent": 0.35, "reduced_by": 1}