{"estimator": {"params": {"metric": "manhattan", "shrink_threshold": null}, "runtime": "0:00:00.018917", "classifier": "NearestCentroid(metric='manhattan', shrink_threshold=None)"}, "accuracy_score": 0.9983459131214155, "balanced_accuracy": 0.9991619555900241, "confusion_matrix": [[391327, 657], [0, 5214]], "f1_score": 0.9407307171853857, "precision_score": 0.8880940214614206, "recall_score": 1.0, "roc_auc_score": 0.9991619555900241, "train_percent": 0.001, "reduced_by": 2}