{"estimator": {"params": {"metric": "manhattan", "shrink_threshold": null}, "runtime": "0:00:00.097210", "classifier": "NearestCentroid(metric='manhattan', shrink_threshold=None)"}, "accuracy_score": 0.9983752351633316, "balanced_accuracy": 0.9991768099985727, "confusion_matrix": [[195865, 323], [0, 2610]], "f1_score": 0.9417283059714956, "precision_score": 0.889873849301057, "recall_score": 1.0, "roc_auc_score": 0.9991768099985727, "train_percent": 0.5, "reduced_by": 3}