{"estimator": {"params": {"metric": "manhattan", "shrink_threshold": null}, "runtime": "0:00:00.079901", "classifier": "NearestCentroid(metric='manhattan', shrink_threshold=None)"}, "accuracy_score": 0.9983316356258672, "balanced_accuracy": 0.9991547237773228, "confusion_matrix": [[235028, 398], [0, 3131]], "f1_score": 0.9402402402402402, "precision_score": 0.8872201756871635, "recall_score": 1.0, "roc_auc_score": 0.9991547237773227, "train_percent": 0.4, "reduced_by": 0}