{"estimator": {"params": {"metric": "manhattan", "shrink_threshold": null}, "runtime": "0:00:00.044823", "classifier": "NearestCentroid(metric='manhattan', shrink_threshold=None)"}, "accuracy_score": 0.9788348333816193, "balanced_accuracy": 0.9892766583434953, "confusion_matrix": [[303330, 6648], [0, 4123]], "f1_score": 0.5536457633946555, "precision_score": 0.3827871135456318, "recall_score": 1.0, "roc_auc_score": 0.9892766583434953, "train_percent": 0.21, "reduced_by": 0}