{"estimator": {"params": {"metric": "manhattan", "shrink_threshold": null}, "runtime": "0:00:00.121052", "classifier": "NearestCentroid(metric='manhattan', shrink_threshold=None)"}, "accuracy_score": 0.998285149855038, "balanced_accuracy": 0.9991311721530249, "confusion_matrix": [[215433, 375], [0, 2870]], "f1_score": 0.9386753883892068, "precision_score": 0.884437596302003, "recall_score": 1.0, "roc_auc_score": 0.9991311721530249, "train_percent": 0.45, "reduced_by": 0}