{"estimator": {"params": {"metric": "manhattan", "shrink_threshold": null}, "runtime": "0:00:00.039968", "classifier": "NearestCentroid(metric='manhattan', shrink_threshold=None)"}, "accuracy_score": 0.9983413828380707, "balanced_accuracy": 0.9991596609714182, "confusion_matrix": [[289871, 488], [0, 3862]], "f1_score": 0.9405747686312713, "precision_score": 0.887816091954023, "recall_score": 1.0, "roc_auc_score": 0.9991596609714181, "train_percent": 0.26, "reduced_by": 4}