{"estimator": {"params": {"metric": "manhattan", "shrink_threshold": null}, "runtime": "0:00:00.083165", "classifier": "NearestCentroid(metric='manhattan', shrink_threshold=None)"}, "accuracy_score": 0.9983112781468613, "balanced_accuracy": 0.9991444091690211, "confusion_matrix": [[274194, 470], [0, 3653]], "f1_score": 0.9395576131687243, "precision_score": 0.8860053359204463, "recall_score": 1.0, "roc_auc_score": 0.9991444091690211, "train_percent": 0.3, "reduced_by": 0}