{"estimator": {"params": {"metric": "manhattan", "shrink_threshold": null}, "runtime": "0:00:00.033482", "classifier": "NearestCentroid(metric='manhattan', shrink_threshold=None)"}, "accuracy_score": 0.9983082819330499, "balanced_accuracy": 0.9991428900836175, "confusion_matrix": [[329031, 565], [0, 4384]], "f1_score": 0.9394621236472731, "precision_score": 0.885835522327743, "recall_score": 1.0, "roc_auc_score": 0.9991428900836175, "train_percent": 0.16, "reduced_by": 3}