{"estimator": {"params": {"metric": "manhattan", "shrink_threshold": null}, "runtime": "0:00:00.026495", "classifier": "NearestCentroid(metric='manhattan', shrink_threshold=None)"}, "accuracy_score": 0.9905308503237544, "balanced_accuracy": 0.9952024487981044, "confusion_matrix": [[365295, 3539], [0, 4906]], "f1_score": 0.7349262227548499, "precision_score": 0.5809354647720545, "recall_score": 1.0, "roc_auc_score": 0.9952024487981044, "train_percent": 0.06, "reduced_by": 1}