{"estimator": {"params": {"metric": "manhattan", "shrink_threshold": null}, "runtime": "0:00:00.037553", "classifier": "NearestCentroid(metric='manhattan', shrink_threshold=None)"}, "accuracy_score": 0.9983855673116467, "balanced_accuracy": 0.9991820470520976, "confusion_matrix": [[289884, 475], [0, 3862]], "f1_score": 0.9420661056226369, "precision_score": 0.8904772884482361, "recall_score": 1.0, "roc_auc_score": 0.9991820470520976, "train_percent": 0.26, "reduced_by": 4}