{"estimator": {"params": {"metric": "manhattan", "shrink_threshold": null}, "runtime": "0:00:00.017257", "classifier": "NearestCentroid(metric='manhattan', shrink_threshold=None)"}, "accuracy_score": 0.9983544316596227, "balanced_accuracy": 0.999166271787713, "confusion_matrix": [[389764, 651], [0, 5193]], "f1_score": 0.9410165805925523, "precision_score": 0.8886036960985626, "recall_score": 1.0, "roc_auc_score": 0.999166271787713, "train_percent": 0.005, "reduced_by": 3}