{"estimator": {"params": {"metric": "manhattan", "shrink_threshold": null}, "runtime": "0:00:00.028314", "classifier": "NearestCentroid(metric='manhattan', shrink_threshold=None)"}, "accuracy_score": 0.9983439778443453, "balanced_accuracy": 0.9991609753303838, "confusion_matrix": [[348629, 586], [0, 4645]], "f1_score": 0.9406642365330092, "precision_score": 0.8879755304913018, "recall_score": 1.0, "roc_auc_score": 0.9991609753303838, "train_percent": 0.11, "reduced_by": 3}