{"estimator": {"params": {"metric": "manhattan", "shrink_threshold": null}, "runtime": "0:00:00.047249", "classifier": "NearestCentroid(metric='manhattan', shrink_threshold=None)"}, "accuracy_score": 0.9983148711720807, "balanced_accuracy": 0.9991462295750444, "confusion_matrix": [[274195, 469], [0, 3653]], "f1_score": 0.93967845659164, "precision_score": 0.886220281416788, "recall_score": 1.0, "roc_auc_score": 0.9991462295750444, "train_percent": 0.3, "reduced_by": 3}