{"estimator": {"params": {"metric": "manhattan", "shrink_threshold": null}, "runtime": "0:00:00.043382", "classifier": "NearestCentroid(metric='manhattan', shrink_threshold=None)"}, "accuracy_score": 0.9983543944494946, "balanced_accuracy": 0.9991662540413013, "confusion_matrix": [[274206, 458], [0, 3653]], "f1_score": 0.9410097887686759, "precision_score": 0.8885915835563123, "recall_score": 1.0, "roc_auc_score": 0.9991662540413014, "train_percent": 0.3, "reduced_by": 4}