{"estimator": {"params": {"metric": "manhattan", "shrink_threshold": null}, "runtime": "0:00:00.042634", "classifier": "NearestCentroid(metric='manhattan', shrink_threshold=None)"}, "accuracy_score": 0.9983292432729586, "balanced_accuracy": 0.9991535111991379, "confusion_matrix": [[274199, 465], [0, 3653]], "f1_score": 0.9401621412945567, "precision_score": 0.8870811073336571, "recall_score": 1.0, "roc_auc_score": 0.9991535111991379, "train_percent": 0.3, "reduced_by": 3}