{"estimator": {"params": {"metric": "manhattan", "shrink_threshold": null}, "runtime": "0:00:00.021446", "classifier": "NearestCentroid(metric='manhattan', shrink_threshold=None)"}, "accuracy_score": 0.9792698833188409, "balanced_accuracy": 0.9894970736267817, "confusion_matrix": [[382214, 8201], [0, 5193]], "f1_score": 0.5587776402862216, "precision_score": 0.3877109153352247, "recall_score": 1.0, "roc_auc_score": 0.9894970736267817, "train_percent": 0.005, "reduced_by": 0}