{"estimator": {"params": {"metric": "manhattan", "shrink_threshold": null}, "runtime": "0:00:00.072167", "classifier": "NearestCentroid(metric='manhattan', shrink_threshold=None)"}, "accuracy_score": 0.998365173525153, "balanced_accuracy": 0.9991717152593714, "confusion_matrix": [[274209, 455], [0, 3653]], "f1_score": 0.9413735343383585, "precision_score": 0.8892405063291139, "recall_score": 1.0, "roc_auc_score": 0.9991717152593714, "train_percent": 0.3, "reduced_by": 2}