{"estimator": {"params": {"metric": "manhattan", "shrink_threshold": null}, "runtime": "0:00:00.068384", "classifier": "NearestCentroid(metric='manhattan', shrink_threshold=None)"}, "accuracy_score": 0.9984154758782252, "balanced_accuracy": 0.9991972009436985, "confusion_matrix": [[274223, 441], [0, 3653]], "f1_score": 0.9430747386084937, "precision_score": 0.8922813873961896, "recall_score": 1.0, "roc_auc_score": 0.9991972009436985, "train_percent": 0.3, "reduced_by": 4}