{"estimator": {"params": {"metric": "manhattan", "shrink_threshold": null}, "runtime": "0:00:00.030482", "classifier": "NearestCentroid(metric='manhattan', shrink_threshold=None)"}, "accuracy_score": 0.9983412180370081, "balanced_accuracy": 0.9991595771793347, "confusion_matrix": [[329042, 554], [0, 4384]], "f1_score": 0.9405706929843382, "precision_score": 0.8878088294856217, "recall_score": 1.0, "roc_auc_score": 0.9991595771793347, "train_percent": 0.16, "reduced_by": 4}