{"estimator": {"params": {"metric": "manhattan", "shrink_threshold": null}, "runtime": "0:00:00.100791", "classifier": "NearestCentroid(metric='manhattan', shrink_threshold=None)"}, "accuracy_score": 0.9984054165534865, "balanced_accuracy": 0.9991921014537077, "confusion_matrix": [[195871, 317], [0, 2610]], "f1_score": 0.9427487809283005, "precision_score": 0.8916979842842501, "recall_score": 1.0, "roc_auc_score": 0.9991921014537077, "train_percent": 0.5, "reduced_by": 1}