{"estimator": {"params": {"metric": "manhattan", "shrink_threshold": null}, "runtime": "0:00:00.078876", "classifier": "NearestCentroid(metric='manhattan', shrink_threshold=None)"}, "accuracy_score": 0.9983217333247972, "balanced_accuracy": 0.9991497071470937, "confusion_matrix": [[215441, 367], [0, 2870]], "f1_score": 0.9399050270181759, "precision_score": 0.8866234167438987, "recall_score": 1.0, "roc_auc_score": 0.9991497071470937, "train_percent": 0.45, "reduced_by": 1}