{"estimator": {"params": {"metric": "manhattan", "shrink_threshold": null}, "runtime": "0:00:00.016852", "classifier": "NearestCentroid(metric='manhattan', shrink_threshold=None)"}, "accuracy_score": 0.9837465369759965, "balanced_accuracy": 0.9917651729569816, "confusion_matrix": [[383985, 6430], [0, 5193]], "f1_score": 0.6176260704091342, "precision_score": 0.4467865439215349, "recall_score": 1.0, "roc_auc_score": 0.9917651729569817, "train_percent": 0.005, "reduced_by": 3}