{"estimator": {"params": {"metric": "manhattan", "shrink_threshold": null}, "runtime": "0:00:00.018695", "classifier": "NearestCentroid(metric='manhattan', shrink_threshold=None)"}, "accuracy_score": 0.9983359585386922, "balanced_accuracy": 0.9991569121618317, "confusion_matrix": [[387798, 655], [0, 5167]], "f1_score": 0.9403949403949404, "precision_score": 0.8874957059429749, "recall_score": 1.0, "roc_auc_score": 0.9991569121618317, "train_percent": 0.01, "reduced_by": 3}