{"estimator": {"params": {"metric": "manhattan", "shrink_threshold": null}, "runtime": "0:00:00.019543", "classifier": "NearestCentroid(metric='manhattan', shrink_threshold=None)"}, "accuracy_score": 0.9892673175595044, "balanced_accuracy": 0.9945622780521655, "confusion_matrix": [[387721, 4263], [0, 5214]], "f1_score": 0.7098223402082908, "precision_score": 0.5501741057296613, "recall_score": 1.0, "roc_auc_score": 0.9945622780521655, "train_percent": 0.001, "reduced_by": 1}