{"estimator": {"params": {"metric": "manhattan", "shrink_threshold": null}, "runtime": "0:00:00.047694", "classifier": "NearestCentroid(metric='manhattan', shrink_threshold=None)"}, "accuracy_score": 0.9786690956797781, "balanced_accuracy": 0.9891926890504513, "confusion_matrix": [[284083, 6276], [0, 3862]], "f1_score": 0.5517142857142857, "precision_score": 0.38094298678240285, "recall_score": 1.0, "roc_auc_score": 0.9891926890504513, "train_percent": 0.26, "reduced_by": 0}