{"estimator": {"params": {"metric": "manhattan", "shrink_threshold": null}, "runtime": "0:00:00.024825", "classifier": "NearestCentroid(metric='manhattan', shrink_threshold=None)"}, "accuracy_score": 0.9983015881987226, "balanced_accuracy": 0.999139498589694, "confusion_matrix": [[348614, 601], [0, 4645]], "f1_score": 0.9392376908300476, "precision_score": 0.8854365230651925, "recall_score": 1.0, "roc_auc_score": 0.9991394985896941, "train_percent": 0.11, "reduced_by": 4}