{"estimator": {"params": {"metric": "manhattan", "shrink_threshold": null}, "runtime": "0:00:00.018632", "classifier": "NearestCentroid(metric='manhattan', shrink_threshold=None)"}, "accuracy_score": 0.9983410395813221, "balanced_accuracy": 0.9991594864758413, "confusion_matrix": [[387800, 653], [0, 5167]], "f1_score": 0.9405661236006189, "precision_score": 0.8878006872852233, "recall_score": 1.0, "roc_auc_score": 0.9991594864758414, "train_percent": 0.01, "reduced_by": 2}