{"estimator": {"params": {"metric": "manhattan", "shrink_threshold": null}, "runtime": "0:00:00.030628", "classifier": "NearestCentroid(metric='manhattan', shrink_threshold=None)"}, "accuracy_score": 0.9982992993592431, "balanced_accuracy": 0.9991383390575128, "confusion_matrix": [[329028, 568], [0, 4384]], "f1_score": 0.9391602399314483, "precision_score": 0.8852988691437803, "recall_score": 1.0, "roc_auc_score": 0.9991383390575128, "train_percent": 0.16, "reduced_by": 3}