{"estimator": {"params": {"metric": "manhattan", "shrink_threshold": null}, "runtime": "0:00:00.067004", "classifier": "NearestCentroid(metric='manhattan', shrink_threshold=None)"}, "accuracy_score": 0.9983759526008114, "balanced_accuracy": 0.9991771764774415, "confusion_matrix": [[274212, 452], [0, 3653]], "f1_score": 0.9417375612271204, "precision_score": 0.8898903775883069, "recall_score": 1.0, "roc_auc_score": 0.9991771764774415, "train_percent": 0.3, "reduced_by": 2}