{"estimator": {"params": {"metric": "manhattan", "shrink_threshold": null}, "runtime": "0:00:00.042177", "classifier": "NearestCentroid(metric='manhattan', shrink_threshold=None)"}, "accuracy_score": 0.9905890143616225, "balanced_accuracy": 0.9952319196846228, "confusion_matrix": [[307022, 2956], [0, 4123]], "f1_score": 0.7361185502588824, "precision_score": 0.5824268964543015, "recall_score": 1.0, "roc_auc_score": 0.9952319196846228, "train_percent": 0.21, "reduced_by": 1}