{"estimator": {"params": {"metric": "manhattan", "shrink_threshold": null}, "runtime": "0:00:00.034801", "classifier": "NearestCentroid(metric='manhattan', shrink_threshold=None)"}, "accuracy_score": 0.9983986042706009, "balanced_accuracy": 0.9991886520978908, "confusion_matrix": [[309475, 503], [0, 4123]], "f1_score": 0.9425077151674478, "precision_score": 0.8912667531344575, "recall_score": 1.0, "roc_auc_score": 0.9991886520978908, "train_percent": 0.21, "reduced_by": 3}