{"estimator": {"params": {"metric": "manhattan", "shrink_threshold": null}, "runtime": "0:00:00.025507", "classifier": "NearestCentroid(metric='manhattan', shrink_threshold=None)"}, "accuracy_score": 0.9983157180805968, "balanced_accuracy": 0.9991466575032573, "confusion_matrix": [[348619, 596], [0, 4645]], "f1_score": 0.9397127250657495, "precision_score": 0.8862812440373975, "recall_score": 1.0, "roc_auc_score": 0.9991466575032574, "train_percent": 0.11, "reduced_by": 3}