{"estimator": {"params": {"metric": "manhattan", "shrink_threshold": null}, "runtime": "0:00:00.035588", "classifier": "NearestCentroid(metric='manhattan', shrink_threshold=None)"}, "accuracy_score": 0.9983112761243188, "balanced_accuracy": 0.9991444070923191, "confusion_matrix": [[329032, 564], [0, 4384]], "f1_score": 0.9395627946849551, "precision_score": 0.8860145513338723, "recall_score": 1.0, "roc_auc_score": 0.9991444070923191, "train_percent": 0.16, "reduced_by": 0}