{"estimator": {"params": {"metric": "manhattan", "shrink_threshold": null}, "runtime": "0:00:00.036583", "classifier": "NearestCentroid(metric='manhattan', shrink_threshold=None)"}, "accuracy_score": 0.9789688005269777, "balanced_accuracy": 0.9893445308802291, "confusion_matrix": [[322572, 7024], [0, 4384]], "f1_score": 0.5552178318135764, "precision_score": 0.38429172510518933, "recall_score": 1.0, "roc_auc_score": 0.9893445308802291, "train_percent": 0.16, "reduced_by": 0}