{"estimator": {"params": {"metric": "manhattan", "shrink_threshold": null}, "runtime": "0:00:00.071884", "classifier": "NearestCentroid(metric='manhattan', shrink_threshold=None)"}, "accuracy_score": 0.9983787151220607, "balanced_accuracy": 0.9991785763296673, "confusion_matrix": [[254626, 419], [0, 3392]], "f1_score": 0.9418297931417464, "precision_score": 0.8900551036473366, "recall_score": 1.0, "roc_auc_score": 0.9991785763296673, "train_percent": 0.35, "reduced_by": 0}