{"estimator": {"params": {"metric": "manhattan", "shrink_threshold": null}, "runtime": "0:00:00.046663", "classifier": "NearestCentroid(metric='manhattan', shrink_threshold=None)"}, "accuracy_score": 0.9984483645917573, "balanced_accuracy": 0.9992138642200397, "confusion_matrix": [[254644, 401], [0, 3392]], "f1_score": 0.9441892832289492, "precision_score": 0.8942789348800422, "recall_score": 1.0, "roc_auc_score": 0.9992138642200397, "train_percent": 0.35, "reduced_by": 3}