{"estimator": {"params": {"metric": "manhattan", "shrink_threshold": null}, "runtime": "0:00:00.046557", "classifier": "NearestCentroid(metric='manhattan', shrink_threshold=None)"}, "accuracy_score": 0.998327787615432, "balanced_accuracy": 0.9991527729465937, "confusion_matrix": [[289867, 492], [0, 3862]], "f1_score": 0.9401168451801364, "precision_score": 0.8870004593477262, "recall_score": 1.0, "roc_auc_score": 0.9991527729465938, "train_percent": 0.26, "reduced_by": 3}