{"estimator": {"params": {"metric": "manhattan", "shrink_threshold": null}, "runtime": "0:00:00.025871", "classifier": "NearestCentroid(metric='manhattan', shrink_threshold=None)"}, "accuracy_score": 0.9983484307574559, "balanced_accuracy": 0.999163231152292, "confusion_matrix": [[391328, 656], [0, 5214]], "f1_score": 0.9408155900396968, "precision_score": 0.8882453151618399, "recall_score": 1.0, "roc_auc_score": 0.999163231152292, "train_percent": 0.001, "reduced_by": 4}