{"estimator": {"params": {"metric": "manhattan", "shrink_threshold": null}, "runtime": "0:00:00.042177", "classifier": "NearestCentroid(metric='manhattan', shrink_threshold=None)"}, "accuracy_score": 0.9983957637286257, "balanced_accuracy": 0.9991872130707159, "confusion_matrix": [[289887, 472], [0, 3862]], "f1_score": 0.9424109321620303, "precision_score": 0.8910936778957084, "recall_score": 1.0, "roc_auc_score": 0.9991872130707159, "train_percent": 0.26, "reduced_by": 2}