{"estimator": {"params": {"metric": "manhattan", "shrink_threshold": null}, "runtime": "0:00:00.078247", "classifier": "NearestCentroid(metric='manhattan', shrink_threshold=None)"}, "accuracy_score": 0.9983632374621281, "balanced_accuracy": 0.9991707345762513, "confusion_matrix": [[254622, 423], [0, 3392]], "f1_score": 0.9413070625780491, "precision_score": 0.8891218872870249, "recall_score": 1.0, "roc_auc_score": 0.9991707345762513, "train_percent": 0.35, "reduced_by": 3}