{"estimator": {"params": {"metric": "manhattan", "shrink_threshold": null}, "runtime": "0:00:00.047298", "classifier": "NearestCentroid(metric='manhattan', shrink_threshold=None)"}, "accuracy_score": 0.9983617756720289, "balanced_accuracy": 0.9991699930086548, "confusion_matrix": [[289877, 482], [0, 3862]], "f1_score": 0.9412624908603461, "precision_score": 0.8890423572744015, "recall_score": 1.0, "roc_auc_score": 0.9991699930086547, "train_percent": 0.26, "reduced_by": 2}