{"estimator": {"params": {"metric": "manhattan", "shrink_threshold": null}, "runtime": "0:00:00.063124", "classifier": "NearestCentroid(metric='manhattan', shrink_threshold=None)"}, "accuracy_score": 0.9983284127272798, "balanced_accuracy": 0.999153090631065, "confusion_matrix": [[254613, 432], [0, 3392]], "f1_score": 0.9401330376940134, "precision_score": 0.8870292887029289, "recall_score": 1.0, "roc_auc_score": 0.9991530906310652, "train_percent": 0.35, "reduced_by": 1}