{"estimator": {"params": {"metric": "manhattan", "shrink_threshold": null}, "runtime": "0:00:00.098539", "classifier": "NearestCentroid(metric='manhattan', shrink_threshold=None)"}, "accuracy_score": 0.9909103713317036, "balanced_accuracy": 0.9953947234285481, "confusion_matrix": [[194381, 1807], [0, 2610]], "f1_score": 0.7428490109577344, "precision_score": 0.5908988000905592, "recall_score": 1.0, "roc_auc_score": 0.9953947234285481, "train_percent": 0.5, "reduced_by": 1}