{"estimator": {"params": {"metric": "manhattan", "shrink_threshold": null}, "runtime": "0:00:00.105373", "classifier": "NearestCentroid(metric='manhattan', shrink_threshold=None)"}, "accuracy_score": 0.9983445979933967, "balanced_accuracy": 0.9991612915183867, "confusion_matrix": [[215446, 362], [0, 2870]], "f1_score": 0.9406751884627991, "precision_score": 0.8879950495049505, "recall_score": 1.0, "roc_auc_score": 0.9991612915183867, "train_percent": 0.45, "reduced_by": 1}