{"estimator": {"params": {"metric": "manhattan", "shrink_threshold": null}, "runtime": "0:00:00.017886", "classifier": "NearestCentroid(metric='manhattan', shrink_threshold=None)"}, "accuracy_score": 0.9837159300902825, "balanced_accuracy": 0.9917496632515612, "confusion_matrix": [[385516, 6468], [0, 5214]], "f1_score": 0.6171875, "precision_score": 0.4463276836158192, "recall_score": 1.0, "roc_auc_score": 0.9917496632515612, "train_percent": 0.001, "reduced_by": 2}