{"estimator": {"params": {"metric": "manhattan", "shrink_threshold": null}, "runtime": "0:00:00.098908", "classifier": "NearestCentroid(metric='manhattan', shrink_threshold=None)"}, "accuracy_score": 0.9983583167945563, "balanced_accuracy": 0.9991682421411625, "confusion_matrix": [[215449, 359], [0, 2870]], "f1_score": 0.941137891457616, "precision_score": 0.8888200681325488, "recall_score": 1.0, "roc_auc_score": 0.9991682421411625, "train_percent": 0.45, "reduced_by": 2}