{"estimator": {"params": {"metric": "manhattan", "shrink_threshold": null}, "runtime": "0:00:00.050443", "classifier": "NearestCentroid(metric='manhattan', shrink_threshold=None)"}, "accuracy_score": 0.9984603410361599, "balanced_accuracy": 0.9992199311886321, "confusion_matrix": [[289906, 453], [0, 3862]], "f1_score": 0.9446007093065916, "precision_score": 0.8950173812282735, "recall_score": 1.0, "roc_auc_score": 0.9992199311886321, "train_percent": 0.26, "reduced_by": 1}