{"estimator": {"params": {"metric": "manhattan", "shrink_threshold": null}, "runtime": "0:00:00.071294", "classifier": "NearestCentroid(metric='manhattan', shrink_threshold=None)"}, "accuracy_score": 0.9983400235414843, "balanced_accuracy": 0.9991589699675821, "confusion_matrix": [[195858, 330], [0, 2610]], "f1_score": 0.9405405405405405, "precision_score": 0.8877551020408163, "recall_score": 1.0, "roc_auc_score": 0.9991589699675821, "train_percent": 0.5, "reduced_by": 4}