{"estimator": {"params": {"metric": "manhattan", "shrink_threshold": null}, "runtime": "0:00:00.025283", "classifier": "NearestCentroid(metric='manhattan', shrink_threshold=None)"}, "accuracy_score": 0.9983694116317188, "balanced_accuracy": 0.9991738613747978, "confusion_matrix": [[348638, 577], [0, 4645]], "f1_score": 0.9415222458700719, "precision_score": 0.8895059364228265, "recall_score": 1.0, "roc_auc_score": 0.9991738613747977, "train_percent": 0.11, "reduced_by": 3}