{"estimator": {"params": {"metric": "manhattan", "shrink_threshold": null}, "runtime": "0:00:00.041608", "classifier": "NearestCentroid(metric='manhattan', shrink_threshold=None)"}, "accuracy_score": 0.9983921192885802, "balanced_accuracy": 0.9991853663272612, "confusion_matrix": [[329059, 537], [0, 4384]], "f1_score": 0.9422890918860828, "precision_score": 0.8908758382442593, "recall_score": 1.0, "roc_auc_score": 0.9991853663272612, "train_percent": 0.16, "reduced_by": 3}