{"estimator": {"params": {"metric": "manhattan", "shrink_threshold": null}, "runtime": "0:00:00.036548", "classifier": "NearestCentroid(metric='manhattan', shrink_threshold=None)"}, "accuracy_score": 0.9983442122282772, "balanced_accuracy": 0.9991610941880362, "confusion_matrix": [[329043, 553], [0, 4384]], "f1_score": 0.9406716017594678, "precision_score": 0.8879886570791979, "recall_score": 1.0, "roc_auc_score": 0.9991610941880363, "train_percent": 0.16, "reduced_by": 2}