{"estimator": {"params": {"metric": "manhattan", "shrink_threshold": null}, "runtime": "0:00:00.109018", "classifier": "NearestCentroid(metric='manhattan', shrink_threshold=None)"}, "accuracy_score": 0.9982595398344047, "balanced_accuracy": 0.9991181927538891, "confusion_matrix": [[195842, 346], [0, 2610]], "f1_score": 0.9378368666906217, "precision_score": 0.8829499323410014, "recall_score": 1.0, "roc_auc_score": 0.9991181927538891, "train_percent": 0.5, "reduced_by": 0}