{"estimator": {"params": {"metric": "manhattan", "shrink_threshold": null}, "runtime": "0:00:00.058806", "classifier": "NearestCentroid(metric='manhattan', shrink_threshold=None)"}, "accuracy_score": 0.9983720355957161, "balanced_accuracy": 0.9991751927639383, "confusion_matrix": [[215452, 356], [0, 2870]], "f1_score": 0.9416010498687665, "precision_score": 0.8896466212027279, "recall_score": 1.0, "roc_auc_score": 0.9991751927639383, "train_percent": 0.45, "reduced_by": 4}