{"estimator": {"params": {"metric": "manhattan", "shrink_threshold": null}, "runtime": "0:00:00.019101", "classifier": "NearestCentroid(metric='manhattan', shrink_threshold=None)"}, "accuracy_score": 0.9983384990600072, "balanced_accuracy": 0.9991581993188365, "confusion_matrix": [[387799, 654], [0, 5167]], "f1_score": 0.9404805242082273, "precision_score": 0.887648170417454, "recall_score": 1.0, "roc_auc_score": 0.9991581993188365, "train_percent": 0.01, "reduced_by": 1}