{"estimator": {"params": {"metric": "manhattan", "shrink_threshold": null}, "runtime": "0:00:00.022802", "classifier": "NearestCentroid(metric='manhattan', shrink_threshold=None)"}, "accuracy_score": 0.9983196874832772, "balanced_accuracy": 0.9991486685066995, "confusion_matrix": [[368206, 628], [0, 4906]], "f1_score": 0.9398467432950192, "precision_score": 0.8865196964221178, "recall_score": 1.0, "roc_auc_score": 0.9991486685066995, "train_percent": 0.06, "reduced_by": 3}