{"estimator": {"params": {"metric": "manhattan", "shrink_threshold": null}, "runtime": "0:00:00.058800", "classifier": "NearestCentroid(metric='manhattan', shrink_threshold=None)"}, "accuracy_score": 0.9786143138938692, "balanced_accuracy": 0.9891649433489645, "confusion_matrix": [[268712, 5952], [0, 3653]], "f1_score": 0.5510635088248604, "precision_score": 0.38032274856845394, "recall_score": 1.0, "roc_auc_score": 0.9891649433489645, "train_percent": 0.3, "reduced_by": 0}