{"estimator": {"params": {"metric": "manhattan", "shrink_threshold": null}, "runtime": "0:00:00.060360", "classifier": "NearestCentroid(metric='manhattan', shrink_threshold=None)"}, "accuracy_score": 0.998382168505987, "balanced_accuracy": 0.9991803250458915, "confusion_matrix": [[289883, 476], [0, 3862]], "f1_score": 0.9419512195121951, "precision_score": 0.8902720147533425, "recall_score": 1.0, "roc_auc_score": 0.9991803250458915, "train_percent": 0.26, "reduced_by": 0}