{"estimator": {"params": {"metric": "manhattan", "shrink_threshold": null}, "runtime": "0:00:00.104555", "classifier": "NearestCentroid(metric='manhattan', shrink_threshold=None)"}, "accuracy_score": 0.998314872383022, "balanced_accuracy": 0.999146227088303, "confusion_matrix": [[195853, 335], [0, 2610]], "f1_score": 0.9396939693969396, "precision_score": 0.8862478777589134, "recall_score": 1.0, "roc_auc_score": 0.999146227088303, "train_percent": 0.5, "reduced_by": 3}