{"estimator": {"params": {"metric": "manhattan", "shrink_threshold": null}, "runtime": "0:00:00.053009", "classifier": "NearestCentroid(metric='manhattan', shrink_threshold=None)"}, "accuracy_score": 0.9983400193664407, "balanced_accuracy": 0.9991589713965323, "confusion_matrix": [[235030, 396], [0, 3131]], "f1_score": 0.9405226794833283, "precision_score": 0.8877232775730082, "recall_score": 1.0, "roc_auc_score": 0.9991589713965323, "train_percent": 0.4, "reduced_by": 4}