{"estimator": {"params": {"metric": "manhattan", "shrink_threshold": null}, "runtime": "0:00:00.026070", "classifier": "NearestCentroid(metric='manhattan', shrink_threshold=None)"}, "accuracy_score": 0.998343768395141, "balanced_accuracy": 0.9991608691172722, "confusion_matrix": [[368215, 619], [0, 4906]], "f1_score": 0.9406576550666282, "precision_score": 0.8879638009049774, "recall_score": 1.0, "roc_auc_score": 0.9991608691172722, "train_percent": 0.06, "reduced_by": 1}