{"estimator": {"params": {"metric": "manhattan", "shrink_threshold": null}, "runtime": "0:00:00.072726", "classifier": "NearestCentroid(metric='manhattan', shrink_threshold=None)"}, "accuracy_score": 0.9983857543968758, "balanced_accuracy": 0.9991821433867141, "confusion_matrix": [[215455, 353], [0, 2870]], "f1_score": 0.942064664368948, "precision_score": 0.8904747130003102, "recall_score": 1.0, "roc_auc_score": 0.9991821433867142, "train_percent": 0.45, "reduced_by": 2}