{"estimator": {"params": {"metric": "manhattan", "shrink_threshold": null}, "runtime": "0:00:00.019777", "classifier": "NearestCentroid(metric='manhattan', shrink_threshold=None)"}, "accuracy_score": 0.9983443206406342, "balanced_accuracy": 0.9991611490337206, "confusion_matrix": [[389760, 655], [0, 5193]], "f1_score": 0.940675663436283, "precision_score": 0.8879958960328317, "recall_score": 1.0, "roc_auc_score": 0.9991611490337206, "train_percent": 0.005, "reduced_by": 0}