{"estimator": {"params": {"metric": "manhattan", "shrink_threshold": null}, "runtime": "0:00:00.041146", "classifier": "NearestCentroid(metric='manhattan', shrink_threshold=None)"}, "accuracy_score": 0.998293799558835, "balanced_accuracy": 0.9991355528845326, "confusion_matrix": [[289857, 502], [0, 3862]], "f1_score": 0.9389739849258449, "precision_score": 0.884967919340055, "recall_score": 1.0, "roc_auc_score": 0.9991355528845326, "train_percent": 0.26, "reduced_by": 2}