{"estimator": {"params": {"metric": "manhattan", "shrink_threshold": null}, "runtime": "0:00:00.035812", "classifier": "NearestCentroid(metric='manhattan', shrink_threshold=None)"}, "accuracy_score": 0.9983412978627894, "balanced_accuracy": 0.9991596177793263, "confusion_matrix": [[309457, 521], [0, 4123]], "f1_score": 0.9405726018022129, "precision_score": 0.8878122308354867, "recall_score": 1.0, "roc_auc_score": 0.9991596177793263, "train_percent": 0.21, "reduced_by": 3}