{"estimator": {"params": {"metric": "manhattan", "shrink_threshold": null}, "runtime": "0:00:00.045336", "classifier": "NearestCentroid(metric='manhattan', shrink_threshold=None)"}, "accuracy_score": 0.9983524557734698, "balanced_accuracy": 0.9991652706785219, "confusion_matrix": [[348632, 583], [0, 4645]], "f1_score": 0.9409500658361187, "precision_score": 0.8884850803366489, "recall_score": 1.0, "roc_auc_score": 0.9991652706785219, "train_percent": 0.11, "reduced_by": 0}