{"estimator": {"params": {"metric": "manhattan", "shrink_threshold": null}, "runtime": "0:00:00.073647", "classifier": "NearestCentroid(metric='manhattan', shrink_threshold=None)"}, "accuracy_score": 0.9906509483790067, "balanced_accuracy": 0.9952633035272187, "confusion_matrix": [[272062, 2602], [0, 3653]], "f1_score": 0.7373839321760194, "precision_score": 0.5840127897681855, "recall_score": 1.0, "roc_auc_score": 0.9952633035272187, "train_percent": 0.3, "reduced_by": 1}