{"estimator": {"params": {"metric": "manhattan", "shrink_threshold": null}, "runtime": "0:00:00.027986", "classifier": "NearestCentroid(metric='manhattan', shrink_threshold=None)"}, "accuracy_score": 0.9983598223363835, "balanced_accuracy": 0.9991690028576541, "confusion_matrix": [[368221, 613], [0, 4906]], "f1_score": 0.941199040767386, "precision_score": 0.8889291538322159, "recall_score": 1.0, "roc_auc_score": 0.9991690028576542, "train_percent": 0.06, "reduced_by": 0}