{"estimator": {"params": {"metric": "manhattan", "shrink_threshold": null}, "runtime": "0:00:00.017766", "classifier": "NearestCentroid(metric='manhattan', shrink_threshold=None)"}, "accuracy_score": 0.9983519039048755, "balanced_accuracy": 0.9991649910992149, "confusion_matrix": [[389763, 652], [0, 5193]], "f1_score": 0.9409313281391556, "precision_score": 0.8884516680923866, "recall_score": 1.0, "roc_auc_score": 0.9991649910992149, "train_percent": 0.005, "reduced_by": 2}