{"estimator": {"params": {"metric": "manhattan", "shrink_threshold": null}, "runtime": "0:00:00.050825", "classifier": "NearestCentroid(metric='manhattan', shrink_threshold=None)"}, "accuracy_score": 0.9983364293233974, "balanced_accuracy": 0.9991571520111846, "confusion_matrix": [[274201, 463], [0, 3653]], "f1_score": 0.9404041704209036, "precision_score": 0.8875121477162293, "recall_score": 1.0, "roc_auc_score": 0.9991571520111846, "train_percent": 0.3, "reduced_by": 2}