{"estimator": {"params": {"metric": "manhattan", "shrink_threshold": null}, "runtime": "0:00:00.019179", "classifier": "NearestCentroid(metric='manhattan', shrink_threshold=None)"}, "accuracy_score": 0.9983392651311399, "balanced_accuracy": 0.9991585876567243, "confusion_matrix": [[389758, 657], [0, 5193]], "f1_score": 0.9405052974735126, "precision_score": 0.8876923076923077, "recall_score": 1.0, "roc_auc_score": 0.9991585876567243, "train_percent": 0.005, "reduced_by": 3}