{"estimator": {"params": {"metric": "manhattan", "shrink_threshold": null}, "runtime": "0:00:00.016639", "classifier": "NearestCentroid(metric='manhattan', shrink_threshold=None)"}, "accuracy_score": 0.998356282709212, "balanced_accuracy": 0.9991672094178703, "confusion_matrix": [[387806, 647], [0, 5167]], "f1_score": 0.9410800473545214, "precision_score": 0.8887168902648779, "recall_score": 1.0, "roc_auc_score": 0.9991672094178703, "train_percent": 0.01, "reduced_by": 4}