{"estimator": {"params": {"metric": "manhattan", "shrink_threshold": null}, "runtime": "0:00:00.120851", "classifier": "NearestCentroid(metric='manhattan', shrink_threshold=None)"}, "accuracy_score": 0.9981740258956328, "balanced_accuracy": 0.9990748669643403, "confusion_matrix": [[195825, 363], [0, 2610]], "f1_score": 0.9349811929070393, "precision_score": 0.8779011099899092, "recall_score": 1.0, "roc_auc_score": 0.9990748669643403, "train_percent": 0.5, "reduced_by": 1}