{"estimator": {"params": {"metric": "manhattan", "shrink_threshold": null}, "runtime": "0:00:00.025711", "classifier": "NearestCentroid(metric='manhattan', shrink_threshold=None)"}, "accuracy_score": 0.9983812275913737, "balanced_accuracy": 0.9991798478448299, "confusion_matrix": [[368229, 605], [0, 4906]], "f1_score": 0.941921858500528, "precision_score": 0.8902195608782435, "recall_score": 1.0, "roc_auc_score": 0.9991798478448299, "train_percent": 0.06, "reduced_by": 3}