{"estimator": {"params": {"metric": "manhattan", "shrink_threshold": null}, "runtime": "0:00:00.060529", "classifier": "NearestCentroid(metric='manhattan', shrink_threshold=None)"}, "accuracy_score": 0.9983472083990558, "balanced_accuracy": 0.9991626132292546, "confusion_matrix": [[274204, 460], [0, 3653]], "f1_score": 0.9407674478496008, "precision_score": 0.888159494286409, "recall_score": 1.0, "roc_auc_score": 0.9991626132292546, "train_percent": 0.3, "reduced_by": 1}