{"estimator": {"params": {"metric": "manhattan", "shrink_threshold": null}, "runtime": "0:00:00.093888", "classifier": "NearestCentroid(metric='manhattan', shrink_threshold=None)"}, "accuracy_score": 0.9983987055504554, "balanced_accuracy": 0.9991887047309983, "confusion_matrix": [[235044, 382], [0, 3131]], "f1_score": 0.9425045153521975, "precision_score": 0.8912610304582977, "recall_score": 1.0, "roc_auc_score": 0.9991887047309983, "train_percent": 0.4, "reduced_by": 0}