{"estimator": {"params": {"metric": "manhattan", "shrink_threshold": null}, "runtime": "0:00:00.033439", "classifier": "NearestCentroid(metric='manhattan', shrink_threshold=None)"}, "accuracy_score": 0.9983667673773723, "balanced_accuracy": 0.9991725219209104, "confusion_matrix": [[309465, 513], [0, 4123]], "f1_score": 0.9414316702819957, "precision_score": 0.889344262295082, "recall_score": 1.0, "roc_auc_score": 0.9991725219209104, "train_percent": 0.21, "reduced_by": 4}