{"estimator": {"params": {"metric": "manhattan", "shrink_threshold": null}, "runtime": "0:00:00.074534", "classifier": "NearestCentroid(metric='manhattan', shrink_threshold=None)"}, "accuracy_score": 0.9983358274961539, "balanced_accuracy": 0.9991568475869275, "confusion_matrix": [[235029, 397], [0, 3131]], "f1_score": 0.9403814386544527, "precision_score": 0.8874716553287982, "recall_score": 1.0, "roc_auc_score": 0.9991568475869275, "train_percent": 0.4, "reduced_by": 1}