{"estimator": {"params": {"metric": "manhattan", "shrink_threshold": null}, "runtime": "0:00:00.020324", "classifier": "NearestCentroid(metric='manhattan', shrink_threshold=None)"}, "accuracy_score": 0.998346120623952, "balanced_accuracy": 0.999162060789851, "confusion_matrix": [[387802, 651], [0, 5167]], "f1_score": 0.9407373691397359, "precision_score": 0.8881058783086971, "recall_score": 1.0, "roc_auc_score": 0.999162060789851, "train_percent": 0.01, "reduced_by": 1}