{"estimator": {"params": {"metric": "manhattan", "shrink_threshold": null}, "runtime": "0:00:00.096347", "classifier": "NearestCentroid(metric='manhattan', shrink_threshold=None)"}, "accuracy_score": 0.9907672468195245, "balanced_accuracy": 0.9953222308718861, "confusion_matrix": [[213789, 2019], [0, 2870]], "f1_score": 0.7397860549039825, "precision_score": 0.5870321129065249, "recall_score": 1.0, "roc_auc_score": 0.9953222308718861, "train_percent": 0.45, "reduced_by": 1}