{"estimator": {"params": {"metric": "manhattan", "shrink_threshold": null}, "runtime": "0:00:00.016705", "classifier": "NearestCentroid(metric='manhattan', shrink_threshold=None)"}, "accuracy_score": 0.9733407519675326, "balanced_accuracy": 0.9864930711457611, "confusion_matrix": [[381395, 10589], [0, 5214]], "f1_score": 0.4961697673312081, "precision_score": 0.32993735366702526, "recall_score": 1.0, "roc_auc_score": 0.9864930711457611, "train_percent": 0.001, "reduced_by": 3}