{"estimator": {"params": {"metric": "manhattan", "shrink_threshold": null}, "runtime": "0:00:00.021918", "classifier": "NearestCentroid(metric='manhattan', shrink_threshold=None)"}, "accuracy_score": 0.9983384170813935, "balanced_accuracy": 0.9991581578704782, "confusion_matrix": [[368213, 621], [0, 4906]], "f1_score": 0.9404773315441388, "precision_score": 0.887642482359327, "recall_score": 1.0, "roc_auc_score": 0.9991581578704782, "train_percent": 0.06, "reduced_by": 4}