{"estimator": {"params": {"metric": "manhattan", "shrink_threshold": null}, "runtime": "0:00:00.090888", "classifier": "NearestCentroid(metric='manhattan', shrink_threshold=None)"}, "accuracy_score": 0.9982997816879445, "balanced_accuracy": 0.9991385813607356, "confusion_matrix": [[195850, 338], [0, 2610]], "f1_score": 0.9391867578265564, "precision_score": 0.8853459972862958, "recall_score": 1.0, "roc_auc_score": 0.9991385813607356, "train_percent": 0.5, "reduced_by": 4}