{"estimator": {"params": {"metric": "manhattan", "shrink_threshold": null}, "runtime": "0:00:00.056144", "classifier": "NearestCentroid(metric='manhattan', shrink_threshold=None)"}, "accuracy_score": 0.9983129350673472, "balanced_accuracy": 0.9991452488776491, "confusion_matrix": [[254609, 436], [0, 3392]], "f1_score": 0.939612188365651, "precision_score": 0.8861024033437827, "recall_score": 1.0, "roc_auc_score": 0.9991452488776491, "train_percent": 0.35, "reduced_by": 2}