{"estimator": {"params": {"metric": "manhattan", "shrink_threshold": null}, "runtime": "0:00:00.059726", "classifier": "NearestCentroid(metric='manhattan', shrink_threshold=None)"}, "accuracy_score": 0.998337984032411, "balanced_accuracy": 0.9991579389652121, "confusion_matrix": [[289870, 489], [0, 3862]], "f1_score": 0.9404602459515402, "precision_score": 0.8876120432084579, "recall_score": 1.0, "roc_auc_score": 0.9991579389652121, "train_percent": 0.26, "reduced_by": 3}