{"estimator": {"params": {"metric": "manhattan", "shrink_threshold": null}, "runtime": "0:00:00.016760", "classifier": "NearestCentroid(metric='manhattan', shrink_threshold=None)"}, "accuracy_score": 0.9983468483953812, "balanced_accuracy": 0.9991624297222187, "confusion_matrix": [[389761, 654], [0, 5193]], "f1_score": 0.9407608695652173, "precision_score": 0.888147768086198, "recall_score": 1.0, "roc_auc_score": 0.9991624297222187, "train_percent": 0.005, "reduced_by": 4}