{"estimator": {"params": {"metric": "manhattan", "shrink_threshold": null}, "runtime": "0:00:00.041659", "classifier": "NearestCentroid(metric='manhattan', shrink_threshold=None)"}, "accuracy_score": 0.9983311864210916, "balanced_accuracy": 0.9991544949527997, "confusion_matrix": [[289868, 491], [0, 3862]], "f1_score": 0.9402312842361534, "precision_score": 0.8872042269699059, "recall_score": 1.0, "roc_auc_score": 0.9991544949527997, "train_percent": 0.26, "reduced_by": 3}