{"estimator": {"params": {"metric": "manhattan", "shrink_threshold": null}, "runtime": "0:00:00.063633", "classifier": "NearestCentroid(metric='manhattan', shrink_threshold=None)"}, "accuracy_score": 0.9983171603910773, "balanced_accuracy": 0.9991473902728352, "confusion_matrix": [[215440, 368], [0, 2870]], "f1_score": 0.9397511460379829, "precision_score": 0.8863495985176034, "recall_score": 1.0, "roc_auc_score": 0.9991473902728351, "train_percent": 0.45, "reduced_by": 4}