{"estimator": {"params": {"metric": "manhattan", "shrink_threshold": null}, "runtime": "0:00:00.045794", "classifier": "NearestCentroid(metric='manhattan', shrink_threshold=None)"}, "accuracy_score": 0.9906736772698074, "balanced_accuracy": 0.9952748149704331, "confusion_matrix": [[287615, 2744], [0, 3862]], "f1_score": 0.7378677875429882, "precision_score": 0.58462004238571, "recall_score": 1.0, "roc_auc_score": 0.9952748149704331, "train_percent": 0.26, "reduced_by": 1}