{"estimator": {"params": {"metric": "manhattan", "shrink_threshold": null}, "runtime": "0:00:00.040633", "classifier": "NearestCentroid(metric='manhattan', shrink_threshold=None)"}, "accuracy_score": 0.9983381141734665, "balanced_accuracy": 0.9991580047616282, "confusion_matrix": [[309456, 522], [0, 4123]], "f1_score": 0.9404653284671532, "precision_score": 0.88762109795479, "recall_score": 1.0, "roc_auc_score": 0.9991580047616283, "train_percent": 0.21, "reduced_by": 2}