{"estimator": {"params": {"metric": "manhattan", "shrink_threshold": null}, "runtime": "0:00:00.049738", "classifier": "NearestCentroid(metric='manhattan', shrink_threshold=None)"}, "accuracy_score": 0.9983583768663692, "balanced_accuracy": 0.9991682710024488, "confusion_matrix": [[289876, 483], [0, 3862]], "f1_score": 0.9411478006579749, "precision_score": 0.888837744533947, "recall_score": 1.0, "roc_auc_score": 0.9991682710024488, "train_percent": 0.26, "reduced_by": 1}