{"estimator": {"params": {"metric": "manhattan", "shrink_threshold": null}, "runtime": "0:00:00.033591", "classifier": "NearestCentroid(metric='manhattan', shrink_threshold=None)"}, "accuracy_score": 0.998350848930758, "balanced_accuracy": 0.9991644568324204, "confusion_matrix": [[309460, 518], [0, 4123]], "f1_score": 0.9408945686900958, "precision_score": 0.8883861236802413, "recall_score": 1.0, "roc_auc_score": 0.9991644568324204, "train_percent": 0.21, "reduced_by": 4}