{"estimator": {"params": {"metric": "manhattan", "shrink_threshold": null}, "runtime": "0:00:00.078649", "classifier": "NearestCentroid(metric='manhattan', shrink_threshold=None)"}, "accuracy_score": 0.9983354521259569, "balanced_accuracy": 0.9991566577698695, "confusion_matrix": [[215444, 364], [0, 2870]], "f1_score": 0.9403669724770642, "precision_score": 0.8874458874458875, "recall_score": 1.0, "roc_auc_score": 0.9991566577698695, "train_percent": 0.45, "reduced_by": 3}