{"estimator": {"params": {"metric": "manhattan", "shrink_threshold": null}, "runtime": "0:00:00.033606", "classifier": "NearestCentroid(metric='manhattan', shrink_threshold=None)"}, "accuracy_score": 0.998383541513593, "balanced_accuracy": 0.9991810202883611, "confusion_matrix": [[348643, 572], [0, 4645]], "f1_score": 0.941999594402758, "precision_score": 0.8903584435499329, "recall_score": 1.0, "roc_auc_score": 0.999181020288361, "train_percent": 0.11, "reduced_by": 0}