{"estimator": {"params": {"metric": "manhattan", "shrink_threshold": null}, "runtime": "0:00:00.020397", "classifier": "NearestCentroid(metric='manhattan', shrink_threshold=None)"}, "accuracy_score": 0.9906229358264316, "balanced_accuracy": 0.9952491034951461, "confusion_matrix": [[384762, 3691], [0, 5167]], "f1_score": 0.7368270944741533, "precision_score": 0.5833145179498758, "recall_score": 1.0, "roc_auc_score": 0.9952491034951461, "train_percent": 0.01, "reduced_by": 1}