{"estimator": {"params": {"metric": "manhattan", "shrink_threshold": null}, "runtime": "0:00:00.023715", "classifier": "NearestCentroid(metric='manhattan', shrink_threshold=None)"}, "accuracy_score": 0.9983330657676459, "balanced_accuracy": 0.9991554466236844, "confusion_matrix": [[368211, 623], [0, 4906]], "f1_score": 0.9402970771442262, "precision_score": 0.8873213962741906, "recall_score": 1.0, "roc_auc_score": 0.9991554466236844, "train_percent": 0.06, "reduced_by": 2}