{"estimator": {"params": {"metric": "manhattan", "shrink_threshold": null}, "runtime": "0:00:00.069578", "classifier": "NearestCentroid(metric='manhattan', shrink_threshold=None)"}, "accuracy_score": 0.9904718788381812, "balanced_accuracy": 0.9951725807684793, "confusion_matrix": [[233153, 2273], [0, 3131]], "f1_score": 0.733684827182191, "precision_score": 0.5793856402664693, "recall_score": 1.0, "roc_auc_score": 0.9951725807684793, "train_percent": 0.4, "reduced_by": 1}