{"estimator": {"params": {"metric": "manhattan", "shrink_threshold": null}, "runtime": "0:00:00.022771", "classifier": "NearestCentroid(metric='manhattan', shrink_threshold=None)"}, "accuracy_score": 0.9982180125220742, "balanced_accuracy": 0.9990971548176144, "confusion_matrix": [[368168, 666], [0, 4906]], "f1_score": 0.936438251574728, "precision_score": 0.8804737975592247, "recall_score": 1.0, "roc_auc_score": 0.9990971548176144, "train_percent": 0.06, "reduced_by": 3}