{"estimator": {"params": {"metric": "manhattan", "shrink_threshold": null}, "runtime": "0:00:00.021007", "classifier": "NearestCentroid(metric='manhattan', shrink_threshold=None)"}, "accuracy_score": 0.9983493761501284, "balanced_accuracy": 0.9991637104107167, "confusion_matrix": [[389762, 653], [0, 5193]], "f1_score": 0.940846091131443, "precision_score": 0.8882996920971604, "recall_score": 1.0, "roc_auc_score": 0.9991637104107167, "train_percent": 0.005, "reduced_by": 0}