{"estimator": {"params": {"metric": "manhattan", "shrink_threshold": null}, "runtime": "0:00:00.058032", "classifier": "NearestCentroid(metric='manhattan', shrink_threshold=None)"}, "accuracy_score": 0.9983615804999335, "balanced_accuracy": 0.9991698948533481, "confusion_matrix": [[274208, 456], [0, 3653]], "f1_score": 0.9412522545735635, "precision_score": 0.889024093453395, "recall_score": 1.0, "roc_auc_score": 0.9991698948533482, "train_percent": 0.3, "reduced_by": 0}