{"estimator": {"params": {"metric": "manhattan", "shrink_threshold": null}, "runtime": "0:00:00.027080", "classifier": "NearestCentroid(metric='manhattan', shrink_threshold=None)"}, "accuracy_score": 0.9983044141750975, "balanced_accuracy": 0.9991409303724067, "confusion_matrix": [[348615, 600], [0, 4645]], "f1_score": 0.9393326592517695, "precision_score": 0.8856053384175405, "recall_score": 1.0, "roc_auc_score": 0.9991409303724067, "train_percent": 0.11, "reduced_by": 4}