{"estimator": {"params": {"metric": "manhattan", "shrink_threshold": null}, "runtime": "0:00:00.046515", "classifier": "NearestCentroid(metric='manhattan', shrink_threshold=None)"}, "accuracy_score": 0.9983361515572461, "balanced_accuracy": 0.9991570115077731, "confusion_matrix": [[254615, 430], [0, 3392]], "f1_score": 0.9403936789575825, "precision_score": 0.8874934589220304, "recall_score": 1.0, "roc_auc_score": 0.9991570115077731, "train_percent": 0.35, "reduced_by": 4}