{"estimator": {"params": {"metric": "manhattan", "shrink_threshold": null}, "runtime": "0:00:00.092599", "classifier": "NearestCentroid(metric='manhattan', shrink_threshold=None)"}, "accuracy_score": 0.9984255374802563, "balanced_accuracy": 0.9992022957571309, "confusion_matrix": [[195875, 313], [0, 2610]], "f1_score": 0.9434303271281402, "precision_score": 0.8929182346903866, "recall_score": 1.0, "roc_auc_score": 0.9992022957571309, "train_percent": 0.5, "reduced_by": 2}