{"estimator": {"params": {"metric": "manhattan", "shrink_threshold": null}, "runtime": "0:00:00.076561", "classifier": "NearestCentroid(metric='manhattan', shrink_threshold=None)"}, "accuracy_score": 0.9982668581201584, "balanced_accuracy": 0.9991219046559905, "confusion_matrix": [[215429, 379], [0, 2870]], "f1_score": 0.9380617747998039, "precision_score": 0.8833487226839027, "recall_score": 1.0, "roc_auc_score": 0.9991219046559905, "train_percent": 0.45, "reduced_by": 3}