{"estimator": {"params": {"metric": "manhattan", "shrink_threshold": null}, "runtime": "0:00:00.053311", "classifier": "NearestCentroid(metric='manhattan', shrink_threshold=None)"}, "accuracy_score": 0.9984986669865383, "balanced_accuracy": 0.9992393499186418, "confusion_matrix": [[254657, 388], [0, 3392]], "f1_score": 0.9459007250418293, "precision_score": 0.8973544973544973, "recall_score": 1.0, "roc_auc_score": 0.9992393499186418, "train_percent": 0.35, "reduced_by": 1}