{"estimator": {"params": {"metric": "manhattan", "shrink_threshold": null}, "runtime": "0:00:00.046650", "classifier": "NearestCentroid(metric='manhattan', shrink_threshold=None)"}, "accuracy_score": 0.9982394161826673, "balanced_accuracy": 0.9991080005489228, "confusion_matrix": [[254590, 455], [0, 3392]], "f1_score": 0.9371460146429064, "precision_score": 0.8817260202755394, "recall_score": 1.0, "roc_auc_score": 0.9991080005489227, "train_percent": 0.35, "reduced_by": 4}