{"estimator": {"params": {"metric": "manhattan", "shrink_threshold": null}, "runtime": "0:00:00.026224", "classifier": "NearestCentroid(metric='manhattan', shrink_threshold=None)"}, "accuracy_score": 0.9780355327232836, "balanced_accuracy": 0.9888716875342295, "confusion_matrix": [[360625, 8209], [0, 4906]], "f1_score": 0.5444758892403307, "precision_score": 0.3740754860846359, "recall_score": 1.0, "roc_auc_score": 0.9888716875342295, "train_percent": 0.06, "reduced_by": 0}