{"estimator": {"params": {"metric": "manhattan", "shrink_threshold": null}, "runtime": "0:00:00.069167", "classifier": "NearestCentroid(metric='manhattan', shrink_threshold=None)"}, "accuracy_score": 0.9788691247770249, "balanced_accuracy": 0.9892940461487189, "confusion_matrix": [[249584, 5461], [0, 3392]], "f1_score": 0.5540220498162516, "precision_score": 0.3831469558341805, "recall_score": 1.0, "roc_auc_score": 0.9892940461487189, "train_percent": 0.35, "reduced_by": 0}