{"estimator": {"params": {"metric": "manhattan", "shrink_threshold": null}, "runtime": "0:00:00.020808", "classifier": "NearestCentroid(metric='manhattan', shrink_threshold=None)"}, "accuracy_score": 0.9983116605126559, "balanced_accuracy": 0.9991446016365086, "confusion_matrix": [[368203, 631], [0, 4906]], "f1_score": 0.9395767499760606, "precision_score": 0.8860393715008127, "recall_score": 1.0, "roc_auc_score": 0.9991446016365086, "train_percent": 0.06, "reduced_by": 4}