{"estimator": {"params": {"metric": "manhattan", "shrink_threshold": null}, "runtime": "0:00:00.121428", "classifier": "NearestCentroid(metric='manhattan', shrink_threshold=None)"}, "accuracy_score": 0.998400386321794, "balanced_accuracy": 0.9991895528778518, "confusion_matrix": [[195870, 318], [0, 2610]], "f1_score": 0.942578548212351, "precision_score": 0.8913934426229508, "recall_score": 1.0, "roc_auc_score": 0.9991895528778519, "train_percent": 0.5, "reduced_by": 0}