{"estimator": {"params": {"metric": "manhattan", "shrink_threshold": null}, "runtime": "0:00:00.082778", "classifier": "NearestCentroid(metric='manhattan', shrink_threshold=None)"}, "accuracy_score": 0.9982278079377179, "balanced_accuracy": 0.9991021192338607, "confusion_matrix": [[254587, 458], [0, 3392]], "f1_score": 0.9367578017122342, "precision_score": 0.8810389610389611, "recall_score": 1.0, "roc_auc_score": 0.9991021192338606, "train_percent": 0.35, "reduced_by": 0}