{"estimator": {"params": {"metric": "manhattan", "shrink_threshold": null}, "runtime": "0:00:00.041319", "classifier": "NearestCentroid(metric='manhattan', shrink_threshold=None)"}, "accuracy_score": 0.9983202586981257, "balanced_accuracy": 0.9991489581184237, "confusion_matrix": [[329035, 561], [0, 4384]], "f1_score": 0.9398649372923144, "precision_score": 0.8865520728008089, "recall_score": 1.0, "roc_auc_score": 0.9991489581184237, "train_percent": 0.16, "reduced_by": 2}