{"estimator": {"params": {"metric": "manhattan", "shrink_threshold": null}, "runtime": "0:00:00.019421", "classifier": "NearestCentroid(metric='manhattan', shrink_threshold=None)"}, "accuracy_score": 0.990374309922954, "balanced_accuracy": 0.9951231381990958, "confusion_matrix": [[386607, 3808], [0, 5193]], "f1_score": 0.7317176271664083, "precision_score": 0.5769358960115543, "recall_score": 1.0, "roc_auc_score": 0.9951231381990958, "train_percent": 0.005, "reduced_by": 1}