{"estimator": {"params": {"metric": "manhattan", "shrink_threshold": null}, "runtime": "0:00:00.019089", "classifier": "NearestCentroid(metric='manhattan', shrink_threshold=None)"}, "accuracy_score": 0.9983417928858871, "balanced_accuracy": 0.9991598683452224, "confusion_matrix": [[389759, 656], [0, 5193]], "f1_score": 0.9405904727404456, "precision_score": 0.887844075910412, "recall_score": 1.0, "roc_auc_score": 0.9991598683452224, "train_percent": 0.005, "reduced_by": 1}