{"estimator": {"params": {"metric": "manhattan", "shrink_threshold": null}, "runtime": "0:00:00.032901", "classifier": "NearestCentroid(metric='manhattan', shrink_threshold=None)"}, "accuracy_score": 0.9787006160628497, "balanced_accuracy": 0.9892086536947153, "confusion_matrix": [[341678, 7537], [0, 4645]], "f1_score": 0.5520889047364355, "precision_score": 0.38130027910031195, "recall_score": 1.0, "roc_auc_score": 0.9892086536947152, "train_percent": 0.11, "reduced_by": 0}