{"estimator": {"params": {"metric": "manhattan", "shrink_threshold": null}, "runtime": "0:00:00.108090", "classifier": "NearestCentroid(metric='manhattan', shrink_threshold=None)"}, "accuracy_score": 0.9982942957224779, "balanced_accuracy": 0.999135805901542, "confusion_matrix": [[215435, 373], [0, 2870]], "f1_score": 0.9389824963193195, "precision_score": 0.8849830403946962, "recall_score": 1.0, "roc_auc_score": 0.999135805901542, "train_percent": 0.45, "reduced_by": 3}