{"estimator": {"params": {"metric": "manhattan", "shrink_threshold": null}, "runtime": "0:00:00.020125", "classifier": "NearestCentroid(metric='manhattan', shrink_threshold=None)"}, "accuracy_score": 0.9983223631401509, "balanced_accuracy": 0.9991500241300965, "confusion_matrix": [[368207, 627], [0, 4906]], "f1_score": 0.9399367755532139, "precision_score": 0.8866799204771372, "recall_score": 1.0, "roc_auc_score": 0.9991500241300965, "train_percent": 0.06, "reduced_by": 4}