{"estimator": {"params": {"metric": "manhattan", "shrink_threshold": null}, "runtime": "0:00:00.041751", "classifier": "NearestCentroid(metric='manhattan', shrink_threshold=None)"}, "accuracy_score": 0.9982969060459835, "balanced_accuracy": 0.9991371275449277, "confusion_matrix": [[274190, 474], [0, 3653]], "f1_score": 0.9390745501285347, "precision_score": 0.885146595590017, "recall_score": 1.0, "roc_auc_score": 0.9991371275449276, "train_percent": 0.3, "reduced_by": 4}