{"estimator": {"params": {"metric": "manhattan", "shrink_threshold": null}, "runtime": "0:00:00.115148", "classifier": "NearestCentroid(metric='manhattan', shrink_threshold=None)"}, "accuracy_score": 0.9786855559315524, "balanced_accuracy": 0.9892010490806643, "confusion_matrix": [[211147, 4661], [0, 2870]], "f1_score": 0.5518700124987982, "precision_score": 0.38109148851414154, "recall_score": 1.0, "roc_auc_score": 0.9892010490806643, "train_percent": 0.45, "reduced_by": 0}