{"estimator": {"params": {"metric": "manhattan", "shrink_threshold": null}, "runtime": "0:00:00.057857", "classifier": "NearestCentroid(metric='manhattan', shrink_threshold=None)"}, "accuracy_score": 0.9982742409175157, "balanced_accuracy": 0.9991256444941089, "confusion_matrix": [[254599, 446], [0, 3392]], "f1_score": 0.9383125864453666, "precision_score": 0.883793642522147, "recall_score": 1.0, "roc_auc_score": 0.9991256444941089, "train_percent": 0.35, "reduced_by": 3}