{"estimator": {"params": {"metric": "manhattan", "shrink_threshold": null}, "runtime": "0:00:00.036186", "classifier": "NearestCentroid(metric='manhattan', shrink_threshold=None)"}, "accuracy_score": 0.9905653033115756, "balanced_accuracy": 0.9952199055813784, "confusion_matrix": [[326445, 3151], [0, 4384]], "f1_score": 0.735632183908046, "precision_score": 0.5818181818181818, "recall_score": 1.0, "roc_auc_score": 0.9952199055813784, "train_percent": 0.16, "reduced_by": 1}