{"estimator": {"params": {"metric": "manhattan", "shrink_threshold": null}, "runtime": "0:00:00.072765", "classifier": "NearestCentroid(metric='manhattan', shrink_threshold=None)"}, "accuracy_score": 0.9983867316764696, "balanced_accuracy": 0.9991826376955116, "confusion_matrix": [[274215, 449], [0, 3653]], "f1_score": 0.9421018697614443, "precision_score": 0.8905411994149196, "recall_score": 1.0, "roc_auc_score": 0.9991826376955116, "train_percent": 0.3, "reduced_by": 3}