{"estimator": {"params": {"metric": "manhattan", "shrink_threshold": null}, "runtime": "0:00:00.075940", "classifier": "NearestCentroid(metric='manhattan', shrink_threshold=None)"}, "accuracy_score": 0.9784915135586044, "balanced_accuracy": 0.9891027329181994, "confusion_matrix": [[230295, 5131], [0, 3131]], "f1_score": 0.5496357412446239, "precision_score": 0.37896393125151295, "recall_score": 1.0, "roc_auc_score": 0.9891027329181993, "train_percent": 0.4, "reduced_by": 0}