{"estimator": {"params": {"metric": "manhattan", "shrink_threshold": null}, "runtime": "0:00:00.054448", "classifier": "NearestCentroid(metric='manhattan', shrink_threshold=None)"}, "accuracy_score": 0.998357987474714, "balanced_accuracy": 0.9991680744473248, "confusion_matrix": [[274207, 457], [0, 3653]], "f1_score": 0.9411310060543604, "precision_score": 0.8888077858880779, "recall_score": 1.0, "roc_auc_score": 0.9991680744473248, "train_percent": 0.3, "reduced_by": 1}