{"estimator": {"params": {"metric": "manhattan", "shrink_threshold": null}, "runtime": "0:00:00.028396", "classifier": "NearestCentroid(metric='manhattan', shrink_threshold=None)"}, "accuracy_score": 0.99834680382072, "balanced_accuracy": 0.9991624071130965, "confusion_matrix": [[348630, 585], [0, 4645]], "f1_score": 0.9407594936708861, "precision_score": 0.8881453154875717, "recall_score": 1.0, "roc_auc_score": 0.9991624071130965, "train_percent": 0.11, "reduced_by": 2}