{"estimator": {"params": {"metric": "manhattan", "shrink_threshold": null}, "runtime": "0:00:00.034433", "classifier": "NearestCentroid(metric='manhattan', shrink_threshold=None)"}, "accuracy_score": 0.9983741541409665, "balanced_accuracy": 0.9991762642750519, "confusion_matrix": [[329053, 543], [0, 4384]], "f1_score": 0.9416818816453658, "precision_score": 0.8897909478384413, "recall_score": 1.0, "roc_auc_score": 0.9991762642750519, "train_percent": 0.16, "reduced_by": 1}