{"estimator": {"params": {"metric": "manhattan", "shrink_threshold": null}, "runtime": "0:00:00.049106", "classifier": "NearestCentroid(metric='manhattan', shrink_threshold=None)"}, "accuracy_score": 0.9983158283482064, "balanced_accuracy": 0.9991467136377421, "confusion_matrix": [[309449, 529], [0, 4123]], "f1_score": 0.9397150997150997, "precision_score": 0.8862854686156492, "recall_score": 1.0, "roc_auc_score": 0.9991467136377421, "train_percent": 0.21, "reduced_by": 0}