{"estimator": {"params": {"metric": "manhattan", "shrink_threshold": null}, "runtime": "0:00:00.051946", "classifier": "NearestCentroid(metric='manhattan', shrink_threshold=None)"}, "accuracy_score": 0.998390321809882, "balanced_accuracy": 0.9991844571117888, "confusion_matrix": [[235042, 384], [0, 3131]], "f1_score": 0.9422208847427025, "precision_score": 0.8907539118065434, "recall_score": 1.0, "roc_auc_score": 0.9991844571117888, "train_percent": 0.4, "reduced_by": 3}