{"estimator": {"params": {"metric": "manhattan", "shrink_threshold": null}, "runtime": "0:00:00.030992", "classifier": "NearestCentroid(metric='manhattan', shrink_threshold=None)"}, "accuracy_score": 0.9983651715671598, "balanced_accuracy": 0.9991717132489473, "confusion_matrix": [[329050, 546], [0, 4384]], "f1_score": 0.9413785698947821, "precision_score": 0.8892494929006085, "recall_score": 1.0, "roc_auc_score": 0.9991717132489473, "train_percent": 0.16, "reduced_by": 4}