{"estimator": {"params": {"metric": "manhattan", "shrink_threshold": null}, "runtime": "0:00:00.019415", "classifier": "NearestCentroid(metric='manhattan', shrink_threshold=None)"}, "accuracy_score": 0.984534161803433, "balanced_accuracy": 0.9921642209886118, "confusion_matrix": [[385841, 6143], [0, 5214]], "f1_score": 0.6292921368656085, "precision_score": 0.4591001144668486, "recall_score": 1.0, "roc_auc_score": 0.9921642209886118, "train_percent": 0.001, "reduced_by": 0}