{"estimator": {"params": {"metric": "manhattan", "shrink_threshold": null}, "runtime": "0:00:00.100036", "classifier": "NearestCentroid(metric='manhattan', shrink_threshold=None)"}, "accuracy_score": 0.9982897227887579, "balanced_accuracy": 0.9991334890272835, "confusion_matrix": [[215434, 374], [0, 2870]], "f1_score": 0.9388289172391233, "precision_score": 0.8847102342786684, "recall_score": 1.0, "roc_auc_score": 0.9991334890272835, "train_percent": 0.45, "reduced_by": 0}