{"estimator": {"params": {"metric": "manhattan", "shrink_threshold": null}, "runtime": "0:00:00.017530", "classifier": "NearestCentroid(metric='manhattan', shrink_threshold=None)"}, "accuracy_score": 0.998348661145267, "balanced_accuracy": 0.9991633479468558, "confusion_matrix": [[387803, 650], [0, 5167]], "f1_score": 0.9408230152949745, "precision_score": 0.8882585525184803, "recall_score": 1.0, "roc_auc_score": 0.9991633479468558, "train_percent": 0.01, "reduced_by": 3}