{"estimator": {"params": {"metric": "manhattan", "shrink_threshold": null}, "runtime": "0:00:00.037913", "classifier": "NearestCentroid(metric='manhattan', shrink_threshold=None)"}, "accuracy_score": 0.9983190120375294, "balanced_accuracy": 0.9991483266554401, "confusion_matrix": [[309450, 528], [0, 4123]], "f1_score": 0.9398222019603374, "precision_score": 0.8864760266609332, "recall_score": 1.0, "roc_auc_score": 0.9991483266554401, "train_percent": 0.21, "reduced_by": 2}