{"estimator": {"params": {"metric": "manhattan", "shrink_threshold": null}, "runtime": "0:00:00.038261", "classifier": "NearestCentroid(metric='manhattan', shrink_threshold=None)"}, "accuracy_score": 0.9983243888097723, "balanced_accuracy": 0.9991510509403876, "confusion_matrix": [[289866, 493], [0, 3862]], "f1_score": 0.9400024339783376, "precision_score": 0.886796785304248, "recall_score": 1.0, "roc_auc_score": 0.9991510509403876, "train_percent": 0.26, "reduced_by": 4}