{"estimator": {"params": {"metric": "manhattan", "shrink_threshold": null}, "runtime": "0:00:00.020971", "classifier": "NearestCentroid(metric='manhattan', shrink_threshold=None)"}, "accuracy_score": 0.9782302728519893, "balanced_accuracy": 0.9889703516255506, "confusion_matrix": [[379884, 8569], [0, 5167]], "f1_score": 0.5466857112627626, "precision_score": 0.3761648223645894, "recall_score": 1.0, "roc_auc_score": 0.9889703516255506, "train_percent": 0.01, "reduced_by": 0}