{"estimator": {"params": {"metric": "manhattan", "shrink_threshold": null}, "runtime": "0:00:00.015730", "classifier": "NearestCentroid(metric='manhattan', shrink_threshold=None)"}, "accuracy_score": 0.9603245736383366, "balanced_accuracy": 0.9798984142209886, "confusion_matrix": [[376225, 15759], [0, 5214]], "f1_score": 0.3982128537060374, "precision_score": 0.24860534973537404, "recall_score": 1.0, "roc_auc_score": 0.9798984142209886, "train_percent": 0.001, "reduced_by": 4}