{"estimator": {"params": {"metric": "manhattan", "shrink_threshold": null}, "runtime": "0:00:00.131184", "classifier": "NearestCentroid(metric='manhattan', shrink_threshold=None)"}, "accuracy_score": 0.9790239338423928, "balanced_accuracy": 0.9893724386812649, "confusion_matrix": [[192018, 4170], [0, 2610]], "f1_score": 0.5559105431309904, "precision_score": 0.38495575221238937, "recall_score": 1.0, "roc_auc_score": 0.9893724386812649, "train_percent": 0.5, "reduced_by": 0}