{"estimator": {"params": {"metric": "manhattan", "shrink_threshold": null}, "runtime": "0:00:00.031638", "classifier": "NearestCentroid(metric='manhattan', shrink_threshold=None)"}, "accuracy_score": 0.9983382238457392, "balanced_accuracy": 0.9991580601706331, "confusion_matrix": [[329041, 555], [0, 4384]], "f1_score": 0.9404698058564839, "precision_score": 0.88762907471148, "recall_score": 1.0, "roc_auc_score": 0.9991580601706331, "train_percent": 0.16, "reduced_by": 4}