{"estimator": {"params": {"metric": "manhattan", "shrink_threshold": null}, "runtime": "0:00:00.110957", "classifier": "NearestCentroid(metric='manhattan', shrink_threshold=None)"}, "accuracy_score": 0.998390325858409, "balanced_accuracy": 0.9991844557261402, "confusion_matrix": [[195868, 320], [0, 2610]], "f1_score": 0.9422382671480144, "precision_score": 0.8907849829351536, "recall_score": 1.0, "roc_auc_score": 0.9991844557261402, "train_percent": 0.5, "reduced_by": 2}