{"estimator": {"params": {"metric": "manhattan", "shrink_threshold": null}, "runtime": "0:00:00.097435", "classifier": "NearestCentroid(metric='manhattan', shrink_threshold=None)"}, "accuracy_score": 0.9982142677491725, "balanced_accuracy": 0.9990952555711868, "confusion_matrix": [[195833, 355], [0, 2610]], "f1_score": 0.9363228699551569, "precision_score": 0.8802698145025295, "recall_score": 1.0, "roc_auc_score": 0.9990952555711868, "train_percent": 0.5, "reduced_by": 2}