{"estimator": {"params": {"metric": "manhattan", "shrink_threshold": null}, "runtime": "0:00:00.019164", "classifier": "NearestCentroid(metric='manhattan', shrink_threshold=None)"}, "accuracy_score": 0.9837635282760022, "balanced_accuracy": 0.9917737795820858, "confusion_matrix": [[382062, 6391], [0, 5167]], "f1_score": 0.6178774289985052, "precision_score": 0.4470496625713791, "recall_score": 1.0, "roc_auc_score": 0.9917737795820858, "train_percent": 0.01, "reduced_by": 2}