{"estimator": {"params": {"metric": "manhattan", "shrink_threshold": null}, "runtime": "0:00:00.016907", "classifier": "NearestCentroid(metric='manhattan', shrink_threshold=None)"}, "accuracy_score": 0.9983433954853751, "balanced_accuracy": 0.9991606800277562, "confusion_matrix": [[391326, 658], [0, 5214]], "f1_score": 0.9406458596427927, "precision_score": 0.8879427792915532, "recall_score": 1.0, "roc_auc_score": 0.9991606800277562, "train_percent": 0.001, "reduced_by": 2}