{"estimator": {"params": {"metric": "manhattan", "shrink_threshold": null}, "runtime": "0:00:00.024617", "classifier": "NearestCentroid(metric='manhattan', shrink_threshold=None)"}, "accuracy_score": 0.995713720190562, "balanced_accuracy": 0.9969647988874887, "confusion_matrix": [[71798, 312], [2, 1145]], "f1_score": 0.8794162826420892, "precision_score": 0.7858613589567605, "recall_score": 0.998256320836966, "roc_auc_score": 0.9969647988874887, "train_percent": 0.45, "reduced_by": 1}