{"estimator": {"params": {"metric": "manhattan", "shrink_threshold": null}, "runtime": "0:00:00.012893", "classifier": "NearestCentroid(metric='manhattan', shrink_threshold=None)"}, "accuracy_score": 0.995751879341969, "balanced_accuracy": 0.9966478608203333, "confusion_matrix": [[103132, 443], [4, 1644]], "f1_score": 0.8803212851405623, "precision_score": 0.7877335888835649, "recall_score": 0.9975728155339806, "roc_auc_score": 0.9966478608203334, "train_percent": 0.21, "reduced_by": 3}