{"estimator": {"params": {"metric": "manhattan", "shrink_threshold": null}, "runtime": "0:00:00.015501", "classifier": "NearestCentroid(metric='manhattan', shrink_threshold=None)"}, "accuracy_score": 0.9956454588356429, "balanced_accuracy": 0.9974510750415544, "confusion_matrix": [[91371, 405], [1, 1459]], "f1_score": 0.877858002406739, "precision_score": 0.782725321888412, "recall_score": 0.9993150684931507, "roc_auc_score": 0.9974510750415544, "train_percent": 0.3, "reduced_by": 4}