{"estimator": {"params": {"metric": "manhattan", "shrink_threshold": null}, "runtime": "0:00:00.010570", "classifier": "NearestCentroid(metric='manhattan', shrink_threshold=None)"}, "accuracy_score": 0.9979585294663494, "balanced_accuracy": 0.9989630200968419, "confusion_matrix": [[116443, 242], [0, 1857]], "f1_score": 0.9388270980788676, "precision_score": 0.8847070033349214, "recall_score": 1.0, "roc_auc_score": 0.9989630200968419, "train_percent": 0.11, "reduced_by": 4}