{"estimator": {"params": {"metric": "manhattan", "shrink_threshold": null}, "runtime": "0:00:00.015138", "classifier": "NearestCentroid(metric='manhattan', shrink_threshold=None)"}, "accuracy_score": 0.9958605156093058, "balanced_accuracy": 0.9966225968130702, "confusion_matrix": [[96615, 404], [4, 1540]], "f1_score": 0.8830275229357797, "precision_score": 0.7921810699588477, "recall_score": 0.9974093264248705, "roc_auc_score": 0.9966225968130701, "train_percent": 0.26, "reduced_by": 2}