{"estimator": {"params": {"metric": "manhattan", "shrink_threshold": null}, "runtime": "0:00:00.014409", "classifier": "NearestCentroid(metric='manhattan', shrink_threshold=None)"}, "accuracy_score": 0.995808901095768, "balanced_accuracy": 0.9972739666158147, "confusion_matrix": [[103136, 439], [2, 1646]], "f1_score": 0.8818644521832307, "precision_score": 0.7894484412470024, "recall_score": 0.9987864077669902, "roc_auc_score": 0.9972739666158147, "train_percent": 0.21, "reduced_by": 2}