{"estimator": {"params": {"metric": "manhattan", "shrink_threshold": null}, "runtime": "0:00:00.015037", "classifier": "NearestCentroid(metric='manhattan', shrink_threshold=None)"}, "accuracy_score": 0.9934661079715512, "balanced_accuracy": 0.9966810624722993, "confusion_matrix": [[96375, 644], [0, 1544]], "f1_score": 0.827438370846731, "precision_score": 0.7056672760511883, "recall_score": 1.0, "roc_auc_score": 0.9966810624722993, "train_percent": 0.26, "reduced_by": 3}