{"estimator": {"params": {"metric": "manhattan", "shrink_threshold": null}, "runtime": "0:00:00.031098", "classifier": "NearestCentroid(metric='manhattan', shrink_threshold=None)"}, "accuracy_score": 0.9959707693077732, "balanced_accuracy": 0.9971673107021444, "confusion_matrix": [[78344, 320], [2, 1250]], "f1_score": 0.8858965272856131, "precision_score": 0.7961783439490446, "recall_score": 0.9984025559105432, "roc_auc_score": 0.9971673107021444, "train_percent": 0.4, "reduced_by": 2}