{"estimator": {"params": {"metric": "manhattan", "shrink_threshold": null}, "runtime": "0:00:00.010601", "classifier": "NearestCentroid(metric='manhattan', shrink_threshold=None)"}, "accuracy_score": 0.9959505439210237, "balanced_accuracy": 0.9976921398035543, "confusion_matrix": [[122735, 506], [1, 1960]], "f1_score": 0.8854754913033658, "precision_score": 0.7948094079480941, "recall_score": 0.9994900560938297, "roc_auc_score": 0.9976921398035543, "train_percent": 0.06, "reduced_by": 0}