{"estimator": {"params": {"metric": "manhattan", "shrink_threshold": null}, "runtime": "0:00:00.019514", "classifier": "NearestCentroid(metric='manhattan', shrink_threshold=None)"}, "accuracy_score": 0.9977226087391762, "balanced_accuracy": 0.9988431811247839, "confusion_matrix": [[78482, 182], [0, 1252]], "f1_score": 0.932241250930752, "precision_score": 0.8730822873082287, "recall_score": 1.0, "roc_auc_score": 0.9988431811247839, "train_percent": 0.4, "reduced_by": 4}