{"estimator": {"params": {"metric": "manhattan", "shrink_threshold": null}, "runtime": "0:00:00.011076", "classifier": "NearestCentroid(metric='manhattan', shrink_threshold=None)"}, "accuracy_score": 0.9930235697052522, "balanced_accuracy": 0.9961913047174286, "confusion_matrix": [[115859, 826], [1, 1856]], "f1_score": 0.8178012778144965, "precision_score": 0.692020879940343, "recall_score": 0.9994614970382337, "roc_auc_score": 0.9961913047174286, "train_percent": 0.11, "reduced_by": 2}