{"estimator": {"params": {"metric": "manhattan", "shrink_threshold": null}, "runtime": "0:00:00.018320", "classifier": "NearestCentroid(metric='manhattan', shrink_threshold=None)"}, "accuracy_score": 0.9956880370930268, "balanced_accuracy": 0.9965349851081464, "confusion_matrix": [[96598, 421], [4, 1540]], "f1_score": 0.8787446504992866, "precision_score": 0.7853136155022947, "recall_score": 0.9974093264248705, "roc_auc_score": 0.9965349851081463, "train_percent": 0.26, "reduced_by": 0}