{"estimator": {"params": {"metric": "manhattan", "shrink_threshold": null}, "runtime": "0:00:00.019529", "classifier": "NearestCentroid(metric='manhattan', shrink_threshold=None)"}, "accuracy_score": 0.9939311276840682, "balanced_accuracy": 0.996917268381979, "confusion_matrix": [[78179, 485], [0, 1252]], "f1_score": 0.8377383740381398, "precision_score": 0.7207829591249281, "recall_score": 1.0, "roc_auc_score": 0.996917268381979, "train_percent": 0.4, "reduced_by": 3}