{"estimator": {"params": {"metric": "manhattan", "shrink_threshold": null}, "runtime": "0:00:00.016337", "classifier": "NearestCentroid(metric='manhattan', shrink_threshold=None)"}, "accuracy_score": 0.9933139210454227, "balanced_accuracy": 0.9966037580267783, "confusion_matrix": [[96360, 659], [0, 1544]], "f1_score": 0.8241259674406192, "precision_score": 0.7008624602814344, "recall_score": 1.0, "roc_auc_score": 0.9966037580267783, "train_percent": 0.26, "reduced_by": 1}