{"estimator": {"params": {"metric": "manhattan", "shrink_threshold": null}, "runtime": "0:00:00.014636", "classifier": "NearestCentroid(metric='manhattan', shrink_threshold=None)"}, "accuracy_score": 0.9979606951898785, "balanced_accuracy": 0.9989641204300188, "confusion_matrix": [[96818, 201], [0, 1544]], "f1_score": 0.938887199756765, "precision_score": 0.8848137535816619, "recall_score": 1.0, "roc_auc_score": 0.9989641204300189, "train_percent": 0.26, "reduced_by": 4}