{"estimator": {"params": {"metric": "manhattan", "shrink_threshold": null}, "runtime": "0:00:00.022314", "classifier": "NearestCentroid(metric='manhattan', shrink_threshold=None)"}, "accuracy_score": 0.9935732840818655, "balanced_accuracy": 0.996735515758001, "confusion_matrix": [[65126, 428], [0, 1043]], "f1_score": 0.8297533810660302, "precision_score": 0.7090414683888511, "recall_score": 1.0, "roc_auc_score": 0.996735515758001, "train_percent": 0.5, "reduced_by": 3}