{"estimator": {"params": {"metric": "manhattan", "shrink_threshold": null}, "runtime": "0:00:00.018613", "classifier": "NearestCentroid(metric='manhattan', shrink_threshold=None)"}, "accuracy_score": 0.9958956904749987, "balanced_accuracy": 0.9971291738161483, "confusion_matrix": [[78338, 326], [2, 1250]], "f1_score": 0.884016973125884, "precision_score": 0.7931472081218274, "recall_score": 0.9984025559105432, "roc_auc_score": 0.9971291738161483, "train_percent": 0.4, "reduced_by": 4}