{"estimator": {"params": {"metric": "manhattan", "shrink_threshold": null}, "runtime": "0:00:00.011471", "classifier": "NearestCentroid(metric='manhattan', shrink_threshold=None)"}, "accuracy_score": 0.993671960887713, "balanced_accuracy": 0.9967856461849979, "confusion_matrix": [[109423, 708], [0, 1752]], "f1_score": 0.8319088319088319, "precision_score": 0.7121951219512195, "recall_score": 1.0, "roc_auc_score": 0.9967856461849979, "train_percent": 0.16, "reduced_by": 3}