{"estimator": {"params": {"metric": "manhattan", "shrink_threshold": null}, "runtime": "0:00:00.009773", "classifier": "NearestCentroid(metric='manhattan', shrink_threshold=None)"}, "accuracy_score": 0.9957908020638648, "balanced_accuracy": 0.996858253390668, "confusion_matrix": [[122718, 523], [4, 1957]], "f1_score": 0.881333033100653, "precision_score": 0.7891129032258064, "recall_score": 0.9979602243753187, "roc_auc_score": 0.9968582533906681, "train_percent": 0.06, "reduced_by": 1}