{"estimator": {"params": {"metric": "manhattan", "shrink_threshold": null}, "runtime": "0:00:00.011038", "classifier": "NearestCentroid(metric='manhattan', shrink_threshold=None)"}, "accuracy_score": 0.9935634627389448, "balanced_accuracy": 0.9967305137764066, "confusion_matrix": [[115922, 763], [0, 1857]], "f1_score": 0.8295733750279205, "precision_score": 0.7087786259541985, "recall_score": 1.0, "roc_auc_score": 0.9967305137764066, "train_percent": 0.11, "reduced_by": 3}