{"estimator": {"params": {"metric": "manhattan", "shrink_threshold": null}, "runtime": "0:00:00.018313", "classifier": "NearestCentroid(metric='manhattan', shrink_threshold=None)"}, "accuracy_score": 0.9940545640859146, "balanced_accuracy": 0.9969799729949804, "confusion_matrix": [[96433, 586], [0, 1544]], "f1_score": 0.8405008165487207, "precision_score": 0.7248826291079812, "recall_score": 1.0, "roc_auc_score": 0.9969799729949804, "train_percent": 0.26, "reduced_by": 0}