{"estimator": {"params": {"metric": "manhattan", "shrink_threshold": null}, "runtime": "0:00:00.010277", "classifier": "NearestCentroid(metric='manhattan', shrink_threshold=None)"}, "accuracy_score": 0.9957652140169729, "balanced_accuracy": 0.9970540101372023, "confusion_matrix": [[116186, 499], [3, 1854]], "f1_score": 0.8807600950118765, "precision_score": 0.7879303017424565, "recall_score": 0.9983844911147012, "roc_auc_score": 0.9970540101372024, "train_percent": 0.11, "reduced_by": 4}