{"estimator": {"params": {"metric": "manhattan", "shrink_threshold": null}, "runtime": "0:00:00.013425", "classifier": "NearestCentroid(metric='manhattan', shrink_threshold=None)"}, "accuracy_score": 0.9957187419000205, "balanced_accuracy": 0.9975444690422435, "confusion_matrix": [[109653, 478], [1, 1751]], "f1_score": 0.8796784727455411, "precision_score": 0.7855540601166442, "recall_score": 0.9994292237442922, "roc_auc_score": 0.9975444690422435, "train_percent": 0.16, "reduced_by": 1}