{"estimator": {"params": {"metric": "manhattan", "shrink_threshold": null}, "runtime": "0:00:00.012723", "classifier": "NearestCentroid(metric='manhattan', shrink_threshold=None)"}, "accuracy_score": 0.9932876308286335, "balanced_accuracy": 0.9965904241312619, "confusion_matrix": [[109380, 751], [0, 1752]], "f1_score": 0.8235017626321974, "precision_score": 0.699960047942469, "recall_score": 1.0, "roc_auc_score": 0.9965904241312619, "train_percent": 0.16, "reduced_by": 1}