{"estimator": {"params": {"metric": "manhattan", "shrink_threshold": null}, "runtime": "0:00:00.013658", "classifier": "NearestCentroid(metric='manhattan', shrink_threshold=None)"}, "accuracy_score": 0.9955808140805718, "balanced_accuracy": 0.9974566791804635, "confusion_matrix": [[103111, 464], [1, 1647]], "f1_score": 0.876296887470072, "precision_score": 0.7801989578398864, "recall_score": 0.9993932038834952, "roc_auc_score": 0.9974566791804635, "train_percent": 0.21, "reduced_by": 3}