{"estimator": {"params": {"metric": "manhattan", "shrink_threshold": null}, "runtime": "0:00:00.008153", "classifier": "NearestCentroid(metric='manhattan', shrink_threshold=None)"}, "accuracy_score": 0.9933491074001608, "balanced_accuracy": 0.9966216476497916, "confusion_matrix": [[128920, 877], [0, 2065]], "f1_score": 0.8248452166966247, "precision_score": 0.7019034670292318, "recall_score": 1.0, "roc_auc_score": 0.9966216476497917, "train_percent": 0.01, "reduced_by": 1}