{"estimator": {"params": {"metric": "manhattan", "shrink_threshold": null}, "runtime": "0:00:00.007666", "classifier": "NearestCentroid(metric='manhattan', shrink_threshold=None)"}, "accuracy_score": 0.9938148203817827, "balanced_accuracy": 0.9968582030295627, "confusion_matrix": [[130153, 823], [0, 2084]], "f1_score": 0.8351031857343217, "precision_score": 0.716890264877881, "recall_score": 1.0, "roc_auc_score": 0.9968582030295627, "train_percent": 0.001, "reduced_by": 1}