{"estimator": {"params": {"metric": "manhattan", "shrink_threshold": null}, "runtime": "0:00:00.026040", "classifier": "NearestCentroid(metric='manhattan', shrink_threshold=None)"}, "accuracy_score": 0.9932129074883252, "balanced_accuracy": 0.996552460566861, "confusion_matrix": [[65102, 452], [0, 1043]], "f1_score": 0.8219070133963752, "precision_score": 0.6976588628762542, "recall_score": 1.0, "roc_auc_score": 0.996552460566861, "train_percent": 0.5, "reduced_by": 1}