{"estimator": {"params": {"metric": "manhattan", "shrink_threshold": null}, "runtime": "0:00:00.016831", "classifier": "NearestCentroid(metric='manhattan', shrink_threshold=None)"}, "accuracy_score": 0.9955662875521241, "balanced_accuracy": 0.997429183253299, "confusion_matrix": [[96583, 436], [1, 1543]], "f1_score": 0.8759579903491342, "precision_score": 0.7796867104598282, "recall_score": 0.9993523316062176, "roc_auc_score": 0.997429183253299, "train_percent": 0.26, "reduced_by": 1}