{"estimator": {"params": {"metric": "manhattan", "shrink_threshold": null}, "runtime": "0:00:00.024089", "classifier": "NearestCentroid(metric='manhattan', shrink_threshold=None)"}, "accuracy_score": 0.9959594304981094, "balanced_accuracy": 0.9975185941462821, "confusion_matrix": [[71815, 295], [1, 1146]], "f1_score": 0.8856259659969088, "precision_score": 0.7952810548230396, "recall_score": 0.999128160418483, "roc_auc_score": 0.9975185941462821, "train_percent": 0.45, "reduced_by": 1}