{"estimator": {"params": {"metric": "manhattan", "shrink_threshold": null}, "runtime": "0:00:00.024721", "classifier": "NearestCentroid(metric='manhattan', shrink_threshold=None)"}, "accuracy_score": 0.9933180173281079, "balanced_accuracy": 0.996134092578481, "confusion_matrix": [[65110, 444], [1, 1042]], "f1_score": 0.8240411229735073, "precision_score": 0.7012113055181696, "recall_score": 0.9990412272291467, "roc_auc_score": 0.996134092578481, "train_percent": 0.5, "reduced_by": 2}