{"estimator": {"params": {"metric": "manhattan", "shrink_threshold": null}, "runtime": "0:00:00.007268", "classifier": "NearestCentroid(metric='manhattan', shrink_threshold=None)"}, "accuracy_score": 0.9925747782955058, "balanced_accuracy": 0.9959922109068757, "confusion_matrix": [[129989, 987], [1, 2083]], "f1_score": 0.8083042297244858, "precision_score": 0.6785016286644951, "recall_score": 0.9995201535508638, "roc_auc_score": 0.9959922109068757, "train_percent": 0.001, "reduced_by": 2}