{"estimator": {"params": {"metric": "manhattan", "shrink_threshold": null}, "runtime": "0:00:00.013555", "classifier": "NearestCentroid(metric='manhattan', shrink_threshold=None)"}, "accuracy_score": 0.9929958279083471, "balanced_accuracy": 0.9961436210100556, "confusion_matrix": [[102839, 736], [1, 1647]], "f1_score": 0.8171669560903001, "precision_score": 0.6911456147712967, "recall_score": 0.9993932038834952, "roc_auc_score": 0.9961436210100556, "train_percent": 0.21, "reduced_by": 2}