{"estimator": {"params": {"metric": "manhattan", "shrink_threshold": null}, "runtime": "0:00:00.019885", "classifier": "NearestCentroid(metric='manhattan', shrink_threshold=None)"}, "accuracy_score": 0.9979797152490547, "balanced_accuracy": 0.9989737900429898, "confusion_matrix": [[71962, 148], [0, 1147]], "f1_score": 0.9393939393939393, "precision_score": 0.8857142857142857, "recall_score": 1.0, "roc_auc_score": 0.9989737900429898, "train_percent": 0.45, "reduced_by": 4}