{"estimator": {"params": {"metric": "manhattan", "shrink_threshold": null}, "runtime": "0:00:00.018019", "classifier": "NearestCentroid(metric='manhattan', shrink_threshold=None)"}, "accuracy_score": 0.9962156184369388, "balanced_accuracy": 0.9977590155541884, "confusion_matrix": [[96647, 372], [1, 1543]], "f1_score": 0.8921653657126337, "precision_score": 0.8057441253263707, "recall_score": 0.9993523316062176, "roc_auc_score": 0.9977590155541886, "train_percent": 0.26, "reduced_by": 0}