{"estimator": {"params": {"metric": "manhattan", "shrink_threshold": null}, "runtime": "0:00:00.018570", "classifier": "NearestCentroid(metric='manhattan', shrink_threshold=None)"}, "accuracy_score": 0.9958206116422244, "balanced_accuracy": 0.9966980320554539, "confusion_matrix": [[78333, 331], [3, 1249]], "f1_score": 0.8820621468926554, "precision_score": 0.790506329113924, "recall_score": 0.9976038338658147, "roc_auc_score": 0.9966980320554539, "train_percent": 0.4, "reduced_by": 4}