{"estimator": {"params": {"metric": "manhattan", "shrink_threshold": null}, "runtime": "0:00:00.020520", "classifier": "NearestCentroid(metric='manhattan', shrink_threshold=None)"}, "accuracy_score": 0.9958502259169772, "balanced_accuracy": 0.9974631233377951, "confusion_matrix": [[71807, 303], [1, 1146]], "f1_score": 0.8828967642526965, "precision_score": 0.7908902691511387, "recall_score": 0.999128160418483, "roc_auc_score": 0.9974631233377951, "train_percent": 0.45, "reduced_by": 4}