{"estimator": {"params": {"metric": "manhattan", "shrink_threshold": null}, "runtime": "0:00:00.009227", "classifier": "NearestCentroid(metric='manhattan', shrink_threshold=None)"}, "accuracy_score": 0.9957748278781489, "balanced_accuracy": 0.9973519689312782, "confusion_matrix": [[122714, 527], [2, 1959]], "f1_score": 0.8810434000449742, "precision_score": 0.7880128720836685, "recall_score": 0.9989801121876594, "roc_auc_score": 0.9973519689312782, "train_percent": 0.06, "reduced_by": 2}