{"estimator": {"params": {"metric": "manhattan", "shrink_threshold": null}, "runtime": "0:00:00.012117", "classifier": "NearestCentroid(metric='manhattan', shrink_threshold=None)"}, "accuracy_score": 0.9941033557726375, "balanced_accuracy": 0.9970047563954236, "confusion_matrix": [[115986, 699], [0, 1857]], "f1_score": 0.8416043507817812, "precision_score": 0.7265258215962441, "recall_score": 1.0, "roc_auc_score": 0.9970047563954235, "train_percent": 0.11, "reduced_by": 0}