{"estimator": {"params": {"metric": "manhattan", "shrink_threshold": null}, "runtime": "0:00:00.022492", "classifier": "NearestCentroid(metric='manhattan', shrink_threshold=None)"}, "accuracy_score": 0.9940437459332299, "balanced_accuracy": 0.9969744737109733, "confusion_matrix": [[78188, 476], [0, 1252]], "f1_score": 0.8402684563758389, "precision_score": 0.7245370370370371, "recall_score": 1.0, "roc_auc_score": 0.9969744737109733, "train_percent": 0.4, "reduced_by": 0}