{"estimator": {"params": {"metric": "manhattan", "shrink_threshold": null}, "runtime": "0:00:00.021207", "classifier": "NearestCentroid(metric='manhattan', shrink_threshold=None)"}, "accuracy_score": 0.9958080985034286, "balanced_accuracy": 0.997084680782486, "confusion_matrix": [[78331, 333], [2, 1250]], "f1_score": 0.8818342151675485, "precision_score": 0.7896399241945673, "recall_score": 0.9984025559105432, "roc_auc_score": 0.9970846807824861, "train_percent": 0.4, "reduced_by": 2}