{"estimator": {"params": {"metric": "manhattan", "shrink_threshold": null}, "runtime": "0:00:00.014126", "classifier": "NearestCentroid(metric='manhattan', shrink_threshold=None)"}, "accuracy_score": 0.9934905193207776, "balanced_accuracy": 0.9966934705171169, "confusion_matrix": [[122426, 815], [0, 1961]], "f1_score": 0.8279501794384632, "precision_score": 0.7064121037463977, "recall_score": 1.0, "roc_auc_score": 0.9966934705171169, "train_percent": 0.06, "reduced_by": 1}