{"estimator": {"params": {"metric": "manhattan", "shrink_threshold": null}, "runtime": "0:00:00.019461", "classifier": "NearestCentroid(metric='manhattan', shrink_threshold=None)"}, "accuracy_score": 0.9959226575494363, "balanced_accuracy": 0.9968402967436703, "confusion_matrix": [[84870, 350], [3, 1353]], "f1_score": 0.8846028113762667, "precision_score": 0.7944803288314739, "recall_score": 0.9977876106194691, "roc_auc_score": 0.9968402967436703, "train_percent": 0.35, "reduced_by": 3}