{"estimator": {"params": {"metric": "manhattan", "shrink_threshold": null}, "runtime": "0:00:00.013109", "classifier": "NearestCentroid(metric='manhattan', shrink_threshold=None)"}, "accuracy_score": 0.9958081209835274, "balanced_accuracy": 0.997309021439764, "confusion_matrix": [[109664, 467], [2, 1750]], "f1_score": 0.8818342151675486, "precision_score": 0.7893549842129003, "recall_score": 0.9988584474885844, "roc_auc_score": 0.997309021439764, "train_percent": 0.16, "reduced_by": 2}