{"estimator": {"params": {"metric": "manhattan", "shrink_threshold": null}, "runtime": "0:00:00.017722", "classifier": "NearestCentroid(metric='manhattan', shrink_threshold=None)"}, "accuracy_score": 0.9959573091849935, "balanced_accuracy": 0.9975836270378455, "confusion_matrix": [[84871, 349], [1, 1355]], "f1_score": 0.8856209150326797, "precision_score": 0.79518779342723, "recall_score": 0.9992625368731564, "roc_auc_score": 0.9975836270378455, "train_percent": 0.35, "reduced_by": 4}