{"estimator": {"params": {"metric": "manhattan", "shrink_threshold": null}, "runtime": "0:00:00.016197", "classifier": "NearestCentroid(metric='manhattan', shrink_threshold=None)"}, "accuracy_score": 0.9943643499995248, "balanced_accuracy": 0.997137340091721, "confusion_matrix": [[102982, 593], [0, 1648]], "f1_score": 0.8475186423245049, "precision_score": 0.7353859883980366, "recall_score": 1.0, "roc_auc_score": 0.997137340091721, "train_percent": 0.21, "reduced_by": 0}