{"estimator": {"params": {"metric": "manhattan", "shrink_threshold": null}, "runtime": "0:00:00.021835", "classifier": "NearestCentroid(metric='manhattan', shrink_threshold=None)"}, "accuracy_score": 0.9958857005570821, "balanced_accuracy": 0.9969666017295585, "confusion_matrix": [[65282, 272], [2, 1041]], "f1_score": 0.8837011884550084, "precision_score": 0.7928408225437928, "recall_score": 0.9980824544582934, "roc_auc_score": 0.9969666017295585, "train_percent": 0.5, "reduced_by": 4}