{"estimator": {"params": {"metric": "manhattan", "shrink_threshold": null}, "runtime": "0:00:00.022029", "classifier": "NearestCentroid(metric='manhattan', shrink_threshold=None)"}, "accuracy_score": 0.9934055758546474, "balanced_accuracy": 0.9966503101800062, "confusion_matrix": [[78137, 527], [0, 1252]], "f1_score": 0.8261299901022764, "precision_score": 0.7037661607644744, "recall_score": 1.0, "roc_auc_score": 0.9966503101800062, "train_percent": 0.4, "reduced_by": 1}