{"estimator": {"params": {"metric": "manhattan", "shrink_threshold": null}, "runtime": "0:00:00.016340", "classifier": "NearestCentroid(metric='manhattan', shrink_threshold=None)"}, "accuracy_score": 0.9978631491406394, "balanced_accuracy": 0.9989145740436518, "confusion_matrix": [[85035, 185], [0, 1356]], "f1_score": 0.9361408353469106, "precision_score": 0.8799480856586632, "recall_score": 1.0, "roc_auc_score": 0.9989145740436518, "train_percent": 0.35, "reduced_by": 4}