{"estimator": {"params": {"metric": "manhattan", "shrink_threshold": null}, "runtime": "0:00:00.006339", "classifier": "NearestCentroid(metric='manhattan', shrink_threshold=None)"}, "accuracy_score": 0.9979372374148732, "balanced_accuracy": 0.998952209989445, "confusion_matrix": [[129525, 272], [0, 2065]], "f1_score": 0.9382099045888233, "precision_score": 0.8836114676936243, "recall_score": 1.0, "roc_auc_score": 0.9989522099894451, "train_percent": 0.01, "reduced_by": 4}