{"estimator": {"params": {"metric": "manhattan", "shrink_threshold": null}, "runtime": "0:00:00.006471", "classifier": "NearestCentroid(metric='manhattan', shrink_threshold=None)"}, "accuracy_score": 0.9930783105366, "balanced_accuracy": 0.996484088688004, "confusion_matrix": [[130055, 921], [0, 2084]], "f1_score": 0.8190214187463156, "precision_score": 0.6935108153078203, "recall_score": 1.0, "roc_auc_score": 0.996484088688004, "train_percent": 0.001, "reduced_by": 3}