{"estimator": {"params": {"metric": "manhattan", "shrink_threshold": null}, "runtime": "0:00:00.009197", "classifier": "NearestCentroid(metric='manhattan', shrink_threshold=None)"}, "accuracy_score": 0.9957508665995751, "balanced_accuracy": 0.9968379679337178, "confusion_matrix": [[122713, 528], [4, 1957]], "f1_score": 0.8803418803418803, "precision_score": 0.7875251509054326, "recall_score": 0.9979602243753187, "roc_auc_score": 0.9968379679337178, "train_percent": 0.06, "reduced_by": 3}