{"estimator": {"params": {"metric": "manhattan", "shrink_threshold": null}, "runtime": "0:00:00.019251", "classifier": "NearestCentroid(metric='manhattan', shrink_threshold=None)"}, "accuracy_score": 0.9957634390149728, "balanced_accuracy": 0.9968369681511626, "confusion_matrix": [[91384, 392], [3, 1457]], "f1_score": 0.8806285886974916, "precision_score": 0.7879935100054083, "recall_score": 0.9979452054794521, "roc_auc_score": 0.9968369681511626, "train_percent": 0.3, "reduced_by": 0}