{"estimator": {"params": {"metric": "manhattan", "shrink_threshold": null}, "runtime": "0:00:00.020441", "classifier": "NearestCentroid(metric='manhattan', shrink_threshold=None)"}, "accuracy_score": 0.9957262982812789, "balanced_accuracy": 0.9974662836912133, "confusion_matrix": [[84851, 369], [1, 1355]], "f1_score": 0.8798701298701299, "precision_score": 0.7859628770301624, "recall_score": 0.9992625368731564, "roc_auc_score": 0.9974662836912133, "train_percent": 0.35, "reduced_by": 2}