{"estimator": {"params": {"metric": "manhattan", "shrink_threshold": null}, "runtime": "0:00:00.016490", "classifier": "NearestCentroid(metric='manhattan', shrink_threshold=None)"}, "accuracy_score": 0.9977691020635806, "balanced_accuracy": 0.9988668061366806, "confusion_matrix": [[91568, 208], [0, 1460]], "f1_score": 0.9335038363171356, "precision_score": 0.8752997601918465, "recall_score": 1.0, "roc_auc_score": 0.9988668061366806, "train_percent": 0.3, "reduced_by": 4}