{"estimator": {"params": {"metric": "manhattan", "shrink_threshold": null}, "runtime": "0:00:00.019697", "classifier": "NearestCentroid(metric='manhattan', shrink_threshold=None)"}, "accuracy_score": 0.9936240990574755, "balanced_accuracy": 0.99676132363295, "confusion_matrix": [[84668, 552], [0, 1356]], "f1_score": 0.8308823529411764, "precision_score": 0.710691823899371, "recall_score": 1.0, "roc_auc_score": 0.99676132363295, "train_percent": 0.35, "reduced_by": 1}