{"estimator": {"params": {"metric": "manhattan", "shrink_threshold": null}, "runtime": "0:00:00.018755", "classifier": "NearestCentroid(metric='manhattan', shrink_threshold=None)"}, "accuracy_score": 0.9932429533656527, "balanced_accuracy": 0.996567730125523, "confusion_matrix": [[91146, 630], [0, 1460]], "f1_score": 0.8225352112676056, "precision_score": 0.6985645933014354, "recall_score": 1.0, "roc_auc_score": 0.996567730125523, "train_percent": 0.3, "reduced_by": 1}