{"estimator": {"params": {"metric": "manhattan", "shrink_threshold": null}, "runtime": "0:00:00.014434", "classifier": "NearestCentroid(metric='manhattan', shrink_threshold=None)"}, "accuracy_score": 0.9956981828881021, "balanced_accuracy": 0.9971774998722274, "confusion_matrix": [[96597, 422], [2, 1542]], "f1_score": 0.8791334093500569, "precision_score": 0.785132382892057, "recall_score": 0.9987046632124352, "roc_auc_score": 0.9971774998722274, "train_percent": 0.26, "reduced_by": 4}