{"estimator": {"params": {"metric": "manhattan", "shrink_threshold": null}, "runtime": "0:00:00.022108", "classifier": "NearestCentroid(metric='manhattan', shrink_threshold=None)"}, "accuracy_score": 0.9959048282075433, "balanced_accuracy": 0.9962039009229458, "confusion_matrix": [[71814, 296], [4, 1143]], "f1_score": 0.8839907192575406, "precision_score": 0.7943015983321752, "recall_score": 0.9965126416739319, "roc_auc_score": 0.9962039009229458, "train_percent": 0.45, "reduced_by": 3}