{"estimator": {"params": {"metric": "manhattan", "shrink_threshold": null}, "runtime": "0:00:00.018471", "classifier": "NearestCentroid(metric='manhattan', shrink_threshold=None)"}, "accuracy_score": 0.9957489118634781, "balanced_accuracy": 0.9972032680207343, "confusion_matrix": [[96602, 417], [2, 1542]], "f1_score": 0.8803882386525834, "precision_score": 0.7871362940275651, "recall_score": 0.9987046632124352, "roc_auc_score": 0.9972032680207343, "train_percent": 0.26, "reduced_by": 3}