{"estimator": {"params": {"metric": "manhattan", "shrink_threshold": null}, "runtime": "0:00:00.012069", "classifier": "NearestCentroid(metric='manhattan', shrink_threshold=None)"}, "accuracy_score": 0.9936662353636523, "balanced_accuracy": 0.9967827265276978, "confusion_matrix": [[122448, 793], [0, 1961]], "f1_score": 0.8318133616118769, "precision_score": 0.7120551924473493, "recall_score": 1.0, "roc_auc_score": 0.9967827265276978, "train_percent": 0.06, "reduced_by": 3}