{"estimator": {"params": {"metric": "manhattan", "shrink_threshold": null}, "runtime": "0:00:00.016178", "classifier": "NearestCentroid(metric='manhattan', shrink_threshold=None)"}, "accuracy_score": 0.9956669097773392, "balanced_accuracy": 0.997461971136394, "confusion_matrix": [[91373, 403], [1, 1459]], "f1_score": 0.8783865141481035, "precision_score": 0.7835660580021482, "recall_score": 0.9993150684931507, "roc_auc_score": 0.997461971136394, "train_percent": 0.3, "reduced_by": 2}