{"estimator": {"params": {"metric": "manhattan", "shrink_threshold": null}, "runtime": "0:00:00.025539", "classifier": "NearestCentroid(metric='manhattan', shrink_threshold=None)"}, "accuracy_score": 0.9945534215160325, "balanced_accuracy": 0.9972333934267092, "confusion_matrix": [[71711, 399], [0, 1147]], "f1_score": 0.8518380987746008, "precision_score": 0.7419146183699871, "recall_score": 1.0, "roc_auc_score": 0.9972333934267091, "train_percent": 0.45, "reduced_by": 0}