{"estimator": {"params": {"metric": "manhattan", "shrink_threshold": null}, "runtime": "0:00:00.021084", "classifier": "NearestCentroid(metric='manhattan', shrink_threshold=None)"}, "accuracy_score": 0.9957725004620218, "balanced_accuracy": 0.9974897523605397, "confusion_matrix": [[84855, 365], [1, 1355]], "f1_score": 0.8810143042912874, "precision_score": 0.7877906976744186, "recall_score": 0.9992625368731564, "roc_auc_score": 0.9974897523605397, "train_percent": 0.35, "reduced_by": 1}