{"estimator": {"params": {"metric": "manhattan", "shrink_threshold": null}, "runtime": "0:00:00.008209", "classifier": "NearestCentroid(metric='manhattan', shrink_threshold=None)"}, "accuracy_score": 0.996061209706628, "balanced_accuracy": 0.997762249140339, "confusion_matrix": [[129931, 521], [1, 2075]], "f1_score": 0.8882705479452055, "precision_score": 0.7993066255778121, "recall_score": 0.9995183044315993, "roc_auc_score": 0.9977622491403388, "train_percent": 0.005, "reduced_by": 0}