{"estimator": {"params": {"metric": "manhattan", "shrink_threshold": null}, "runtime": "0:00:00.026522", "classifier": "NearestCentroid(metric='manhattan', shrink_threshold=None)"}, "accuracy_score": 0.9960413339339586, "balanced_accuracy": 0.9971312113129498, "confusion_matrix": [[71822, 288], [2, 1145]], "f1_score": 0.8875968992248062, "precision_score": 0.7990230286113049, "recall_score": 0.998256320836966, "roc_auc_score": 0.9971312113129497, "train_percent": 0.45, "reduced_by": 0}