{"estimator": {"params": {"metric": "manhattan", "shrink_threshold": null}, "runtime": "0:00:00.008595", "classifier": "NearestCentroid(metric='manhattan', shrink_threshold=None)"}, "accuracy_score": 0.9957838569066586, "balanced_accuracy": 0.9976222805379533, "confusion_matrix": [[130416, 560], [1, 2083]], "f1_score": 0.88132007615824, "precision_score": 0.7881195611048052, "recall_score": 0.9995201535508638, "roc_auc_score": 0.9976222805379533, "train_percent": 0.001, "reduced_by": 1}