{"estimator": {"params": {"metric": "manhattan", "shrink_threshold": null}, "runtime": "0:00:00.027867", "classifier": "NearestCentroid(metric='manhattan', shrink_threshold=None)"}, "accuracy_score": 0.994233974503356, "balanced_accuracy": 0.9970711169417579, "confusion_matrix": [[65170, 384], [0, 1043]], "f1_score": 0.8445344129554656, "precision_score": 0.7309039943938332, "recall_score": 1.0, "roc_auc_score": 0.9970711169417579, "train_percent": 0.5, "reduced_by": 0}