{"estimator": {"params": {"metric": "manhattan", "shrink_threshold": null}, "runtime": "0:00:00.013591", "classifier": "NearestCentroid(metric='manhattan', shrink_threshold=None)"}, "accuracy_score": 0.9957138648394362, "balanced_accuracy": 0.9972256924183732, "confusion_matrix": [[103126, 449], [2, 1646]], "f1_score": 0.879508415709324, "precision_score": 0.7856801909307876, "recall_score": 0.9987864077669902, "roc_auc_score": 0.9972256924183732, "train_percent": 0.21, "reduced_by": 4}