{"estimator": {"params": {"metric": "manhattan", "shrink_threshold": null}, "runtime": "0:00:00.022938", "classifier": "NearestCentroid(metric='manhattan', shrink_threshold=None)"}, "accuracy_score": 0.9937753388754659, "balanced_accuracy": 0.9968381639162391, "confusion_matrix": [[71654, 456], [0, 1147]], "f1_score": 0.8341818181818181, "precision_score": 0.7155333749220212, "recall_score": 1.0, "roc_auc_score": 0.9968381639162391, "train_percent": 0.45, "reduced_by": 3}