{"estimator": {"params": {"metric": "manhattan", "shrink_threshold": null}, "runtime": "0:00:00.021323", "classifier": "NearestCentroid(metric='manhattan', shrink_threshold=None)"}, "accuracy_score": 0.9957609499168361, "balanced_accuracy": 0.9967581564010277, "confusion_matrix": [[84856, 364], [3, 1353]], "f1_score": 0.8805727302310445, "precision_score": 0.7880023296447292, "recall_score": 0.9977876106194691, "roc_auc_score": 0.9967581564010276, "train_percent": 0.35, "reduced_by": 2}