{"estimator": {"params": {"metric": "manhattan", "shrink_threshold": null}, "runtime": "0:00:00.011621", "classifier": "NearestCentroid(metric='manhattan', shrink_threshold=None)"}, "accuracy_score": 0.9957736498456243, "balanced_accuracy": 0.9970582951781244, "confusion_matrix": [[116187, 498], [3, 1854]], "f1_score": 0.8809693513898788, "precision_score": 0.7882653061224489, "recall_score": 0.9983844911147012, "roc_auc_score": 0.9970582951781243, "train_percent": 0.11, "reduced_by": 2}