{"estimator": {"params": {"metric": "manhattan", "shrink_threshold": null}, "runtime": "0:00:00.008598", "classifier": "NearestCentroid(metric='manhattan', shrink_threshold=None)"}, "accuracy_score": 0.9960995039831655, "balanced_accuracy": 0.9977826152557642, "confusion_matrix": [[130458, 518], [1, 2083]], "f1_score": 0.889220917822839, "precision_score": 0.8008458285274894, "recall_score": 0.9995201535508638, "roc_auc_score": 0.9977826152557642, "train_percent": 0.001, "reduced_by": 0}