{"estimator": {"params": {"metric": "manhattan", "shrink_threshold": null}, "runtime": "0:00:00.007594", "classifier": "NearestCentroid(metric='manhattan', shrink_threshold=None)"}, "accuracy_score": 0.9936994446456597, "balanced_accuracy": 0.9967995891209027, "confusion_matrix": [[129617, 835], [0, 2076]], "f1_score": 0.8325646681371566, "precision_score": 0.7131569907248368, "recall_score": 1.0, "roc_auc_score": 0.9967995891209027, "train_percent": 0.005, "reduced_by": 3}