{"estimator": {"params": {"metric": "manhattan", "shrink_threshold": null}, "runtime": "0:00:00.011885", "classifier": "NearestCentroid(metric='manhattan', shrink_threshold=None)"}, "accuracy_score": 0.9957544935334233, "balanced_accuracy": 0.996720084993011, "confusion_matrix": [[109660, 471], [4, 1748]], "f1_score": 0.8803827751196174, "precision_score": 0.7877422262280307, "recall_score": 0.997716894977169, "roc_auc_score": 0.9967200849930109, "train_percent": 0.16, "reduced_by": 3}