{"estimator": {"params": {"metric": "manhattan", "shrink_threshold": null}, "runtime": "0:00:00.014445", "classifier": "NearestCentroid(metric='manhattan', shrink_threshold=None)"}, "accuracy_score": 0.9961388235925028, "balanced_accuracy": 0.9977578512870248, "confusion_matrix": [[109700, 431], [1, 1751]], "f1_score": 0.8901881037112354, "precision_score": 0.8024747937671861, "recall_score": 0.9994292237442922, "roc_auc_score": 0.9977578512870247, "train_percent": 0.16, "reduced_by": 0}