{"estimator": {"params": {"metric": "manhattan", "shrink_threshold": null}, "runtime": "0:00:00.013206", "classifier": "NearestCentroid(metric='manhattan', shrink_threshold=None)"}, "accuracy_score": 0.9980422531195651, "balanced_accuracy": 0.9990055515327058, "confusion_matrix": [[103369, 206], [0, 1648]], "f1_score": 0.9411764705882353, "precision_score": 0.8888888888888888, "recall_score": 1.0, "roc_auc_score": 0.9990055515327058, "train_percent": 0.21, "reduced_by": 4}