{"estimator": {"params": {"metric": "manhattan", "shrink_threshold": null}, "runtime": "0:00:00.008790", "classifier": "NearestCentroid(metric='manhattan', shrink_threshold=None)"}, "accuracy_score": 0.993118435349511, "balanced_accuracy": 0.9962674464542935, "confusion_matrix": [[129541, 911], [1, 2075]], "f1_score": 0.8198340576847096, "precision_score": 0.6949095780308104, "recall_score": 0.9995183044315993, "roc_auc_score": 0.9962674464542934, "train_percent": 0.005, "reduced_by": 2}