{"estimator": {"params": {"metric": "manhattan", "shrink_threshold": null}, "runtime": "0:00:00.014278", "classifier": "NearestCentroid(metric='manhattan', shrink_threshold=None)"}, "accuracy_score": 0.9957803902188685, "balanced_accuracy": 0.9969609137180739, "confusion_matrix": [[103134, 441], [3, 1645]], "f1_score": 0.8810926620246384, "precision_score": 0.7885906040268457, "recall_score": 0.9981796116504854, "roc_auc_score": 0.9969609137180739, "train_percent": 0.21, "reduced_by": 2}