{"estimator": {"params": {"metric": "manhattan", "shrink_threshold": null}, "runtime": "0:00:00.011735", "classifier": "NearestCentroid(metric='manhattan', shrink_threshold=None)"}, "accuracy_score": 0.9979174673542898, "balanced_accuracy": 0.9989421688716165, "confusion_matrix": [[109898, 233], [0, 1752]], "f1_score": 0.9376505218089377, "precision_score": 0.8826196473551637, "recall_score": 1.0, "roc_auc_score": 0.9989421688716165, "train_percent": 0.16, "reduced_by": 4}