{"estimator": {"params": {"metric": "manhattan", "shrink_threshold": null}, "runtime": "0:00:00.017118", "classifier": "NearestCentroid(metric='manhattan', shrink_threshold=None)"}, "accuracy_score": 0.9957061632164127, "balanced_accuracy": 0.9975539477306694, "confusion_matrix": [[116177, 508], [1, 1856]], "f1_score": 0.8794124615020138, "precision_score": 0.7851099830795262, "recall_score": 0.9994614970382337, "roc_auc_score": 0.9975539477306695, "train_percent": 0.11, "reduced_by": 1}