{"estimator": {"params": {"metric": "manhattan", "shrink_threshold": null}, "runtime": "0:00:00.014126", "classifier": "NearestCentroid(metric='manhattan', shrink_threshold=None)"}, "accuracy_score": 0.9937085998308355, "balanced_accuracy": 0.9968042481293748, "confusion_matrix": [[102913, 662], [0, 1648]], "f1_score": 0.832743810005053, "precision_score": 0.7134199134199134, "recall_score": 1.0, "roc_auc_score": 0.9968042481293748, "train_percent": 0.21, "reduced_by": 3}