{"estimator": {"params": {"metric": "manhattan", "shrink_threshold": null}, "runtime": "0:00:00.025579", "classifier": "NearestCentroid(metric='manhattan', shrink_threshold=None)"}, "accuracy_score": 0.9959157319398771, "balanced_accuracy": 0.9969818563288202, "confusion_matrix": [[65284, 270], [2, 1041]], "f1_score": 0.8844519966015294, "precision_score": 0.7940503432494279, "recall_score": 0.9980824544582934, "roc_auc_score": 0.9969818563288203, "train_percent": 0.5, "reduced_by": 2}