{"estimator": {"params": {"metric": "manhattan", "shrink_threshold": null}, "runtime": "0:00:00.028913", "classifier": "NearestCentroid(metric='manhattan', shrink_threshold=None)"}, "accuracy_score": 0.9960358574710573, "balanced_accuracy": 0.9975146338116627, "confusion_matrix": [[65291, 263], [1, 1042]], "f1_score": 0.8875638841567292, "precision_score": 0.7984674329501916, "recall_score": 0.9990412272291467, "roc_auc_score": 0.9975146338116627, "train_percent": 0.5, "reduced_by": 0}