{"estimator": {"params": {"metric": "manhattan", "shrink_threshold": null}, "runtime": "0:00:00.017344", "classifier": "NearestCentroid(metric='manhattan', shrink_threshold=None)"}, "accuracy_score": 0.9938221287914539, "balanced_accuracy": 0.9968619246861925, "confusion_matrix": [[91200, 576], [0, 1460]], "f1_score": 0.8352402745995424, "precision_score": 0.7170923379174853, "recall_score": 1.0, "roc_auc_score": 0.9968619246861924, "train_percent": 0.3, "reduced_by": 3}