{"estimator": {"params": {"metric": "manhattan", "shrink_threshold": null}, "runtime": "0:00:00.021031", "classifier": "NearestCentroid(metric='manhattan', shrink_threshold=None)"}, "accuracy_score": 0.9928617630752171, "balanced_accuracy": 0.9960112261929734, "confusion_matrix": [[84603, 617], [1, 1355]], "f1_score": 0.8143028846153846, "precision_score": 0.6871196754563894, "recall_score": 0.9992625368731564, "roc_auc_score": 0.9960112261929734, "train_percent": 0.35, "reduced_by": 2}