{"estimator": {"params": {"metric": "manhattan", "shrink_threshold": null}, "runtime": "0:00:00.011493", "classifier": "NearestCentroid(metric='manhattan', shrink_threshold=None)"}, "accuracy_score": 0.9934537969664761, "balanced_accuracy": 0.9966748082444188, "confusion_matrix": [[115909, 776], [0, 1857]], "f1_score": 0.8271714922048998, "precision_score": 0.7052791492593999, "recall_score": 1.0, "roc_auc_score": 0.9966748082444187, "train_percent": 0.11, "reduced_by": 1}