{"estimator": {"params": {"metric": "manhattan", "shrink_threshold": null}, "runtime": "0:00:00.007061", "classifier": "NearestCentroid(metric='manhattan', shrink_threshold=None)"}, "accuracy_score": 0.9957669322709163, "balanced_accuracy": 0.9976127688717344, "confusion_matrix": [[129892, 560], [1, 2075]], "f1_score": 0.880917002759499, "precision_score": 0.7874762808349146, "recall_score": 0.9995183044315993, "roc_auc_score": 0.9976127688717343, "train_percent": 0.005, "reduced_by": 2}