{"estimator": {"params": {"metric": "manhattan", "shrink_threshold": null}, "runtime": "0:00:00.006367", "classifier": "NearestCentroid(metric='manhattan', shrink_threshold=None)"}, "accuracy_score": 0.9957303847962263, "balanced_accuracy": 0.9968781144391221, "confusion_matrix": [[129238, 559], [4, 2061]], "f1_score": 0.8798292422625401, "precision_score": 0.7866412213740458, "recall_score": 0.9980629539951574, "roc_auc_score": 0.9968781144391221, "train_percent": 0.01, "reduced_by": 4}