{"estimator": {"params": {"metric": "manhattan", "shrink_threshold": null}, "runtime": "0:00:00.009378", "classifier": "NearestCentroid(metric='manhattan', shrink_threshold=None)"}, "accuracy_score": 0.9940392228238613, "balanced_accuracy": 0.9969721950430288, "confusion_matrix": [[129011, 786], [0, 2065]], "f1_score": 0.8401139137510171, "precision_score": 0.7243072606103121, "recall_score": 1.0, "roc_auc_score": 0.9969721950430288, "train_percent": 0.01, "reduced_by": 0}