{"estimator": {"params": {"metric": "manhattan", "shrink_threshold": null}, "runtime": "0:00:00.007237", "classifier": "NearestCentroid(metric='manhattan', shrink_threshold=None)"}, "accuracy_score": 0.9957141132439937, "balanced_accuracy": 0.9968748942095327, "confusion_matrix": [[129888, 564], [4, 2072]], "f1_score": 0.8794567062818336, "precision_score": 0.7860394537177542, "recall_score": 0.9980732177263969, "roc_auc_score": 0.9968748942095327, "train_percent": 0.005, "reduced_by": 4}