{"estimator": {"params": {"metric": "manhattan", "shrink_threshold": null}, "runtime": "0:00:00.018924", "classifier": "NearestCentroid(metric='manhattan', shrink_threshold=None)"}, "accuracy_score": 0.9958277918400618, "balanced_accuracy": 0.9972066741416863, "confusion_matrix": [[91389, 387], [2, 1458]], "f1_score": 0.8822995461422087, "precision_score": 0.7902439024390244, "recall_score": 0.9986301369863013, "roc_auc_score": 0.9972066741416862, "train_percent": 0.3, "reduced_by": 1}