{"estimator": {"params": {"metric": "manhattan", "shrink_threshold": null}, "runtime": "0:00:00.016172", "classifier": "NearestCentroid(metric='manhattan', shrink_threshold=None)"}, "accuracy_score": 0.9956829902666178, "balanced_accuracy": 0.9966837646109206, "confusion_matrix": [[109652, 479], [4, 1748]], "f1_score": 0.8786127167630058, "precision_score": 0.7849124382577458, "recall_score": 0.997716894977169, "roc_auc_score": 0.9966837646109206, "train_percent": 0.16, "reduced_by": 4}