{"estimator": {"params": {"metric": "manhattan", "shrink_threshold": null}, "runtime": "0:00:00.024955", "classifier": "NearestCentroid(metric='manhattan', shrink_threshold=None)"}, "accuracy_score": 0.9958092741990526, "balanced_accuracy": 0.9974423217846125, "confusion_matrix": [[71804, 306], [1, 1146]], "f1_score": 0.8818776452481725, "precision_score": 0.7892561983471075, "recall_score": 0.999128160418483, "roc_auc_score": 0.9974423217846125, "train_percent": 0.45, "reduced_by": 2}