{"estimator": {"params": {"metric": "manhattan", "shrink_threshold": null}, "runtime": "0:00:00.012673", "classifier": "NearestCentroid(metric='manhattan', shrink_threshold=None)"}, "accuracy_score": 0.9930373693948142, "balanced_accuracy": 0.9964633027939453, "confusion_matrix": [[109352, 779], [0, 1752]], "f1_score": 0.81811814148961, "precision_score": 0.692216515211379, "recall_score": 1.0, "roc_auc_score": 0.9964633027939455, "train_percent": 0.16, "reduced_by": 2}