{"estimator": {"params": {"metric": "manhattan", "shrink_threshold": null}, "runtime": "0:00:00.021735", "classifier": "NearestCentroid(metric='manhattan', shrink_threshold=None)"}, "accuracy_score": 0.9961074662724081, "balanced_accuracy": 0.9980227646092467, "confusion_matrix": [[84883, 337], [0, 1356]], "f1_score": 0.8894719580190227, "precision_score": 0.8009450679267572, "recall_score": 1.0, "roc_auc_score": 0.9980227646092467, "train_percent": 0.35, "reduced_by": 0}