{"estimator": {"params": {"metric": "manhattan", "shrink_threshold": null}, "runtime": "0:00:00.015692", "classifier": "NearestCentroid(metric='manhattan', shrink_threshold=None)"}, "accuracy_score": 0.995704361213803, "balanced_accuracy": 0.9969222943601208, "confusion_matrix": [[103126, 449], [3, 1645]], "f1_score": 0.8792089791555319, "precision_score": 0.7855778414517669, "recall_score": 0.9981796116504854, "roc_auc_score": 0.9969222943601207, "train_percent": 0.21, "reduced_by": 0}