{"estimator": {"params": {"metric": "manhattan", "shrink_threshold": null}, "runtime": "0:00:00.022798", "classifier": "NearestCentroid(metric='manhattan', shrink_threshold=None)"}, "accuracy_score": 0.9955403396549394, "balanced_accuracy": 0.9967911738380493, "confusion_matrix": [[65259, 295], [2, 1041]], "f1_score": 0.8751576292559898, "precision_score": 0.7791916167664671, "recall_score": 0.9980824544582934, "roc_auc_score": 0.9967911738380493, "train_percent": 0.5, "reduced_by": 3}