{"estimator": {"params": {"metric": "manhattan", "shrink_threshold": null}, "runtime": "0:00:00.010158", "classifier": "NearestCentroid(metric='manhattan', shrink_threshold=None)"}, "accuracy_score": 0.9957061632164127, "balanced_accuracy": 0.9970240148507473, "confusion_matrix": [[116179, 506], [3, 1854]], "f1_score": 0.8792980792032251, "precision_score": 0.785593220338983, "recall_score": 0.9983844911147012, "roc_auc_score": 0.9970240148507473, "train_percent": 0.11, "reduced_by": 4}