{"estimator": {"params": {"metric": "manhattan", "shrink_threshold": null}, "runtime": "0:00:00.018133", "classifier": "NearestCentroid(metric='manhattan', shrink_threshold=None)"}, "accuracy_score": 0.9957262982812789, "balanced_accuracy": 0.9978291480873034, "confusion_matrix": [[84850, 370], [0, 1356]], "f1_score": 0.8799480856586632, "precision_score": 0.7856315179606026, "recall_score": 1.0, "roc_auc_score": 0.9978291480873034, "train_percent": 0.35, "reduced_by": 3}