{"estimator": {"params": {"metric": "manhattan", "shrink_threshold": null}, "runtime": "0:00:00.013808", "classifier": "NearestCentroid(metric='manhattan', shrink_threshold=None)"}, "accuracy_score": 0.9957276798083713, "balanced_accuracy": 0.9967064648497271, "confusion_matrix": [[109657, 474], [4, 1748]], "f1_score": 0.879718168092602, "precision_score": 0.7866786678667866, "recall_score": 0.997716894977169, "roc_auc_score": 0.9967064648497271, "train_percent": 0.16, "reduced_by": 1}