{"estimator": {"params": {"metric": "manhattan", "shrink_threshold": null}, "runtime": "0:00:00.007283", "classifier": "NearestCentroid(metric='manhattan', shrink_threshold=None)"}, "accuracy_score": 0.9957688260934917, "balanced_accuracy": 0.9973785398201038, "confusion_matrix": [[130415, 561], [2, 2082]], "f1_score": 0.8808969748254707, "precision_score": 0.7877412031782066, "recall_score": 0.9990403071017274, "roc_auc_score": 0.9973785398201039, "train_percent": 0.001, "reduced_by": 3}