{"estimator": {"params": {"metric": "manhattan", "shrink_threshold": null}, "runtime": "0:00:00.006194", "classifier": "NearestCentroid(metric='manhattan', shrink_threshold=None)"}, "accuracy_score": 0.9957387644671577, "balanced_accuracy": 0.9968910583844052, "confusion_matrix": [[130413, 563], [4, 2080]], "f1_score": 0.8800507721599323, "precision_score": 0.7869844873250095, "recall_score": 0.9980806142034548, "roc_auc_score": 0.9968910583844052, "train_percent": 0.001, "reduced_by": 4}