{"estimator": {"params": {"metric": "manhattan", "shrink_threshold": null}, "runtime": "0:00:00.012375", "classifier": "NearestCentroid(metric='manhattan', shrink_threshold=None)"}, "accuracy_score": 0.9958374119726676, "balanced_accuracy": 0.9966913075980306, "confusion_matrix": [[103141, 434], [4, 1644]], "f1_score": 0.8824476650563606, "precision_score": 0.7911453320500481, "recall_score": 0.9975728155339806, "roc_auc_score": 0.9966913075980307, "train_percent": 0.21, "reduced_by": 4}