{"estimator": {"params": {"metric": "manhattan", "shrink_threshold": null}, "runtime": "0:00:00.021540", "classifier": "NearestCentroid(metric='manhattan', shrink_threshold=None)"}, "accuracy_score": 0.9931201113886727, "balanced_accuracy": 0.9960763531256193, "confusion_matrix": [[71607, 503], [1, 1146]], "f1_score": 0.8197424892703862, "precision_score": 0.6949666464523954, "recall_score": 0.999128160418483, "roc_auc_score": 0.9960763531256193, "train_percent": 0.45, "reduced_by": 2}