{"estimator": {"params": {"metric": "manhattan", "shrink_threshold": null}, "runtime": "0:00:00.015897", "classifier": "NearestCentroid(metric='manhattan', shrink_threshold=None)"}, "accuracy_score": 0.9934520019387396, "balanced_accuracy": 0.996673907796283, "confusion_matrix": [[102886, 689], [0, 1648]], "f1_score": 0.8271016311166876, "precision_score": 0.7051775780915703, "recall_score": 1.0, "roc_auc_score": 0.996673907796283, "train_percent": 0.21, "reduced_by": 1}