{"estimator": {"params": {"metric": "manhattan", "shrink_threshold": null}, "runtime": "0:00:00.009116", "classifier": "NearestCentroid(metric='manhattan', shrink_threshold=None)"}, "accuracy_score": 0.9956070989281322, "balanced_accuracy": 0.9967649402886971, "confusion_matrix": [[122695, 546], [4, 1957]], "f1_score": 0.8767921146953406, "precision_score": 0.7818617658809429, "recall_score": 0.9979602243753187, "roc_auc_score": 0.9967649402886972, "train_percent": 0.06, "reduced_by": 4}