{"estimator": {"params": {"metric": "manhattan", "shrink_threshold": null}, "runtime": "0:00:00.023810", "classifier": "NearestCentroid(metric='manhattan', shrink_threshold=None)"}, "accuracy_score": 0.996170979528505, "balanced_accuracy": 0.9980550188141971, "confusion_matrix": [[78358, 306], [0, 1252]], "f1_score": 0.891103202846975, "precision_score": 0.803594351732991, "recall_score": 1.0, "roc_auc_score": 0.9980550188141971, "train_percent": 0.4, "reduced_by": 0}