{"estimator": {"params": {"metric": "manhattan", "shrink_threshold": null}, "runtime": "0:00:00.021294", "classifier": "NearestCentroid(metric='manhattan', shrink_threshold=None)"}, "accuracy_score": 0.9931302868011412, "balanced_accuracy": 0.9961174700566554, "confusion_matrix": [[78116, 548], [1, 1251]], "f1_score": 0.8200589970501475, "precision_score": 0.6953863257365203, "recall_score": 0.9992012779552716, "roc_auc_score": 0.9961174700566553, "train_percent": 0.4, "reduced_by": 2}