{"estimator": {"params": {"metric": "manhattan", "shrink_threshold": null}, "runtime": "0:00:00.016191", "classifier": "NearestCentroid(metric='manhattan', shrink_threshold=None)"}, "accuracy_score": 0.9960845062391303, "balanced_accuracy": 0.9977125324269033, "confusion_matrix": [[103164, 411], [1, 1647]], "f1_score": 0.8888289260658392, "precision_score": 0.8002915451895044, "recall_score": 0.9993932038834952, "roc_auc_score": 0.9977125324269033, "train_percent": 0.21, "reduced_by": 0}