{"estimator": {"params": {"metric": "manhattan", "shrink_threshold": null}, "runtime": "0:00:00.016639", "classifier": "NearestCentroid(metric='manhattan', shrink_threshold=None)"}, "accuracy_score": 0.995656184306491, "balanced_accuracy": 0.9974565230889743, "confusion_matrix": [[91372, 404], [1, 1459]], "f1_score": 0.8781221787541378, "precision_score": 0.7831454643048846, "recall_score": 0.9993150684931507, "roc_auc_score": 0.9974565230889741, "train_percent": 0.3, "reduced_by": 3}