{"estimator": {"params": {"metric": "manhattan", "shrink_threshold": null}, "runtime": "0:00:00.007378", "classifier": "NearestCentroid(metric='manhattan', shrink_threshold=None)"}, "accuracy_score": 0.995751841120367, "balanced_accuracy": 0.9968940583465333, "confusion_matrix": [[129893, 559], [4, 2072]], "f1_score": 0.8803909071595495, "precision_score": 0.7875332573166096, "recall_score": 0.9980732177263969, "roc_auc_score": 0.9968940583465333, "train_percent": 0.005, "reduced_by": 1}