{"estimator": {"params": {"metric": "manhattan", "shrink_threshold": null}, "runtime": "0:00:00.023608", "classifier": "NearestCentroid(metric='manhattan', shrink_threshold=None)"}, "accuracy_score": 0.995735543643107, "balanced_accuracy": 0.9968903287332502, "confusion_matrix": [[65272, 282], [2, 1041]], "f1_score": 0.8799661876584952, "precision_score": 0.7868480725623582, "recall_score": 0.9980824544582934, "roc_auc_score": 0.9968903287332501, "train_percent": 0.5, "reduced_by": 3}