{"estimator": {"params": {"metric": "manhattan", "shrink_threshold": null}, "runtime": "0:00:00.016130", "classifier": "NearestCentroid(metric='manhattan', shrink_threshold=None)"}, "accuracy_score": 0.9957286202733278, "balanced_accuracy": 0.9971929607613316, "confusion_matrix": [[96600, 419], [2, 1542]], "f1_score": 0.879885877318117, "precision_score": 0.7863335033146354, "recall_score": 0.9987046632124352, "roc_auc_score": 0.9971929607613316, "train_percent": 0.26, "reduced_by": 3}