{"estimator": {"params": {"metric": "manhattan", "shrink_threshold": null}, "runtime": "0:00:00.022343", "classifier": "NearestCentroid(metric='manhattan', shrink_threshold=None)"}, "accuracy_score": 0.996120926973322, "balanced_accuracy": 0.9976365893488348, "confusion_matrix": [[78355, 309], [1, 1251]], "f1_score": 0.8897581792318634, "precision_score": 0.801923076923077, "recall_score": 0.9992012779552716, "roc_auc_score": 0.9976365893488347, "train_percent": 0.4, "reduced_by": 1}