{"estimator": {"params": {"metric": "manhattan", "shrink_threshold": null}, "runtime": "0:00:00.020059", "classifier": "NearestCentroid(metric='manhattan', shrink_threshold=None)"}, "accuracy_score": 0.9957410213358451, "balanced_accuracy": 0.9961206947102152, "confusion_matrix": [[71802, 308], [4, 1143]], "f1_score": 0.8799076212471132, "precision_score": 0.7877325982081324, "recall_score": 0.9965126416739319, "roc_auc_score": 0.9961206947102152, "train_percent": 0.45, "reduced_by": 4}