{"estimator": {"params": {"metric": "manhattan", "shrink_threshold": null}, "runtime": "0:00:00.006892", "classifier": "NearestCentroid(metric='manhattan', shrink_threshold=None)"}, "accuracy_score": 0.9957442955450924, "balanced_accuracy": 0.9968902255191332, "confusion_matrix": [[129892, 560], [4, 2072]], "f1_score": 0.8802039082412914, "precision_score": 0.7872340425531915, "recall_score": 0.9980732177263969, "roc_auc_score": 0.9968902255191332, "train_percent": 0.005, "reduced_by": 2}