{"estimator": {"params": {"metric": "manhattan", "shrink_threshold": null}, "runtime": "0:00:00.006938", "classifier": "NearestCentroid(metric='manhattan', shrink_threshold=None)"}, "accuracy_score": 0.9957312490605742, "balanced_accuracy": 0.996887240891124, "confusion_matrix": [[130412, 564], [4, 2080]], "f1_score": 0.8798646362098139, "precision_score": 0.7866868381240545, "recall_score": 0.9980806142034548, "roc_auc_score": 0.996887240891124, "train_percent": 0.001, "reduced_by": 4}