{"estimator": {"params": {"metric": "manhattan", "shrink_threshold": null}, "runtime": "0:00:00.018152", "classifier": "NearestCentroid(metric='manhattan', shrink_threshold=None)"}, "accuracy_score": 0.9957312626024283, "balanced_accuracy": 0.9968206240089033, "confusion_matrix": [[91381, 395], [3, 1457]], "f1_score": 0.8798309178743962, "precision_score": 0.7867170626349892, "recall_score": 0.9979452054794521, "roc_auc_score": 0.9968206240089033, "train_percent": 0.3, "reduced_by": 2}