{"estimator": {"params": {"metric": "manhattan", "shrink_threshold": null}, "runtime": "0:00:00.010543", "classifier": "NearestCentroid(metric='manhattan', shrink_threshold=None)"}, "accuracy_score": 0.9957989573315786, "balanced_accuracy": 0.9968061838609299, "confusion_matrix": [[116191, 494], [4, 1853]], "f1_score": 0.8815413891531874, "precision_score": 0.7895185342991052, "recall_score": 0.9978459881529348, "roc_auc_score": 0.9968061838609299, "train_percent": 0.11, "reduced_by": 3}