{"estimator": {"params": {"metric": "manhattan", "shrink_threshold": null}, "runtime": "0:00:00.008044", "classifier": "NearestCentroid(metric='manhattan', shrink_threshold=None)"}, "accuracy_score": 0.9935108052637933, "balanced_accuracy": 0.9967037684358998, "confusion_matrix": [[129592, 860], [0, 2076]], "f1_score": 0.828411811652035, "precision_score": 0.7070844686648501, "recall_score": 1.0, "roc_auc_score": 0.9967037684358998, "train_percent": 0.005, "reduced_by": 1}