{"estimator": {"params": {"metric": "manhattan", "shrink_threshold": null}, "runtime": "0:00:00.022564", "classifier": "NearestCentroid(metric='manhattan', shrink_threshold=None)"}, "accuracy_score": 0.9960658888538523, "balanced_accuracy": 0.9980016474967203, "confusion_matrix": [[65292, 262], [0, 1043]], "f1_score": 0.8884156729131175, "precision_score": 0.7992337164750958, "recall_score": 1.0, "roc_auc_score": 0.9980016474967203, "train_percent": 0.5, "reduced_by": 4}