{"estimator": {"params": {"metric": "manhattan", "shrink_threshold": null}, "runtime": "0:00:00.009383", "classifier": "NearestCentroid(metric='manhattan', shrink_threshold=None)"}, "accuracy_score": 0.9979073816712193, "balanced_accuracy": 0.9989370420558094, "confusion_matrix": [[122979, 262], [0, 1961]], "f1_score": 0.9373804971319312, "precision_score": 0.8821412505623032, "recall_score": 1.0, "roc_auc_score": 0.9989370420558094, "train_percent": 0.06, "reduced_by": 4}