{"estimator": {"params": {"metric": "manhattan", "shrink_threshold": null}, "runtime": "0:00:00.026882", "classifier": "NearestCentroid(metric='manhattan', shrink_threshold=None)"}, "accuracy_score": 0.9955703710377344, "balanced_accuracy": 0.9972781875231067, "confusion_matrix": [[65260, 294], [1, 1042]], "f1_score": 0.8759983186212694, "precision_score": 0.7799401197604791, "recall_score": 0.9990412272291467, "roc_auc_score": 0.9972781875231067, "train_percent": 0.5, "reduced_by": 0}