{"estimator": {"params": {"metric": "manhattan", "shrink_threshold": null}, "runtime": "0:00:00.009246", "classifier": "NearestCentroid(metric='manhattan', shrink_threshold=None)"}, "accuracy_score": 0.9957987891567227, "balanced_accuracy": 0.9973641402054484, "confusion_matrix": [[122717, 524], [2, 1959]], "f1_score": 0.8816381638163816, "precision_score": 0.7889649617398309, "recall_score": 0.9989801121876594, "roc_auc_score": 0.9973641402054484, "train_percent": 0.06, "reduced_by": 3}