{"estimator": {"params": {"metric": "manhattan", "shrink_threshold": null}, "runtime": "0:00:00.013095", "classifier": "NearestCentroid(metric='manhattan', shrink_threshold=None)"}, "accuracy_score": 0.9956829902666178, "balanced_accuracy": 0.9972454607711058, "confusion_matrix": [[109650, 481], [2, 1750]], "f1_score": 0.8787346221441125, "precision_score": 0.7844016136261766, "recall_score": 0.9988584474885844, "roc_auc_score": 0.9972454607711058, "train_percent": 0.16, "reduced_by": 2}