{"estimator": {"params": {"metric": "manhattan", "shrink_threshold": null}, "runtime": "0:00:00.016753", "classifier": "NearestCentroid(metric='manhattan', shrink_threshold=None)"}, "accuracy_score": 0.9956883607190355, "balanced_accuracy": 0.9971358495252287, "confusion_matrix": [[91376, 400], [2, 1458]], "f1_score": 0.8788426763110307, "precision_score": 0.7847147470398278, "recall_score": 0.9986301369863013, "roc_auc_score": 0.9971358495252288, "train_percent": 0.3, "reduced_by": 4}