{"estimator": {"params": {"metric": "manhattan", "shrink_threshold": null}, "runtime": "0:00:00.009043", "classifier": "NearestCentroid(metric='manhattan', shrink_threshold=None)"}, "accuracy_score": 0.9957189182281433, "balanced_accuracy": 0.9968217395681578, "confusion_matrix": [[122709, 532], [4, 1957]], "f1_score": 0.8795505617977527, "precision_score": 0.7862595419847328, "recall_score": 0.9979602243753187, "roc_auc_score": 0.9968217395681577, "train_percent": 0.06, "reduced_by": 2}