{"estimator": {"params": {"metric": "manhattan", "shrink_threshold": null}, "runtime": "0:00:00.025858", "classifier": "NearestCentroid(metric='manhattan', shrink_threshold=None)"}, "accuracy_score": 0.9958956904749987, "balanced_accuracy": 0.9963431640667517, "confusion_matrix": [[78340, 324], [4, 1248]], "f1_score": 0.8838526912181301, "precision_score": 0.7938931297709924, "recall_score": 0.9968051118210862, "roc_auc_score": 0.9963431640667518, "train_percent": 0.4, "reduced_by": 1}