{"estimator": {"params": {"metric": "manhattan", "shrink_threshold": null}, "runtime": "0:00:00.011693", "classifier": "NearestCentroid(metric='manhattan', shrink_threshold=None)"}, "accuracy_score": 0.9957314707023671, "balanced_accuracy": 0.9973018364134747, "confusion_matrix": [[116181, 504], [2, 1855]], "f1_score": 0.8799810246679317, "precision_score": 0.7863501483679525, "recall_score": 0.9989229940764675, "roc_auc_score": 0.9973018364134747, "train_percent": 0.11, "reduced_by": 2}