{"estimator": {"params": {"metric": "manhattan", "shrink_threshold": null}, "runtime": "0:00:00.011610", "classifier": "NearestCentroid(metric='manhattan', shrink_threshold=None)"}, "accuracy_score": 0.9958259968002288, "balanced_accuracy": 0.9967564053751015, "confusion_matrix": [[109668, 463], [4, 1748]], "f1_score": 0.8821599798132729, "precision_score": 0.7905924920850294, "recall_score": 0.997716894977169, "roc_auc_score": 0.9967564053751015, "train_percent": 0.16, "reduced_by": 4}