{"estimator": {"params": {"metric": "manhattan", "shrink_threshold": null}, "runtime": "0:00:00.015494", "classifier": "NearestCentroid(metric='manhattan', shrink_threshold=None)"}, "accuracy_score": 0.9956575997078011, "balanced_accuracy": 0.9965195242190421, "confusion_matrix": [[96595, 424], [4, 1540]], "f1_score": 0.8779931584948689, "precision_score": 0.7841140529531568, "recall_score": 0.9974093264248705, "roc_auc_score": 0.9965195242190421, "train_percent": 0.26, "reduced_by": 4}