{"estimator": {"params": {"metric": "manhattan", "shrink_threshold": null}, "runtime": "0:00:00.019140", "classifier": "NearestCentroid(metric='manhattan', shrink_threshold=None)"}, "accuracy_score": 0.9957330196706542, "balanced_accuracy": 0.9974395487711881, "confusion_matrix": [[78324, 340], [1, 1251]], "f1_score": 0.8800562785789658, "precision_score": 0.7862979258328096, "recall_score": 0.9992012779552716, "roc_auc_score": 0.997439548771188, "train_percent": 0.4, "reduced_by": 3}