{"estimator": {"params": {"metric": "manhattan", "shrink_threshold": null}, "runtime": "0:00:00.007129", "classifier": "NearestCentroid(metric='manhattan', shrink_threshold=None)"}, "accuracy_score": 0.995729204394543, "balanced_accuracy": 0.9968825598643329, "confusion_matrix": [[129890, 562], [4, 2072]], "f1_score": 0.8798301486199576, "precision_score": 0.7866362946089598, "recall_score": 0.9980732177263969, "roc_auc_score": 0.9968825598643329, "train_percent": 0.005, "reduced_by": 4}