{"estimator": {"params": {"metric": "manhattan", "shrink_threshold": null}, "runtime": "0:00:00.008397", "classifier": "NearestCentroid(metric='manhattan', shrink_threshold=None)"}, "accuracy_score": 0.9958062216559737, "balanced_accuracy": 0.9976314718750332, "confusion_matrix": [[129245, 552], [1, 2064]], "f1_score": 0.8818628498184149, "precision_score": 0.7889908256880734, "recall_score": 0.9995157384987894, "roc_auc_score": 0.9976314718750332, "train_percent": 0.01, "reduced_by": 2}