{"estimator": {"params": {"metric": "manhattan", "shrink_threshold": null}, "runtime": "0:00:00.008097", "classifier": "NearestCentroid(metric='manhattan', shrink_threshold=None)"}, "accuracy_score": 0.9957531358541506, "balanced_accuracy": 0.9968896709465914, "confusion_matrix": [[129241, 556], [4, 2061]], "f1_score": 0.8803929944468176, "precision_score": 0.7875429881543753, "recall_score": 0.9980629539951574, "roc_auc_score": 0.9968896709465914, "train_percent": 0.01, "reduced_by": 0}