{"estimator": {"params": {"metric": "manhattan", "shrink_threshold": null}, "runtime": "0:00:00.008164", "classifier": "NearestCentroid(metric='manhattan', shrink_threshold=None)"}, "accuracy_score": 0.9957152174242769, "balanced_accuracy": 0.9968704101008091, "confusion_matrix": [[129236, 561], [4, 2061]], "f1_score": 0.87945380840623, "precision_score": 0.7860411899313501, "recall_score": 0.9980629539951574, "roc_auc_score": 0.9968704101008092, "train_percent": 0.01, "reduced_by": 2}