{"estimator": {"params": {"metric": "manhattan", "shrink_threshold": null}, "runtime": "0:00:00.022422", "classifier": "NearestCentroid(metric='manhattan', shrink_threshold=None)"}, "accuracy_score": 0.997822724747361, "balanced_accuracy": 0.9988940415535283, "confusion_matrix": [[65409, 145], [0, 1043]], "f1_score": 0.9350067234424024, "precision_score": 0.8779461279461279, "recall_score": 1.0, "roc_auc_score": 0.9988940415535285, "train_percent": 0.5, "reduced_by": 4}