{"estimator": {"params": {"metric": "manhattan", "shrink_threshold": null}, "runtime": "0:00:00.011535", "classifier": "NearestCentroid(metric='manhattan', shrink_threshold=None)"}, "accuracy_score": 0.9962038771068482, "balanced_accuracy": 0.9978067651450757, "confusion_matrix": [[116236, 449], [1, 1856]], "f1_score": 0.8918789043728976, "precision_score": 0.8052060737527115, "recall_score": 0.9994614970382337, "roc_auc_score": 0.9978067651450757, "train_percent": 0.11, "reduced_by": 0}