{"estimator": {"params": {"metric": "manhattan", "shrink_threshold": null}, "runtime": "0:00:00.007718", "classifier": "NearestCentroid(metric='manhattan', shrink_threshold=None)"}, "accuracy_score": 0.9979551491005674, "balanced_accuracy": 0.9989613037745684, "confusion_matrix": [[130181, 271], [0, 2076]], "f1_score": 0.938729369206421, "precision_score": 0.8845334469535577, "recall_score": 1.0, "roc_auc_score": 0.9989613037745685, "train_percent": 0.005, "reduced_by": 4}