{"estimator": {"params": {"metric": "manhattan", "shrink_threshold": null}, "runtime": "0:00:00.009727", "classifier": "NearestCentroid(metric='manhattan', shrink_threshold=None)"}, "accuracy_score": 0.9931710356064599, "balanced_accuracy": 0.99628027199982, "confusion_matrix": [[122387, 854], [1, 1960]], "f1_score": 0.8209424083769634, "precision_score": 0.6965174129353234, "recall_score": 0.9994900560938297, "roc_auc_score": 0.9962802719998202, "train_percent": 0.06, "reduced_by": 2}