{"estimator": {"params": {"metric": "manhattan", "shrink_threshold": null}, "runtime": "0:00:00.014928", "classifier": "NearestCentroid(metric='manhattan', shrink_threshold=None)"}, "accuracy_score": 0.995763431441774, "balanced_accuracy": 0.9972863212009575, "confusion_matrix": [[109659, 472], [2, 1750]], "f1_score": 0.8807247106190237, "precision_score": 0.7875787578757876, "recall_score": 0.9988584474885844, "roc_auc_score": 0.9972863212009574, "train_percent": 0.16, "reduced_by": 0}