{"estimator": {"params": {"metric": "manhattan", "shrink_threshold": null}, "runtime": "0:00:00.025085", "classifier": "NearestCentroid(metric='manhattan', shrink_threshold=None)"}, "accuracy_score": 0.9958256377914921, "balanced_accuracy": 0.9964643334452394, "confusion_matrix": [[65279, 275], [3, 1040]], "f1_score": 0.8821034775233247, "precision_score": 0.7908745247148289, "recall_score": 0.99712368168744, "roc_auc_score": 0.9964643334452394, "train_percent": 0.5, "reduced_by": 2}