{"estimator": {"params": {"metric": "manhattan", "shrink_threshold": null}, "runtime": "0:00:00.017448", "classifier": "NearestCentroid(metric='manhattan', shrink_threshold=None)"}, "accuracy_score": 0.9955257043718231, "balanced_accuracy": 0.9967712076001138, "confusion_matrix": [[96581, 438], [3, 1541]], "f1_score": 0.8748225943797899, "precision_score": 0.7786760990399192, "recall_score": 0.9980569948186528, "roc_auc_score": 0.9967712076001137, "train_percent": 0.26, "reduced_by": 1}