{"estimator": {"params": {"metric": "manhattan", "shrink_threshold": null}, "runtime": "0:00:00.026511", "classifier": "NearestCentroid(metric='manhattan', shrink_threshold=None)"}, "accuracy_score": 0.995645449494722, "balanced_accuracy": 0.9968445649354651, "confusion_matrix": [[65266, 288], [2, 1041]], "f1_score": 0.8777403035413153, "precision_score": 0.7832957110609481, "recall_score": 0.9980824544582934, "roc_auc_score": 0.9968445649354651, "train_percent": 0.5, "reduced_by": 1}