{"estimator": {"params": {"metric": "manhattan", "shrink_threshold": null}, "runtime": "0:00:00.007515", "classifier": "NearestCentroid(metric='manhattan', shrink_threshold=None)"}, "accuracy_score": 0.9957379684822011, "balanced_accuracy": 0.9968819666082784, "confusion_matrix": [[129239, 558], [4, 2061]], "f1_score": 0.8800170794192997, "precision_score": 0.7869415807560137, "recall_score": 0.9980629539951574, "roc_auc_score": 0.9968819666082785, "train_percent": 0.01, "reduced_by": 3}