{"estimator": {"params": {"metric": "manhattan", "shrink_threshold": null}, "runtime": "0:00:00.008118", "classifier": "NearestCentroid(metric='manhattan', shrink_threshold=None)"}, "accuracy_score": 0.9940239043824701, "balanced_accuracy": 0.9969644006991077, "confusion_matrix": [[129660, 792], [0, 2076]], "f1_score": 0.8398058252427185, "precision_score": 0.7238493723849372, "recall_score": 1.0, "roc_auc_score": 0.9969644006991077, "train_percent": 0.005, "reduced_by": 0}