{"estimator": {"params": {"metric": "manhattan", "shrink_threshold": null}, "runtime": "0:00:00.018474", "classifier": "NearestCentroid(metric='manhattan', shrink_threshold=None)"}, "accuracy_score": 0.9942940495087734, "balanced_accuracy": 0.9971016387726639, "confusion_matrix": [[91244, 532], [0, 1460]], "f1_score": 0.8458864426419467, "precision_score": 0.7329317269076305, "recall_score": 1.0, "roc_auc_score": 0.9971016387726639, "train_percent": 0.3, "reduced_by": 0}