{"estimator": {"params": {"metric": "manhattan", "shrink_threshold": null}, "runtime": "0:00:00.009275", "classifier": "NearestCentroid(metric='manhattan', shrink_threshold=None)"}, "accuracy_score": 0.9957593866956417, "balanced_accuracy": 0.9976089360443343, "confusion_matrix": [[129891, 561], [1, 2075]], "f1_score": 0.8807300509337861, "precision_score": 0.7871775417298937, "recall_score": 0.9995183044315993, "roc_auc_score": 0.9976089360443342, "train_percent": 0.005, "reduced_by": 1}