{"estimator": {"params": {"metric": "manhattan", "shrink_threshold": null}, "runtime": "0:00:00.016447", "classifier": "NearestCentroid(metric='manhattan', shrink_threshold=None)"}, "accuracy_score": 0.9958533542783219, "balanced_accuracy": 0.9971679581357707, "confusion_matrix": [[84863, 357], [2, 1354]], "f1_score": 0.8829475057059015, "precision_score": 0.7913500876680304, "recall_score": 0.9985250737463127, "roc_auc_score": 0.9971679581357706, "train_percent": 0.35, "reduced_by": 4}