{"estimator": {"params": {"metric": "manhattan", "shrink_threshold": null}, "runtime": "0:00:00.008610", "classifier": "NearestCentroid(metric='manhattan', shrink_threshold=None)"}, "accuracy_score": 0.9960261485492409, "balanced_accuracy": 0.9977431847805702, "confusion_matrix": [[129274, 523], [1, 2064]], "f1_score": 0.8873602751504729, "precision_score": 0.7978353304986471, "recall_score": 0.9995157384987894, "roc_auc_score": 0.9977431847805703, "train_percent": 0.01, "reduced_by": 0}