{"estimator": {"params": {"metric": "manhattan", "shrink_threshold": null}, "runtime": "0:00:00.025815", "classifier": "NearestCentroid(metric='manhattan', shrink_threshold=None)"}, "accuracy_score": 0.9957410213358451, "balanced_accuracy": 0.9974076525293081, "confusion_matrix": [[71799, 311], [1, 1146]], "f1_score": 0.880184331797235, "precision_score": 0.7865477007549759, "recall_score": 0.999128160418483, "roc_auc_score": 0.997407652529308, "train_percent": 0.45, "reduced_by": 0}