{"estimator": {"params": {"metric": "manhattan", "shrink_threshold": null}, "runtime": "0:00:00.011858", "classifier": "NearestCentroid(metric='manhattan', shrink_threshold=None)"}, "accuracy_score": 0.9958495723034874, "balanced_accuracy": 0.9973618269863848, "confusion_matrix": [[116195, 490], [2, 1855]], "f1_score": 0.8829128986197049, "precision_score": 0.7910447761194029, "recall_score": 0.9989229940764675, "roc_auc_score": 0.9973618269863848, "train_percent": 0.11, "reduced_by": 1}