{"estimator": {"params": {"metric": "manhattan", "shrink_threshold": null}, "runtime": "0:00:00.013933", "classifier": "NearestCentroid(metric='manhattan', shrink_threshold=None)"}, "accuracy_score": 0.9942797386555599, "balanced_accuracy": 0.9970943694327664, "confusion_matrix": [[109491, 640], [0, 1752]], "f1_score": 0.8455598455598455, "precision_score": 0.7324414715719063, "recall_score": 1.0, "roc_auc_score": 0.9970943694327664, "train_percent": 0.16, "reduced_by": 0}