{"estimator": {"params": {"metric": "manhattan", "shrink_threshold": null}, "runtime": "0:00:00.019343", "classifier": "NearestCentroid(metric='manhattan', shrink_threshold=None)"}, "accuracy_score": 0.99572053713158, "balanced_accuracy": 0.997489211373493, "confusion_matrix": [[91378, 398], [1, 1459]], "f1_score": 0.8797105818510702, "precision_score": 0.7856758212170167, "recall_score": 0.9993150684931507, "roc_auc_score": 0.997489211373493, "train_percent": 0.3, "reduced_by": 1}