{"estimator": {"params": {"metric": "manhattan", "shrink_threshold": null}, "runtime": "0:00:00.015410", "classifier": "NearestCentroid(metric='manhattan', shrink_threshold=None)"}, "accuracy_score": 0.9958279083470344, "balanced_accuracy": 0.9978807627323196, "confusion_matrix": [[103136, 439], [0, 1648]], "f1_score": 0.8824631860776438, "precision_score": 0.7896502156205079, "recall_score": 1.0, "roc_auc_score": 0.9978807627323195, "train_percent": 0.21, "reduced_by": 1}