{"estimator": {"params": {"metric": "manhattan", "shrink_threshold": null}, "runtime": "0:00:00.019191", "classifier": "NearestCentroid(metric='manhattan', shrink_threshold=None)"}, "accuracy_score": 0.9956704539766755, "balanced_accuracy": 0.9970147631581598, "confusion_matrix": [[78320, 344], [2, 1250]], "f1_score": 0.8784258608573436, "precision_score": 0.7841907151819323, "recall_score": 0.9984025559105432, "roc_auc_score": 0.9970147631581597, "train_percent": 0.4, "reduced_by": 3}