{"estimator": {"params": {"metric": "manhattan", "shrink_threshold": null}, "runtime": "0:00:00.007553", "classifier": "NearestCentroid(metric='manhattan', shrink_threshold=None)"}, "accuracy_score": 0.9979257477829551, "balanced_accuracy": 0.9989463718543856, "confusion_matrix": [[130700, 276], [0, 2084]], "f1_score": 0.9378937893789379, "precision_score": 0.8830508474576271, "recall_score": 1.0, "roc_auc_score": 0.9989463718543856, "train_percent": 0.001, "reduced_by": 4}