{"estimator": {"params": {"metric": "manhattan", "shrink_threshold": null}, "runtime": "0:00:00.022863", "classifier": "NearestCentroid(metric='manhattan', shrink_threshold=None)"}, "accuracy_score": 0.9932156653971634, "balanced_accuracy": 0.996553876022743, "confusion_matrix": [[71613, 497], [0, 1147]], "f1_score": 0.8219276245073451, "precision_score": 0.6976885644768857, "recall_score": 1.0, "roc_auc_score": 0.996553876022743, "train_percent": 0.45, "reduced_by": 1}