{"estimator": {"params": {"metric": "manhattan", "shrink_threshold": null}, "runtime": "0:00:00.007389", "classifier": "NearestCentroid(metric='manhattan', shrink_threshold=None)"}, "accuracy_score": 0.9937813775007205, "balanced_accuracy": 0.9968412212917094, "confusion_matrix": [[128977, 820], [0, 2065]], "f1_score": 0.8343434343434343, "precision_score": 0.7157712305025996, "recall_score": 1.0, "roc_auc_score": 0.9968412212917094, "train_percent": 0.01, "reduced_by": 3}