{"estimator": {"params": {"metric": "manhattan", "shrink_threshold": null}, "runtime": "0:00:00.011279", "classifier": "NearestCentroid(metric='manhattan', shrink_threshold=None)"}, "accuracy_score": 0.9957314707023671, "balanced_accuracy": 0.9967719035335527, "confusion_matrix": [[116183, 502], [4, 1853]], "f1_score": 0.8798670465337131, "precision_score": 0.7868365180467092, "recall_score": 0.9978459881529348, "roc_auc_score": 0.9967719035335527, "train_percent": 0.11, "reduced_by": 0}