{"estimator": {"params": {"metric": "manhattan", "shrink_threshold": null}, "runtime": "0:00:00.020333", "classifier": "NearestCentroid(metric='manhattan', shrink_threshold=None)"}, "accuracy_score": 0.9939821659582332, "balanced_accuracy": 0.99694320582023, "confusion_matrix": [[84699, 521], [0, 1356]], "f1_score": 0.8388493659140118, "precision_score": 0.7224294086307939, "recall_score": 1.0, "roc_auc_score": 0.99694320582023, "train_percent": 0.35, "reduced_by": 0}