{"estimator": {"params": {"metric": "manhattan", "shrink_threshold": null}, "runtime": "0:00:00.017688", "classifier": "NearestCentroid(metric='manhattan', shrink_threshold=None)"}, "accuracy_score": 0.9930391694195375, "balanced_accuracy": 0.9961271995185419, "confusion_matrix": [[91128, 648], [1, 1459]], "f1_score": 0.8180543874404261, "precision_score": 0.692453725676317, "recall_score": 0.9993150684931507, "roc_auc_score": 0.9961271995185418, "train_percent": 0.3, "reduced_by": 2}