{"estimator": {"params": {"metric": "manhattan", "shrink_threshold": null}, "runtime": "0:00:00.014584", "classifier": "NearestCentroid(metric='manhattan', shrink_threshold=None)"}, "accuracy_score": 0.9959609591058989, "balanced_accuracy": 0.9970526346932127, "confusion_matrix": [[103153, 422], [3, 1645]], "f1_score": 0.8855989232839839, "precision_score": 0.7958393807450411, "recall_score": 0.9981796116504854, "roc_auc_score": 0.9970526346932126, "train_percent": 0.21, "reduced_by": 1}