{"estimator": {"params": {"metric": "manhattan", "shrink_threshold": null}, "runtime": "0:00:00.024515", "classifier": "NearestCentroid(metric='manhattan', shrink_threshold=None)"}, "accuracy_score": 0.9959457633226722, "balanced_accuracy": 0.9979406290996735, "confusion_matrix": [[65284, 270], [0, 1043]], "f1_score": 0.8853989813242784, "precision_score": 0.7943640517897944, "recall_score": 1.0, "roc_auc_score": 0.9979406290996736, "train_percent": 0.5, "reduced_by": 1}