{"estimator": {"params": {"metric": "manhattan", "shrink_threshold": null}, "runtime": "0:00:00.008578", "classifier": "NearestCentroid(metric='manhattan', shrink_threshold=None)"}, "accuracy_score": 0.9735457688260934, "balanced_accuracy": 0.9865624236501344, "confusion_matrix": [[127456, 3520], [0, 2084]], "f1_score": 0.5421436004162331, "precision_score": 0.3718772305496074, "recall_score": 1.0, "roc_auc_score": 0.9865624236501344, "train_percent": 0.001, "reduced_by": 0}