{"estimator": {"params": {"metric": "manhattan", "shrink_threshold": null}, "runtime": "0:00:00.016676", "classifier": "NearestCentroid(metric='manhattan', shrink_threshold=None)"}, "accuracy_score": 0.9958402240191553, "balanced_accuracy": 0.9972496506880469, "confusion_matrix": [[96611, 408], [2, 1542]], "f1_score": 0.8826559816828848, "precision_score": 0.7907692307692308, "recall_score": 0.9987046632124352, "roc_auc_score": 0.9972496506880469, "train_percent": 0.26, "reduced_by": 2}