{"estimator": {"params": {"metric": "manhattan", "shrink_threshold": null}, "runtime": "0:00:00.022830", "classifier": "NearestCentroid(metric='manhattan', shrink_threshold=None)"}, "accuracy_score": 0.9957956015523933, "balanced_accuracy": 0.9975014866952029, "confusion_matrix": [[84857, 363], [1, 1355]], "f1_score": 0.8815875081327261, "precision_score": 0.7887077997671711, "recall_score": 0.9992625368731564, "roc_auc_score": 0.997501486695203, "train_percent": 0.35, "reduced_by": 0}