{"estimator": {"params": {"metric": "manhattan", "shrink_threshold": null}, "runtime": "0:00:00.007253", "classifier": "NearestCentroid(metric='manhattan', shrink_threshold=None)"}, "accuracy_score": 0.9935235321775796, "balanced_accuracy": 0.99671024754039, "confusion_matrix": [[128943, 854], [0, 2065]], "f1_score": 0.8286516853932585, "precision_score": 0.7074340527577938, "recall_score": 1.0, "roc_auc_score": 0.9967102475403901, "train_percent": 0.01, "reduced_by": 2}