{"estimator": {"params": {"metric": "manhattan", "shrink_threshold": null}, "runtime": "0:00:00.007598", "classifier": "NearestCentroid(metric='manhattan', shrink_threshold=None)"}, "accuracy_score": 0.995774477846191, "balanced_accuracy": 0.9973795867423343, "confusion_matrix": [[129894, 558], [2, 2074]], "f1_score": 0.8810535259133391, "precision_score": 0.7879939209726444, "recall_score": 0.9990366088631984, "roc_auc_score": 0.9973795867423342, "train_percent": 0.005, "reduced_by": 3}