{"estimator": {"params": {"metric": "manhattan", "shrink_threshold": null}, "runtime": "0:00:00.008254", "classifier": "NearestCentroid(metric='manhattan', shrink_threshold=None)"}, "accuracy_score": 0.9957531358541506, "balanced_accuracy": 0.997604506690938, "confusion_matrix": [[129238, 559], [1, 2064]], "f1_score": 0.8805460750853242, "precision_score": 0.7868852459016393, "recall_score": 0.9995157384987894, "roc_auc_score": 0.997604506690938, "train_percent": 0.01, "reduced_by": 1}