{"estimator": {"params": {"metric": "manhattan", "shrink_threshold": null}, "runtime": "0:00:00.019690", "classifier": "NearestCentroid(metric='manhattan', shrink_threshold=None)"}, "accuracy_score": 0.9956916466457216, "balanced_accuracy": 0.9970858177931282, "confusion_matrix": [[84849, 371], [2, 1354]], "f1_score": 0.8789354105809802, "precision_score": 0.784927536231884, "recall_score": 0.9985250737463127, "roc_auc_score": 0.9970858177931283, "train_percent": 0.35, "reduced_by": 1}