{"estimator": {"params": {"metric": "manhattan", "shrink_threshold": null}, "runtime": "0:00:00.007543", "classifier": "NearestCentroid(metric='manhattan', shrink_threshold=None)"}, "accuracy_score": 0.9957683032261, "balanced_accuracy": 0.997373932447802, "confusion_matrix": [[129241, 556], [2, 2063]], "f1_score": 0.8808710503842869, "precision_score": 0.7877052310042001, "recall_score": 0.9990314769975787, "roc_auc_score": 0.9973739324478021, "train_percent": 0.01, "reduced_by": 3}