{"estimator": {"params": {"metric": "manhattan", "shrink_threshold": null}, "runtime": "0:00:00.015810", "classifier": "NearestCentroid(metric='manhattan', shrink_threshold=None)"}, "accuracy_score": 0.9932226088897457, "balanced_accuracy": 0.9962386947922759, "confusion_matrix": [[96352, 667], [1, 1543]], "f1_score": 0.8220564730953649, "precision_score": 0.6981900452488687, "recall_score": 0.9993523316062176, "roc_auc_score": 0.9962386947922759, "train_percent": 0.26, "reduced_by": 2}