{"estimator": {"params": {"metric": "manhattan", "shrink_threshold": null}, "runtime": "0:00:00.015846", "classifier": "NearestCentroid(metric='manhattan', shrink_threshold=None)"}, "accuracy_score": 0.9959135956068471, "balanced_accuracy": 0.9972502585210447, "confusion_matrix": [[91397, 379], [2, 1458]], "f1_score": 0.8844404003639672, "precision_score": 0.793685356559608, "recall_score": 0.9986301369863013, "roc_auc_score": 0.9972502585210447, "train_percent": 0.3, "reduced_by": 3}