{"estimator": {"params": {"metric": "manhattan", "shrink_threshold": null}, "runtime": "0:00:00.009359", "classifier": "NearestCentroid(metric='manhattan', shrink_threshold=None)"}, "accuracy_score": 0.9957367499698176, "balanced_accuracy": 0.9968863926917331, "confusion_matrix": [[129891, 561], [4, 2072]], "f1_score": 0.8800169887449564, "precision_score": 0.7869350550702621, "recall_score": 0.9980732177263969, "roc_auc_score": 0.9968863926917331, "train_percent": 0.005, "reduced_by": 0}