{"estimator": {"params": {"metric": "manhattan", "shrink_threshold": null}, "runtime": "0:00:00.010945", "classifier": "NearestCentroid(metric='manhattan', shrink_threshold=None)"}, "accuracy_score": 0.9957145990450642, "balanced_accuracy": 0.9975582327715915, "confusion_matrix": [[116178, 507], [1, 1856]], "f1_score": 0.8796208530805687, "precision_score": 0.785442234447736, "recall_score": 0.9994614970382337, "roc_auc_score": 0.9975582327715915, "train_percent": 0.11, "reduced_by": 3}