{"estimator": {"params": {"metric": "manhattan", "shrink_threshold": null}, "runtime": "0:00:00.009778", "classifier": "NearestCentroid(metric='manhattan', shrink_threshold=None)"}, "accuracy_score": 0.99425728023514, "balanced_accuracy": 0.9970829512905608, "confusion_matrix": [[122522, 719], [0, 1961]], "f1_score": 0.8450764921353157, "precision_score": 0.7317164179104477, "recall_score": 1.0, "roc_auc_score": 0.9970829512905608, "train_percent": 0.06, "reduced_by": 0}