{"estimator": {"params": {"metric": "manhattan", "shrink_threshold": null}, "runtime": "0:00:00.021569", "classifier": "NearestCentroid(metric='manhattan', shrink_threshold=None)"}, "accuracy_score": 0.9955499133188638, "balanced_accuracy": 0.9977395645541534, "confusion_matrix": [[71784, 326], [0, 1147]], "f1_score": 0.8755725190839695, "precision_score": 0.778682959945689, "recall_score": 1.0, "roc_auc_score": 0.9977395645541534, "train_percent": 0.45, "reduced_by": 3}