{"estimator": {"params": {"metric": "manhattan", "shrink_threshold": null}, "runtime": "0:00:00.024019", "classifier": "NearestCentroid(metric='manhattan', shrink_threshold=None)"}, "accuracy_score": 0.9933122343374607, "balanced_accuracy": 0.9966029101149965, "confusion_matrix": [[84641, 579], [0, 1356]], "f1_score": 0.8240656335460347, "precision_score": 0.7007751937984497, "recall_score": 1.0, "roc_auc_score": 0.9966029101149965, "train_percent": 0.35, "reduced_by": 3}