{"estimator": {"params": {"metric": "manhattan", "shrink_threshold": null}, "runtime": "0:00:00.022879", "classifier": "NearestCentroid(metric='manhattan', shrink_threshold=None)"}, "accuracy_score": 0.9957000696179205, "balanced_accuracy": 0.9969578650364278, "confusion_matrix": [[71797, 313], [2, 1145]], "f1_score": 0.8790786948176583, "precision_score": 0.7853223593964335, "recall_score": 0.998256320836966, "roc_auc_score": 0.9969578650364277, "train_percent": 0.45, "reduced_by": 2}