{"estimator": {"params": {"metric": "manhattan", "shrink_threshold": null}, "runtime": "0:00:00.009099", "classifier": "NearestCentroid(metric='manhattan', shrink_threshold=None)"}, "accuracy_score": 0.9958067762495807, "balanced_accuracy": 0.9976191121585336, "confusion_matrix": [[122717, 524], [1, 1960]], "f1_score": 0.8818897637795275, "precision_score": 0.789049919484702, "recall_score": 0.9994900560938297, "roc_auc_score": 0.9976191121585336, "train_percent": 0.06, "reduced_by": 1}