{"estimator": {"params": {"metric": "manhattan", "shrink_threshold": null}, "runtime": "0:00:00.019681", "classifier": "NearestCentroid(metric='manhattan', shrink_threshold=None)"}, "accuracy_score": 0.9958706937234545, "balanced_accuracy": 0.9975654840373703, "confusion_matrix": [[91392, 384], [1, 1459]], "f1_score": 0.8834392976082349, "precision_score": 0.7916440586001086, "recall_score": 0.9993150684931507, "roc_auc_score": 0.9975654840373703, "train_percent": 0.3, "reduced_by": 0}