{"estimator": {"params": {"metric": "manhattan", "shrink_threshold": null}, "runtime": "0:00:00.008206", "classifier": "NearestCentroid(metric='manhattan', shrink_threshold=None)"}, "accuracy_score": 0.9957537952803247, "balanced_accuracy": 0.9968986933709676, "confusion_matrix": [[130415, 561], [4, 2080]], "f1_score": 0.8804232804232804, "precision_score": 0.7875804619462324, "recall_score": 0.9980806142034548, "roc_auc_score": 0.9968986933709677, "train_percent": 0.001, "reduced_by": 1}