{"estimator": {"params": {"metric": "manhattan", "shrink_threshold": null}, "runtime": "0:00:00.023421", "classifier": "NearestCentroid(metric='manhattan', shrink_threshold=None)"}, "accuracy_score": 0.9959832824465689, "balanced_accuracy": 0.9967806619751122, "confusion_matrix": [[78346, 318], [3, 1249]], "f1_score": 0.8861298332742108, "precision_score": 0.7970644543714104, "recall_score": 0.9976038338658147, "roc_auc_score": 0.9967806619751123, "train_percent": 0.4, "reduced_by": 0}