{"estimator": {"params": {"metric": "manhattan", "shrink_threshold": null}, "runtime": "0:00:00.011611", "classifier": "NearestCentroid(metric='manhattan', shrink_threshold=None)"}, "accuracy_score": 0.995906437975385, "balanced_accuracy": 0.9976398100452308, "confusion_matrix": [[109674, 457], [1, 1751]], "f1_score": 0.8843434343434343, "precision_score": 0.7930253623188406, "recall_score": 0.9994292237442922, "roc_auc_score": 0.9976398100452308, "train_percent": 0.16, "reduced_by": 3}