{"estimator": {"params": {"metric": "manhattan", "shrink_threshold": null}, "runtime": "0:00:00.029672", "classifier": "NearestCentroid(metric='manhattan', shrink_threshold=None)"}, "accuracy_score": 0.8794697637441454, "balanced_accuracy": 0.9184337521636592, "confusion_matrix": [[187060, 27283], [613, 16488]], "f1_score": 0.5417269023524772, "precision_score": 0.3766877613031459, "recall_score": 0.9641541430325712, "roc_auc_score": 0.9184337521636592, "train_percent": 0.16, "reduced_by": 0}