{"estimator": {"params": {"metric": "manhattan", "shrink_threshold": null}, "runtime": "0:00:00.031104", "classifier": "NearestCentroid(metric='manhattan', shrink_threshold=None)"}, "accuracy_score": 0.8903406439570696, "balanced_accuracy": 0.9240607017060987, "confusion_matrix": [[189585, 24758], [622, 16479]], "f1_score": 0.5649490897871028, "precision_score": 0.3996168489463346, "recall_score": 0.9636278580199988, "roc_auc_score": 0.9240607017060987, "train_percent": 0.16, "reduced_by": 1}