{"estimator": {"params": {"metric": "manhattan", "shrink_threshold": null}, "runtime": "0:00:00.024971", "classifier": "NearestCentroid(metric='manhattan', shrink_threshold=None)"}, "accuracy_score": 0.8779599763703827, "balanced_accuracy": 0.915670700764678, "confusion_matrix": [[209019, 30841], [767, 18370]], "f1_score": 0.5375431614677826, "precision_score": 0.373290524476235, "recall_score": 0.9599205727125464, "roc_auc_score": 0.915670700764678, "train_percent": 0.06, "reduced_by": 4}