{"estimator": {"params": {"metric": "manhattan", "shrink_threshold": null}, "runtime": "0:00:00.016697", "classifier": "NearestCentroid(metric='manhattan', shrink_threshold=None)"}, "accuracy_score": 0.5380680085097511, "balanced_accuracy": 0.7446439775809199, "confusion_matrix": [[120469, 119391], [248, 18889]], "f1_score": 0.23998678668758772, "precision_score": 0.1365996528782181, "recall_score": 0.9870408109944088, "roc_auc_score": 0.7446439775809199, "train_percent": 0.06, "reduced_by": 4}