{"estimator": {"params": {"metric": "manhattan", "shrink_threshold": null}, "runtime": "0:00:00.022490", "classifier": "NearestCentroid(metric='manhattan', shrink_threshold=None)"}, "accuracy_score": 0.5376765005789738, "balanced_accuracy": 0.7445300287540022, "confusion_matrix": [[107559, 106784], [218, 16883]], "f1_score": 0.23986985678563308, "precision_score": 0.13651984765539715, "recall_score": 0.9872522074732472, "roc_auc_score": 0.7445300287540023, "train_percent": 0.16, "reduced_by": 4}