{"estimator": {"params": {"metric": "manhattan", "shrink_threshold": null}, "runtime": "0:00:00.074987", "classifier": "NearestCentroid(metric='manhattan', shrink_threshold=None)"}, "accuracy_score": 0.9100272930518858, "balanced_accuracy": 0.9301345008103045, "confusion_matrix": [[115661, 11924], [471, 9708]], "f1_score": 0.6103549086793877, "precision_score": 0.44877958579881655, "recall_score": 0.9537282640730916, "roc_auc_score": 0.9301345008103045, "train_percent": 0.5, "reduced_by": 1}