{"estimator": {"params": {"metric": "manhattan", "shrink_threshold": null}, "runtime": "0:00:00.015397", "classifier": "NearestCentroid(metric='manhattan', shrink_threshold=None)"}, "accuracy_score": 0.8922535782267749, "balanced_accuracy": 0.8783314054438255, "confusion_matrix": [[214595, 25265], [2641, 16496]], "f1_score": 0.5417583500279155, "precision_score": 0.39500969804362923, "recall_score": 0.8619950880493286, "roc_auc_score": 0.8783314054438256, "train_percent": 0.06, "reduced_by": 4}