{"estimator": {"params": {"metric": "manhattan", "shrink_threshold": null}, "runtime": "0:00:00.047441", "classifier": "NearestCentroid(metric='manhattan', shrink_threshold=None)"}, "accuracy_score": 0.9293962508392967, "balanced_accuracy": 0.9389044573234382, "confusion_matrix": [[142040, 11062], [610, 11605]], "f1_score": 0.6653861590505131, "precision_score": 0.5119777650328672, "recall_score": 0.9500613999181334, "roc_auc_score": 0.9389044573234383, "train_percent": 0.4, "reduced_by": 3}