{"estimator": {"params": {"metric": "manhattan", "shrink_threshold": null}, "runtime": "0:00:00.015940", "classifier": "NearestCentroid(metric='manhattan', shrink_threshold=None)"}, "accuracy_score": 0.8929969250522523, "balanced_accuracy": 0.9252167258014292, "confusion_matrix": [[225309, 28586], [749, 19507]], "f1_score": 0.5708057177134997, "precision_score": 0.405609964028029, "recall_score": 0.9630233017377567, "roc_auc_score": 0.9252167258014291, "train_percent": 0.005, "reduced_by": 0}