{"estimator": {"params": {"metric": "manhattan", "shrink_threshold": null}, "runtime": "0:00:00.034414", "classifier": "NearestCentroid(metric='manhattan', shrink_threshold=None)"}, "accuracy_score": 0.909902840243071, "balanced_accuracy": 0.9312304385268123, "confusion_matrix": [[171115, 17711], [659, 14406]], "f1_score": 0.6106566063329236, "precision_score": 0.4485474982096709, "recall_score": 0.9562562230335214, "roc_auc_score": 0.9312304385268124, "train_percent": 0.26, "reduced_by": 1}