{"estimator": {"params": {"metric": "manhattan", "shrink_threshold": null}, "runtime": "0:00:00.055453", "classifier": "NearestCentroid(metric='manhattan', shrink_threshold=None)"}, "accuracy_score": 0.9163279231148921, "balanced_accuracy": 0.9302364244663699, "confusion_matrix": [[116602, 10983], [544, 9635]], "f1_score": 0.6257102964574471, "precision_score": 0.4673101173731691, "recall_score": 0.9465566362118086, "roc_auc_score": 0.93023642446637, "train_percent": 0.5, "reduced_by": 3}