{"estimator": {"params": {"metric": "manhattan", "shrink_threshold": null}, "runtime": "0:00:00.026621", "classifier": "NearestCentroid(metric='manhattan', shrink_threshold=None)"}, "accuracy_score": 0.5500812291526244, "balanced_accuracy": 0.7514962918319501, "confusion_matrix": [[110420, 103923], [208, 16893]], "f1_score": 0.2449734260461002, "precision_score": 0.13982419547079858, "recall_score": 0.9878369685983276, "roc_auc_score": 0.7514962918319501, "train_percent": 0.16, "reduced_by": 1}