{"estimator": {"params": {"metric": "manhattan", "shrink_threshold": null}, "runtime": "0:00:00.019355", "classifier": "NearestCentroid(metric='manhattan', shrink_threshold=None)"}, "accuracy_score": 0.8788055460101855, "balanced_accuracy": 0.9181949019825237, "confusion_matrix": [[209152, 30708], [681, 18456]], "f1_score": 0.5404313260420784, "precision_score": 0.37539663168171833, "recall_score": 0.9644144850290014, "roc_auc_score": 0.9181949019825237, "train_percent": 0.06, "reduced_by": 0}