{"estimator": {"params": {"metric": "manhattan", "shrink_threshold": null}, "runtime": "0:00:00.021185", "classifier": "NearestCentroid(metric='manhattan', shrink_threshold=None)"}, "accuracy_score": 0.9092180648348973, "balanced_accuracy": 0.9304684473995501, "confusion_matrix": [[230834, 24081], [907, 19431]], "f1_score": 0.6086452623335944, "precision_score": 0.44656646442360726, "recall_score": 0.9554036778444291, "roc_auc_score": 0.93046844739955, "train_percent": 0.001, "reduced_by": 1}