{"estimator": {"params": {"metric": "manhattan", "shrink_threshold": null}, "runtime": "0:00:00.034172", "classifier": "NearestCentroid(metric='manhattan', shrink_threshold=None)"}, "accuracy_score": 0.8947944211126666, "balanced_accuracy": 0.9101394644659211, "confusion_matrix": [[159352, 19267], [1024, 13227]], "f1_score": 0.5659214889292973, "precision_score": 0.4070597648796701, "recall_score": 0.928145393305733, "roc_auc_score": 0.9101394644659212, "train_percent": 0.3, "reduced_by": 4}