{"estimator": {"params": {"metric": "manhattan", "shrink_threshold": null}, "runtime": "0:00:00.018225", "classifier": "NearestCentroid(metric='manhattan', shrink_threshold=None)"}, "accuracy_score": 0.5381452294814225, "balanced_accuracy": 0.7449501398938794, "confusion_matrix": [[120478, 119382], [237, 18900]], "f1_score": 0.24012349208164196, "precision_score": 0.1366772248014926, "recall_score": 0.98761561373256, "roc_auc_score": 0.7449501398938795, "train_percent": 0.06, "reduced_by": 2}