{"estimator": {"params": {"metric": "manhattan", "shrink_threshold": null}, "runtime": "0:00:00.025481", "classifier": "NearestCentroid(metric='manhattan', shrink_threshold=None)"}, "accuracy_score": 0.928129482725843, "balanced_accuracy": 0.9373057587596048, "confusion_matrix": [[198597, 15746], [888, 16213]], "f1_score": 0.6609457806767223, "precision_score": 0.5073062361150223, "recall_score": 0.9480732120928601, "roc_auc_score": 0.9373057587596048, "train_percent": 0.16, "reduced_by": 2}