{"estimator": {"params": {"metric": "manhattan", "shrink_threshold": null}, "runtime": "0:00:00.030087", "classifier": "NearestCentroid(metric='manhattan', shrink_threshold=None)"}, "accuracy_score": 0.5506818063980919, "balanced_accuracy": 0.7515728576870844, "confusion_matrix": [[92140, 86479], [181, 14070]], "f1_score": 0.2451219512195122, "precision_score": 0.13993177455767836, "recall_score": 0.9872991369026735, "roc_auc_score": 0.7515728576870843, "train_percent": 0.3, "reduced_by": 4}