{"estimator": {"params": {"metric": "manhattan", "shrink_threshold": null}, "runtime": "0:00:00.013228", "classifier": "NearestCentroid(metric='manhattan', shrink_threshold=None)"}, "accuracy_score": 0.8775135368969803, "balanced_accuracy": 0.916999617298454, "confusion_matrix": [[219947, 32672], [739, 19415]], "f1_score": 0.5375064021815866, "precision_score": 0.3727417589801678, "recall_score": 0.9633323409744964, "roc_auc_score": 0.9169996172984539, "train_percent": 0.01, "reduced_by": 4}