{"estimator": {"params": {"metric": "manhattan", "shrink_threshold": null}, "runtime": "0:00:00.013196", "classifier": "NearestCentroid(metric='manhattan', shrink_threshold=None)"}, "accuracy_score": 0.9329271615568223, "balanced_accuracy": 0.9409159919329477, "confusion_matrix": [[237464, 17451], [1011, 19327]], "f1_score": 0.6767630786469641, "precision_score": 0.5255043776170537, "recall_score": 0.9502900973547055, "roc_auc_score": 0.9409159919329477, "train_percent": 0.001, "reduced_by": 3}