{"estimator": {"params": {"metric": "manhattan", "shrink_threshold": null}, "runtime": "0:00:00.047986", "classifier": "NearestCentroid(metric='manhattan', shrink_threshold=None)"}, "accuracy_score": 0.538028802880288, "balanced_accuracy": 0.7449356610723001, "confusion_matrix": [[64067, 63518], [125, 10054]], "f1_score": 0.2400926556100823, "precision_score": 0.13665524927961725, "recall_score": 0.9877198153060222, "roc_auc_score": 0.7449356610723001, "train_percent": 0.5, "reduced_by": 3}