{"estimator": {"params": {"metric": "manhattan", "shrink_threshold": null}, "runtime": "0:00:00.012308", "classifier": "NearestCentroid(metric='manhattan', shrink_threshold=None)"}, "accuracy_score": 0.9006829854861002, "balanced_accuracy": 0.8817716588416789, "confusion_matrix": [[228358, 24261], [2830, 17324]], "f1_score": 0.5612011856363077, "precision_score": 0.41659252134183, "recall_score": 0.8595812245708048, "roc_auc_score": 0.8817716588416789, "train_percent": 0.01, "reduced_by": 4}