{"estimator": {"params": {"metric": "manhattan", "shrink_threshold": null}, "runtime": "0:00:00.017022", "classifier": "NearestCentroid(metric='manhattan', shrink_threshold=None)"}, "accuracy_score": 0.9130661569718878, "balanced_accuracy": 0.930191514214074, "confusion_matrix": [[231069, 22826], [1007, 19249]], "f1_score": 0.6176380934045659, "precision_score": 0.4574925727866904, "recall_score": 0.9502863349131122, "roc_auc_score": 0.930191514214074, "train_percent": 0.005, "reduced_by": 2}