{"estimator": {"params": {"metric": "manhattan", "shrink_threshold": null}, "runtime": "0:00:00.043712", "classifier": "NearestCentroid(metric='manhattan', shrink_threshold=None)"}, "accuracy_score": 0.9290621020053978, "balanced_accuracy": 0.9391827536224278, "confusion_matrix": [[130142, 10202], [548, 10649]], "f1_score": 0.664565651522716, "precision_score": 0.5107189103640113, "recall_score": 0.9510583191926408, "roc_auc_score": 0.9391827536224278, "train_percent": 0.45, "reduced_by": 3}