{"estimator": {"params": {"metric": "manhattan", "shrink_threshold": null}, "runtime": "0:00:00.020797", "classifier": "NearestCentroid(metric='manhattan', shrink_threshold=None)"}, "accuracy_score": 0.5381820406165891, "balanced_accuracy": 0.7448022652015538, "confusion_matrix": [[114085, 113016], [231, 17888]], "f1_score": 0.2400703247149769, "precision_score": 0.1366497586017234, "recall_score": 0.9872509520392958, "roc_auc_score": 0.7448022652015538, "train_percent": 0.11, "reduced_by": 3}