{"estimator": {"params": {"metric": "manhattan", "shrink_threshold": null}, "runtime": "0:00:00.017056", "classifier": "NearestCentroid(metric='manhattan', shrink_threshold=None)"}, "accuracy_score": 0.9280918311795118, "balanced_accuracy": 0.9385289907642864, "confusion_matrix": [[222178, 17682], [942, 18195]], "f1_score": 0.6614679899661905, "precision_score": 0.507149427209633, "recall_score": 0.9507759836965042, "roc_auc_score": 0.9385289907642864, "train_percent": 0.06, "reduced_by": 3}