{"estimator": {"params": {"metric": "manhattan", "shrink_threshold": null}, "runtime": "0:00:00.025792", "classifier": "NearestCentroid(metric='manhattan', shrink_threshold=None)"}, "accuracy_score": 0.8783606225995553, "balanced_accuracy": 0.9161330187974904, "confusion_matrix": [[175744, 25841], [636, 15447]], "f1_score": 0.5384950584790225, "precision_score": 0.37412807595427244, "recall_score": 0.9604551389666107, "roc_auc_score": 0.9161330187974904, "train_percent": 0.21, "reduced_by": 4}