{"estimator": {"params": {"metric": "manhattan", "shrink_threshold": null}, "runtime": "0:00:00.048132", "classifier": "NearestCentroid(metric='manhattan', shrink_threshold=None)"}, "accuracy_score": 0.8862552625995287, "balanced_accuracy": 0.9228394459178397, "confusion_matrix": [[145943, 19918], [453, 12780]], "f1_score": 0.5564869042694476, "precision_score": 0.3908495932472934, "recall_score": 0.9657673996826116, "roc_auc_score": 0.9228394459178398, "train_percent": 0.35, "reduced_by": 0}