{"estimator": {"params": {"metric": "manhattan", "shrink_threshold": null}, "runtime": "0:00:00.031807", "classifier": "NearestCentroid(metric='manhattan', shrink_threshold=None)"}, "accuracy_score": 0.5500734034744311, "balanced_accuracy": 0.75129849722707, "confusion_matrix": [[116998, 110103], [228, 17891]], "f1_score": 0.24489265157788834, "precision_score": 0.13977998968701658, "recall_score": 0.9874165240907334, "roc_auc_score": 0.7512984972270701, "train_percent": 0.11, "reduced_by": 1}