{"estimator": {"params": {"metric": "manhattan", "shrink_threshold": null}, "runtime": "0:00:00.033841", "classifier": "NearestCentroid(metric='manhattan', shrink_threshold=None)"}, "accuracy_score": 0.5379074675868538, "balanced_accuracy": 0.7446786949706357, "confusion_matrix": [[83271, 82590], [168, 13065]], "f1_score": 0.23997134670487102, "precision_score": 0.13658460090951857, "recall_score": 0.9873044661074586, "roc_auc_score": 0.7446786949706357, "train_percent": 0.35, "reduced_by": 4}