{"estimator": {"params": {"metric": "manhattan", "shrink_threshold": null}, "runtime": "0:00:00.014003", "classifier": "NearestCentroid(metric='manhattan', shrink_threshold=None)"}, "accuracy_score": 0.5380371224424705, "balanced_accuracy": 0.7448377248294589, "confusion_matrix": [[126860, 125759], [252, 19902]], "f1_score": 0.24005065886680935, "precision_score": 0.13663231750434227, "recall_score": 0.9874962786543614, "roc_auc_score": 0.7448377248294589, "train_percent": 0.01, "reduced_by": 3}