{"estimator": {"params": {"metric": "manhattan", "shrink_threshold": null}, "runtime": "0:00:00.033015", "classifier": "NearestCentroid(metric='manhattan', shrink_threshold=None)"}, "accuracy_score": 0.8953119590829397, "balanced_accuracy": 0.9100312773201608, "confusion_matrix": [[148074, 17787], [962, 12271]], "f1_score": 0.5669076713404634, "precision_score": 0.40824406148113646, "recall_score": 0.9273029547343762, "roc_auc_score": 0.9100312773201608, "train_percent": 0.35, "reduced_by": 4}