{"estimator": {"params": {"metric": "manhattan", "shrink_threshold": null}, "runtime": "0:00:00.013066", "classifier": "NearestCentroid(metric='manhattan', shrink_threshold=None)"}, "accuracy_score": 0.5498141709627143, "balanced_accuracy": 0.7510663928636119, "confusion_matrix": [[131260, 123655], [260, 20078]], "f1_score": 0.2447477006905547, "precision_score": 0.13968956328748444, "recall_score": 0.9872160487756908, "roc_auc_score": 0.7510663928636118, "train_percent": 0.001, "reduced_by": 4}