{"estimator": {"params": {"metric": "manhattan", "shrink_threshold": null}, "runtime": "0:00:00.035000", "classifier": "NearestCentroid(metric='manhattan', shrink_threshold=None)"}, "accuracy_score": 0.5381355724382145, "balanced_accuracy": 0.7446573014752405, "confusion_matrix": [[94852, 93974], [196, 14869]], "f1_score": 0.2400006456403138, "precision_score": 0.1366096120099593, "recall_score": 0.9869897112512446, "roc_auc_score": 0.7446573014752405, "train_percent": 0.26, "reduced_by": 2}