{"estimator": {"params": {"metric": "manhattan", "shrink_threshold": null}, "runtime": "0:00:00.057719", "classifier": "NearestCentroid(metric='manhattan', shrink_threshold=None)"}, "accuracy_score": 0.9122085772167269, "balanced_accuracy": 0.9286865498827055, "confusion_matrix": [[127622, 12722], [582, 10615]], "f1_score": 0.6147564718827822, "precision_score": 0.4548570938852466, "recall_score": 0.9480217915513084, "roc_auc_score": 0.9286865498827054, "train_percent": 0.45, "reduced_by": 2}