{"estimator": {"params": {"metric": "manhattan", "shrink_threshold": null}, "runtime": "0:00:00.049748", "classifier": "NearestCentroid(metric='manhattan', shrink_threshold=None)"}, "accuracy_score": 0.8554484480706135, "balanced_accuracy": 0.9045100222573523, "confusion_matrix": [[108057, 19528], [386, 9793]], "f1_score": 0.49584810126582274, "precision_score": 0.33399270147675725, "recall_score": 0.9620787896649966, "roc_auc_score": 0.9045100222573523, "train_percent": 0.5, "reduced_by": 2}