{"estimator": {"params": {"metric": "manhattan", "shrink_threshold": null}, "runtime": "0:00:00.019040", "classifier": "NearestCentroid(metric='manhattan', shrink_threshold=None)"}, "accuracy_score": 0.8775303808824729, "balanced_accuracy": 0.9157231594501322, "confusion_matrix": [[197784, 29317], [715, 17404]], "f1_score": 0.5368291178285008, "precision_score": 0.3725091500610004, "recall_score": 0.9605386610740108, "roc_auc_score": 0.9157231594501322, "train_percent": 0.11, "reduced_by": 4}