{"estimator": {"params": {"metric": "manhattan", "shrink_threshold": null}, "runtime": "0:00:00.017143", "classifier": "NearestCentroid(metric='manhattan', shrink_threshold=None)"}, "accuracy_score": 0.914547272748333, "balanced_accuracy": 0.9298940351154397, "confusion_matrix": [[218725, 21135], [997, 18140]], "f1_score": 0.6211052523454086, "precision_score": 0.46187141947803945, "recall_score": 0.947901970005748, "roc_auc_score": 0.9298940351154397, "train_percent": 0.06, "reduced_by": 3}