{"estimator": {"params": {"metric": "manhattan", "shrink_threshold": null}, "runtime": "0:00:00.020370", "classifier": "NearestCentroid(metric='manhattan', shrink_threshold=None)"}, "accuracy_score": 0.5372441073321915, "balanced_accuracy": 0.7443720636138318, "confusion_matrix": [[113852, 113249], [228, 17891]], "f1_score": 0.2397309374979063, "precision_score": 0.13642671953637334, "recall_score": 0.9874165240907334, "roc_auc_score": 0.7443720636138318, "train_percent": 0.11, "reduced_by": 4}