{"estimator": {"params": {"metric": "manhattan", "shrink_threshold": null}, "runtime": "0:00:00.031541", "classifier": "NearestCentroid(metric='manhattan', shrink_threshold=None)"}, "accuracy_score": 0.879086498704449, "balanced_accuracy": 0.9186705418317528, "confusion_matrix": [[175827, 25758], [561, 15522]], "f1_score": 0.5411850844621098, "precision_score": 0.3760174418604651, "recall_score": 0.9651184480507368, "roc_auc_score": 0.9186705418317528, "train_percent": 0.21, "reduced_by": 0}