{"estimator": {"params": {"metric": "manhattan", "shrink_threshold": null}, "runtime": "0:00:00.049304", "classifier": "NearestCentroid(metric='manhattan', shrink_threshold=None)"}, "accuracy_score": 0.9140628608759346, "balanced_accuracy": 0.9307971493166352, "confusion_matrix": [[127876, 12468], [555, 10642]], "f1_score": 0.6203981694697874, "precision_score": 0.46049329294677627, "recall_score": 0.9504331517370724, "roc_auc_score": 0.9307971493166352, "train_percent": 0.45, "reduced_by": 3}