{"estimator": {"params": {"metric": "manhattan", "shrink_threshold": null}, "runtime": "0:00:00.071308", "classifier": "NearestCentroid(metric='manhattan', shrink_threshold=None)"}, "accuracy_score": 0.8785676954792253, "balanced_accuracy": 0.9182575470039, "confusion_matrix": [[111214, 16371], [358, 9821]], "f1_score": 0.5400456407577466, "precision_score": 0.37496182040317655, "recall_score": 0.9648295510364476, "roc_auc_score": 0.9182575470038999, "train_percent": 0.5, "reduced_by": 0}