{"estimator": {"params": {"metric": "manhattan", "shrink_threshold": null}, "runtime": "0:00:00.030158", "classifier": "NearestCentroid(metric='manhattan', shrink_threshold=None)"}, "accuracy_score": 0.8904064906187404, "balanced_accuracy": 0.9232944717071694, "confusion_matrix": [[178343, 23242], [613, 15470]], "f1_score": 0.5646500593119811, "precision_score": 0.39961768960529037, "recall_score": 0.9618852204190761, "roc_auc_score": 0.9232944717071693, "train_percent": 0.21, "reduced_by": 1}