{"estimator": {"params": {"metric": "manhattan", "shrink_threshold": null}, "runtime": "0:00:00.056276", "classifier": "NearestCentroid(metric='manhattan', shrink_threshold=None)"}, "accuracy_score": 0.8785241427368543, "balanced_accuracy": 0.917013585132743, "confusion_matrix": [[111235, 16350], [385, 9794]], "f1_score": 0.5392726371720399, "precision_score": 0.37461750305997554, "recall_score": 0.9621770311425484, "roc_auc_score": 0.917013585132743, "train_percent": 0.5, "reduced_by": 4}