{"estimator": {"params": {"metric": "manhattan", "shrink_threshold": null}, "runtime": "0:00:00.023221", "classifier": "NearestCentroid(metric='manhattan', shrink_threshold=None)"}, "accuracy_score": 0.5381431361366033, "balanced_accuracy": 0.7448895827901342, "confusion_matrix": [[107663, 106680], [214, 16887]], "f1_score": 0.2400972502630307, "precision_score": 0.13666270120663285, "recall_score": 0.9874861119232793, "roc_auc_score": 0.7448895827901341, "train_percent": 0.16, "reduced_by": 3}