{"estimator": {"params": {"metric": "manhattan", "shrink_threshold": null}, "runtime": "0:00:00.028952", "classifier": "NearestCentroid(metric='manhattan', shrink_threshold=None)"}, "accuracy_score": 0.9282301486667769, "balanced_accuracy": 0.9385942372006826, "confusion_matrix": [[186755, 14830], [792, 15291]], "f1_score": 0.6618907453900095, "precision_score": 0.5076524683775439, "recall_score": 0.9507554560716285, "roc_auc_score": 0.9385942372006826, "train_percent": 0.21, "reduced_by": 3}