{"estimator": {"params": {"metric": "manhattan", "shrink_threshold": null}, "runtime": "0:00:00.015808", "classifier": "NearestCentroid(metric='manhattan', shrink_threshold=None)"}, "accuracy_score": 0.8876996799308273, "balanced_accuracy": 0.9224026734797075, "confusion_matrix": [[224754, 30161], [750, 19588]], "f1_score": 0.5589624324054389, "precision_score": 0.3937365575187441, "recall_score": 0.9631232176221851, "roc_auc_score": 0.9224026734797076, "train_percent": 0.001, "reduced_by": 1}