{"estimator": {"params": {"metric": "manhattan", "shrink_threshold": null}, "runtime": "0:00:00.059477", "classifier": "NearestCentroid(metric='manhattan', shrink_threshold=None)"}, "accuracy_score": 0.537898144653175, "balanced_accuracy": 0.7445939091677632, "confusion_matrix": [[64055, 63530], [131, 10048]], "f1_score": 0.239932184772616, "precision_score": 0.13656255946070836, "recall_score": 0.9871303664407113, "roc_auc_score": 0.7445939091677632, "train_percent": 0.5, "reduced_by": 4}