{"estimator": {"params": {"metric": "manhattan", "shrink_threshold": null}, "runtime": "0:00:00.039100", "classifier": "NearestCentroid(metric='manhattan', shrink_threshold=None)"}, "accuracy_score": 0.8813812412505833, "balanced_accuracy": 0.9197188011559865, "confusion_matrix": [[156244, 22375], [503, 13748]], "f1_score": 0.5458371382062176, "precision_score": 0.380588544694516, "recall_score": 0.9647042312820153, "roc_auc_score": 0.9197188011559865, "train_percent": 0.3, "reduced_by": 0}