{"estimator": {"params": {"metric": "manhattan", "shrink_threshold": null}, "runtime": "0:00:00.034788", "classifier": "NearestCentroid(metric='manhattan', shrink_threshold=None)"}, "accuracy_score": 0.8553326074557992, "balanced_accuracy": 0.9042347635325616, "confusion_matrix": [[151264, 27355], [547, 13704]], "f1_score": 0.4955342614355451, "precision_score": 0.33376360846586617, "recall_score": 0.961616728650621, "roc_auc_score": 0.9042347635325616, "train_percent": 0.3, "reduced_by": 2}