{"estimator": {"params": {"metric": "manhattan", "shrink_threshold": null}, "runtime": "0:00:00.028958", "classifier": "NearestCentroid(metric='manhattan', shrink_threshold=None)"}, "accuracy_score": 0.9098356405869238, "balanced_accuracy": 0.9305231806466754, "confusion_matrix": [[194248, 20095], [773, 16328]], "f1_score": 0.6101188251999103, "precision_score": 0.4482881695631881, "recall_score": 0.9547979650312847, "roc_auc_score": 0.9305231806466754, "train_percent": 0.16, "reduced_by": 1}