{"estimator": {"params": {"metric": "manhattan", "shrink_threshold": null}, "runtime": "0:00:00.030714", "classifier": "NearestCentroid(metric='manhattan', shrink_threshold=None)"}, "accuracy_score": 0.5380080533226087, "balanced_accuracy": 0.7449244123125149, "confusion_matrix": [[94815, 94011], [185, 14880]], "f1_score": 0.24008519151957144, "precision_score": 0.13665041187976967, "recall_score": 0.9877198805177564, "roc_auc_score": 0.7449244123125148, "train_percent": 0.26, "reduced_by": 4}