{"estimator": {"params": {"metric": "manhattan", "shrink_threshold": null}, "runtime": "0:00:00.024276", "classifier": "NearestCentroid(metric='manhattan', shrink_threshold=None)"}, "accuracy_score": 0.5380610428440573, "balanced_accuracy": 0.7447914506123476, "confusion_matrix": [[107646, 106697], [216, 16885]], "f1_score": 0.24004321773064266, "precision_score": 0.13662992992507, "recall_score": 0.9873691596982632, "roc_auc_score": 0.7447914506123475, "train_percent": 0.16, "reduced_by": 2}