{"estimator": {"params": {"metric": "manhattan", "shrink_threshold": null}, "runtime": "0:00:00.027867", "classifier": "NearestCentroid(metric='manhattan', shrink_threshold=None)"}, "accuracy_score": 0.9119117187643567, "balanced_accuracy": 0.9293549321126435, "confusion_matrix": [[183218, 18367], [807, 15276]], "f1_score": 0.6144069500864738, "precision_score": 0.4540617661920756, "recall_score": 0.9498227942548032, "roc_auc_score": 0.9293549321126436, "train_percent": 0.21, "reduced_by": 2}