{"estimator": {"params": {"metric": "manhattan", "shrink_threshold": null}, "runtime": "0:00:00.024739", "classifier": "NearestCentroid(metric='manhattan', shrink_threshold=None)"}, "accuracy_score": 0.5376398919455317, "balanced_accuracy": 0.7445396616814542, "confusion_matrix": [[101148, 100437], [204, 15879]], "f1_score": 0.23986586001404844, "precision_score": 0.13651604250490043, "recall_score": 0.987315799291177, "roc_auc_score": 0.7445396616814542, "train_percent": 0.21, "reduced_by": 4}