{"estimator": {"params": {"metric": "manhattan", "shrink_threshold": null}, "runtime": "0:00:00.044286", "classifier": "NearestCentroid(metric='manhattan', shrink_threshold=None)"}, "accuracy_score": 0.85390092450228, "balanced_accuracy": 0.9034938553564993, "confusion_matrix": [[118633, 21711], [429, 10768]], "f1_score": 0.49308544738529164, "precision_score": 0.3315373010252779, "recall_score": 0.9616861659373046, "roc_auc_score": 0.9034938553564993, "train_percent": 0.45, "reduced_by": 2}