{"estimator": {"params": {"metric": "manhattan", "shrink_threshold": null}, "runtime": "0:00:00.046726", "classifier": "NearestCentroid(metric='manhattan', shrink_threshold=None)"}, "accuracy_score": 0.5388442731669977, "balanced_accuracy": 0.7456018873101973, "confusion_matrix": [[70592, 69752], [132, 11065]], "f1_score": 0.24050687938791923, "precision_score": 0.13691426308821164, "recall_score": 0.9882111279807091, "roc_auc_score": 0.7456018873101972, "train_percent": 0.45, "reduced_by": 3}