{"estimator": {"params": {"metric": "manhattan", "shrink_threshold": null}, "runtime": "0:00:00.037147", "classifier": "NearestCentroid(metric='manhattan', shrink_threshold=None)"}, "accuracy_score": 0.8880489448851558, "balanced_accuracy": 0.9227052081033142, "confusion_matrix": [[157549, 21070], [522, 13729]], "f1_score": 0.559796126401631, "precision_score": 0.39452283111583664, "recall_score": 0.9633709915093678, "roc_auc_score": 0.9227052081033142, "train_percent": 0.3, "reduced_by": 1}