{"estimator": {"params": {"metric": "manhattan", "shrink_threshold": null}, "runtime": "0:00:00.016509", "classifier": "NearestCentroid(metric='manhattan', shrink_threshold=None)"}, "accuracy_score": 0.8847097034364748, "balanced_accuracy": 0.9214444793219567, "confusion_matrix": [[223902, 31013], [721, 19617]], "f1_score": 0.5528407169428474, "precision_score": 0.3874580288366581, "recall_score": 0.9645491198741273, "roc_auc_score": 0.9214444793219568, "train_percent": 0.001, "reduced_by": 0}