{"estimator": {"params": {"metric": "manhattan", "shrink_threshold": null}, "runtime": "0:00:00.034467", "classifier": "NearestCentroid(metric='manhattan', shrink_threshold=None)"}, "accuracy_score": 0.5502351746766655, "balanced_accuracy": 0.7513119368075458, "confusion_matrix": [[97315, 91511], [192, 14873]], "f1_score": 0.24492585365050348, "precision_score": 0.1398048578733644, "recall_score": 0.987255227348158, "roc_auc_score": 0.7513119368075457, "train_percent": 0.26, "reduced_by": 1}