{"estimator": {"params": {"metric": "manhattan", "shrink_threshold": null}, "runtime": "0:00:00.039652", "classifier": "NearestCentroid(metric='manhattan', shrink_threshold=None)"}, "accuracy_score": 0.9258671644112615, "balanced_accuracy": 0.9383123543803165, "confusion_matrix": [[164992, 13627], [671, 13580]], "f1_score": 0.6551208451927251, "precision_score": 0.49913625169993014, "recall_score": 0.9529155848712371, "roc_auc_score": 0.9383123543803165, "train_percent": 0.3, "reduced_by": 1}