{"estimator": {"params": {"metric": "manhattan", "shrink_threshold": null}, "runtime": "0:00:00.057862", "classifier": "NearestCentroid(metric='manhattan', shrink_threshold=None)"}, "accuracy_score": 0.5383990011904416, "balanced_accuracy": 0.7455423438728686, "confusion_matrix": [[64109, 63476], [116, 10063]], "f1_score": 0.2404023029694928, "precision_score": 0.1368389562001115, "recall_score": 0.9886039886039886, "roc_auc_score": 0.7455423438728687, "train_percent": 0.5, "reduced_by": 0}