{"estimator": {"params": {"metric": "manhattan", "shrink_threshold": null}, "runtime": "0:00:00.015324", "classifier": "NearestCentroid(metric='manhattan', shrink_threshold=None)"}, "accuracy_score": 0.9137847725547042, "balanced_accuracy": 0.9293369048545328, "confusion_matrix": [[232250, 22665], [1066, 19272]], "f1_score": 0.6189321557607387, "precision_score": 0.4595464625509693, "recall_score": 0.9475857999803324, "roc_auc_score": 0.9293369048545327, "train_percent": 0.001, "reduced_by": 3}