{"estimator": {"params": {"metric": "manhattan", "shrink_threshold": null}, "runtime": "0:00:00.044211", "classifier": "NearestCentroid(metric='manhattan', shrink_threshold=None)"}, "accuracy_score": 0.5369503962623976, "balanced_accuracy": 0.7437164646909442, "confusion_matrix": [[70326, 70018], [153, 11044]], "f1_score": 0.239412957001485, "precision_score": 0.13624139547506847, "recall_score": 0.9863356256140038, "roc_auc_score": 0.7437164646909442, "train_percent": 0.45, "reduced_by": 2}