{"estimator": {"params": {"metric": "manhattan", "shrink_threshold": null}, "runtime": "0:00:00.035674", "classifier": "NearestCentroid(metric='manhattan', shrink_threshold=None)"}, "accuracy_score": 0.9296905535640502, "balanced_accuracy": 0.9389533867290314, "confusion_matrix": [[153933, 11928], [664, 12569]], "f1_score": 0.6662602703419029, "precision_score": 0.5130832346817977, "recall_score": 0.9498224136628126, "roc_auc_score": 0.9389533867290315, "train_percent": 0.35, "reduced_by": 3}