{"estimator": {"params": {"metric": "manhattan", "shrink_threshold": null}, "runtime": "0:00:00.019274", "classifier": "NearestCentroid(metric='manhattan', shrink_threshold=None)"}, "accuracy_score": 0.8798364459819998, "balanced_accuracy": 0.9175252914097993, "confusion_matrix": [[209470, 30390], [732, 18405]], "f1_score": 0.5418653948065713, "precision_score": 0.37719028588994774, "recall_score": 0.9617494905157549, "roc_auc_score": 0.9175252914097993, "train_percent": 0.06, "reduced_by": 2}