{"estimator": {"params": {"metric": "manhattan", "shrink_threshold": null}, "runtime": "0:00:00.014442", "classifier": "NearestCentroid(metric='manhattan', shrink_threshold=None)"}, "accuracy_score": 0.9611178525733852, "balanced_accuracy": 0.9546714468194182, "confusion_matrix": [[243079, 9540], [1066, 19088]], "f1_score": 0.7825837399040628, "precision_score": 0.6667598155651809, "recall_score": 0.9471072739902748, "roc_auc_score": 0.9546714468194182, "train_percent": 0.01, "reduced_by": 3}