{"estimator": {"params": {"metric": "manhattan", "shrink_threshold": null}, "runtime": "0:00:00.017823", "classifier": "NearestCentroid(metric='manhattan', shrink_threshold=None)"}, "accuracy_score": 0.8951635266291493, "balanced_accuracy": 0.9104894256477588, "confusion_matrix": [[202689, 24412], [1296, 16823]], "f1_score": 0.566869966640833, "precision_score": 0.40797865890626894, "recall_score": 0.9284728737789061, "roc_auc_score": 0.9104894256477588, "train_percent": 0.11, "reduced_by": 4}