{"estimator": {"params": {"metric": "manhattan", "shrink_threshold": null}, "runtime": "0:00:00.049112", "classifier": "NearestCentroid(metric='manhattan', shrink_threshold=None)"}, "accuracy_score": 0.9291033942103888, "balanced_accuracy": 0.9387610511892768, "confusion_matrix": [[118326, 9259], [508, 9671]], "f1_score": 0.6644680339413928, "precision_score": 0.5108821975699948, "recall_score": 0.9500933294036742, "roc_auc_score": 0.9387610511892768, "train_percent": 0.5, "reduced_by": 3}