{"estimator": {"params": {"metric": "manhattan", "shrink_threshold": null}, "runtime": "0:00:00.049517", "classifier": "NearestCentroid(metric='manhattan', shrink_threshold=None)"}, "accuracy_score": 0.5365676615569384, "balanced_accuracy": 0.7434276452784554, "confusion_matrix": [[70270, 70074], [155, 11042]], "f1_score": 0.2392295776326195, "precision_score": 0.13612604171803344, "recall_score": 0.9861570063409842, "roc_auc_score": 0.7434276452784554, "train_percent": 0.45, "reduced_by": 1}