{"estimator": {"params": {"metric": "manhattan", "shrink_threshold": null}, "runtime": "0:00:00.038803", "classifier": "NearestCentroid(metric='manhattan', shrink_threshold=None)"}, "accuracy_score": 0.894906328980276, "balanced_accuracy": 0.910839143414848, "confusion_matrix": [[125207, 15137], [789, 10408]], "f1_score": 0.566545098252681, "precision_score": 0.40743785476609906, "recall_score": 0.9295346967937841, "roc_auc_score": 0.910839143414848, "train_percent": 0.45, "reduced_by": 4}