{"estimator": {"params": {"metric": "manhattan", "shrink_threshold": null}, "runtime": "0:00:00.026107", "classifier": "NearestCentroid(metric='manhattan', shrink_threshold=None)"}, "accuracy_score": 0.8926760019846739, "balanced_accuracy": 0.8785746966667634, "confusion_matrix": [[180443, 21142], [2219, 13864]], "f1_score": 0.5427391414981699, "precision_score": 0.39604639204707764, "recall_score": 0.8620282285643226, "roc_auc_score": 0.8785746966667634, "train_percent": 0.21, "reduced_by": 4}