{"estimator": {"params": {"metric": "manhattan", "shrink_threshold": null}, "runtime": "0:00:00.014488", "classifier": "NearestCentroid(metric='manhattan', shrink_threshold=None)"}, "accuracy_score": 0.537465531710826, "balanced_accuracy": 0.7445125800891556, "confusion_matrix": [[127856, 127059], [255, 20083]], "f1_score": 0.23982565082397897, "precision_score": 0.13648720283807478, "recall_score": 0.9874618939915429, "roc_auc_score": 0.7445125800891556, "train_percent": 0.001, "reduced_by": 2}