{"estimator": {"params": {"metric": "manhattan", "shrink_threshold": null}, "runtime": "0:00:00.041161", "classifier": "NearestCentroid(metric='manhattan', shrink_threshold=None)"}, "accuracy_score": 0.5376398071583685, "balanced_accuracy": 0.7448384467474332, "confusion_matrix": [[76813, 76289], [147, 12068]], "f1_score": 0.23998727279958637, "precision_score": 0.1365822741831434, "recall_score": 0.9879656160458453, "roc_auc_score": 0.7448384467474332, "train_percent": 0.4, "reduced_by": 1}