{"estimator": {"params": {"metric": "manhattan", "shrink_threshold": null}, "runtime": "0:00:00.012715", "classifier": "NearestCentroid(metric='manhattan', shrink_threshold=None)"}, "accuracy_score": 0.894911928098019, "balanced_accuracy": 0.9087148491315727, "confusion_matrix": [[226606, 27289], [1521, 18735]], "f1_score": 0.5653289076644539, "precision_score": 0.4070702242308361, "recall_score": 0.9249111374407583, "roc_auc_score": 0.9087148491315727, "train_percent": 0.005, "reduced_by": 4}