{"estimator": {"params": {"metric": "manhattan", "shrink_threshold": null}, "runtime": "0:00:00.017273", "classifier": "NearestCentroid(metric='manhattan', shrink_threshold=None)"}, "accuracy_score": 0.868904362924082, "balanced_accuracy": 0.9115733679113533, "confusion_matrix": [[218732, 35163], [777, 19479]], "f1_score": 0.5201474004646319, "precision_score": 0.3564840232787965, "recall_score": 0.9616409952606635, "roc_auc_score": 0.9115733679113536, "train_percent": 0.005, "reduced_by": 2}