{"estimator": {"params": {"metric": "manhattan", "shrink_threshold": null}, "runtime": "0:00:00.045799", "classifier": "NearestCentroid(metric='manhattan', shrink_threshold=None)"}, "accuracy_score": 0.9105052716901468, "balanced_accuracy": 0.9317187729269152, "confusion_matrix": [[138837, 14265], [530, 11685]], "f1_score": 0.6123411502685707, "precision_score": 0.4502890173410405, "recall_score": 0.956610724519034, "roc_auc_score": 0.9317187729269152, "train_percent": 0.4, "reduced_by": 1}