{"estimator": {"params": {"metric": "manhattan", "shrink_threshold": null}, "runtime": "0:00:00.031561", "classifier": "NearestCentroid(metric='manhattan', shrink_threshold=None)"}, "accuracy_score": 0.8831875855236376, "balanced_accuracy": 0.9189450170118352, "confusion_matrix": [[165598, 23228], [589, 14476]], "f1_score": 0.5486554605923931, "precision_score": 0.3839380437088903, "recall_score": 0.9609027547295055, "roc_auc_score": 0.9189450170118352, "train_percent": 0.26, "reduced_by": 2}