{"estimator": {"params": {"metric": "manhattan", "shrink_threshold": null}, "runtime": "0:00:00.043591", "classifier": "NearestCentroid(metric='manhattan', shrink_threshold=None)"}, "accuracy_score": 0.9174374081310452, "balanced_accuracy": 0.9314686227951815, "confusion_matrix": [[140089, 13013], [636, 11579]], "f1_score": 0.6291737984622491, "precision_score": 0.4708441769681197, "recall_score": 0.9479328694228407, "roc_auc_score": 0.9314686227951814, "train_percent": 0.4, "reduced_by": 2}