{"estimator": {"params": {"metric": "manhattan", "shrink_threshold": null}, "runtime": "0:00:00.038246", "classifier": "NearestCentroid(metric='manhattan', shrink_threshold=None)"}, "accuracy_score": 0.5374401906639971, "balanced_accuracy": 0.7441656632262468, "confusion_matrix": [[76795, 76307], [162, 12053]], "f1_score": 0.23968182948048725, "precision_score": 0.1364078768673608, "recall_score": 0.9867376176831765, "roc_auc_score": 0.7441656632262468, "train_percent": 0.4, "reduced_by": 3}