{"estimator": {"params": {"metric": "manhattan", "shrink_threshold": null}, "runtime": "0:00:00.033900", "classifier": "NearestCentroid(metric='manhattan', shrink_threshold=None)"}, "accuracy_score": 0.9142375693472287, "balanced_accuracy": 0.9299673228479202, "confusion_matrix": [[162813, 15806], [735, 13516]], "f1_score": 0.620384182865536, "precision_score": 0.46095082190846465, "recall_score": 0.9484246719528454, "roc_auc_score": 0.9299673228479202, "train_percent": 0.3, "reduced_by": 3}