{"estimator": {"params": {"metric": "manhattan", "shrink_threshold": null}, "runtime": "0:00:00.015200", "classifier": "NearestCentroid(metric='manhattan', shrink_threshold=None)"}, "accuracy_score": 0.9192706346524834, "balanced_accuracy": 0.9326606457607889, "confusion_matrix": [[233744, 21171], [1050, 19288]], "f1_score": 0.6345049920226328, "precision_score": 0.4767295286586421, "recall_score": 0.948372504671059, "roc_auc_score": 0.9326606457607891, "train_percent": 0.001, "reduced_by": 2}