{"estimator": {"params": {"metric": "manhattan", "shrink_threshold": null}, "runtime": "0:00:00.018478", "classifier": "NearestCentroid(metric='manhattan', shrink_threshold=None)"}, "accuracy_score": 0.9106090031930871, "balanced_accuracy": 0.9314223076845688, "confusion_matrix": [[217553, 22307], [845, 18292]], "f1_score": 0.6124280166064016, "precision_score": 0.45055296928495775, "recall_score": 0.9558446987511104, "roc_auc_score": 0.9314223076845688, "train_percent": 0.06, "reduced_by": 1}