{"estimator": {"params": {"metric": "manhattan", "shrink_threshold": null}, "runtime": "0:00:00.014704", "classifier": "NearestCentroid(metric='manhattan', shrink_threshold=None)"}, "accuracy_score": 0.5374764307745965, "balanced_accuracy": 0.7444958413200761, "confusion_matrix": [[127860, 127055], [256, 20082]], "f1_score": 0.23982086878638603, "precision_score": 0.13648504455031704, "recall_score": 0.9874127249483725, "roc_auc_score": 0.7444958413200761, "train_percent": 0.001, "reduced_by": 1}