{"estimator": {"params": {"metric": "manhattan", "shrink_threshold": null}, "runtime": "0:00:00.020922", "classifier": "NearestCentroid(metric='manhattan', shrink_threshold=None)"}, "accuracy_score": 0.9309558763559252, "balanced_accuracy": 0.9398439298031456, "confusion_matrix": [[211071, 16030], [901, 17218]], "f1_score": 0.6703914964860709, "precision_score": 0.5178657362848893, "recall_score": 0.9502731938848722, "roc_auc_score": 0.9398439298031457, "train_percent": 0.11, "reduced_by": 3}