{"estimator": {"params": {"metric": "manhattan", "shrink_threshold": null}, "runtime": "0:00:00.019774", "classifier": "NearestCentroid(metric='manhattan', shrink_threshold=None)"}, "accuracy_score": 0.5378324845461531, "balanced_accuracy": 0.7449015056382653, "confusion_matrix": [[120392, 119468], [232, 18905]], "f1_score": 0.24004825090470447, "precision_score": 0.1366234742326899, "recall_score": 0.9878768877044469, "roc_auc_score": 0.7449015056382653, "train_percent": 0.06, "reduced_by": 0}