{"estimator": {"params": {"metric": "manhattan", "shrink_threshold": null}, "runtime": "0:00:00.024071", "classifier": "NearestCentroid(metric='manhattan', shrink_threshold=None)"}, "accuracy_score": 0.8777544459998963, "balanced_accuracy": 0.9157588188793551, "confusion_matrix": [[186728, 27615], [678, 16423]], "f1_score": 0.5372348255614255, "precision_score": 0.37292792588219265, "recall_score": 0.9603531957195486, "roc_auc_score": 0.9157588188793552, "train_percent": 0.16, "reduced_by": 4}