{"estimator": {"params": {"metric": "manhattan", "shrink_threshold": null}, "runtime": "0:00:00.015467", "classifier": "NearestCentroid(metric='manhattan', shrink_threshold=None)"}, "accuracy_score": 0.9261866635540268, "balanced_accuracy": 0.9383881727348262, "confusion_matrix": [[234617, 19278], [958, 19298]], "f1_score": 0.6560375305955942, "precision_score": 0.5002592285358772, "recall_score": 0.9527053712480252, "roc_auc_score": 0.9383881727348262, "train_percent": 0.005, "reduced_by": 1}