{"estimator": {"params": {"metric": "manhattan", "shrink_threshold": null}, "runtime": "0:00:00.014667", "classifier": "NearestCentroid(metric='manhattan', shrink_threshold=None)"}, "accuracy_score": 0.9147841882758042, "balanced_accuracy": 0.9297561794314098, "confusion_matrix": [[231600, 22295], [1067, 19189]], "f1_score": 0.6216067379332686, "precision_score": 0.4625638800501398, "recall_score": 0.9473242496050553, "roc_auc_score": 0.9297561794314098, "train_percent": 0.005, "reduced_by": 3}