{"estimator": {"params": {"metric": "manhattan", "shrink_threshold": null}, "runtime": "0:00:00.038661", "classifier": "NearestCentroid(metric='manhattan', shrink_threshold=None)"}, "accuracy_score": 0.5377734597473952, "balanced_accuracy": 0.7449192730235605, "confusion_matrix": [[83238, 82623], [159, 13074]], "f1_score": 0.2400440649958689, "precision_score": 0.13661870278065144, "recall_score": 0.987984583994559, "roc_auc_score": 0.7449192730235606, "train_percent": 0.35, "reduced_by": 2}