{"estimator": {"params": {"metric": "manhattan", "shrink_threshold": null}, "runtime": "0:00:00.013504", "classifier": "NearestCentroid(metric='manhattan', shrink_threshold=None)"}, "accuracy_score": 0.9602408891450332, "balanced_accuracy": 0.9494141545261944, "confusion_matrix": [[244277, 9618], [1282, 18974]], "f1_score": 0.776858827382902, "precision_score": 0.6636121992165641, "recall_score": 0.9367101105845181, "roc_auc_score": 0.9494141545261944, "train_percent": 0.005, "reduced_by": 3}