{"estimator": {"params": {"metric": "manhattan", "shrink_threshold": null}, "runtime": "0:00:00.022663", "classifier": "NearestCentroid(metric='manhattan', shrink_threshold=None)"}, "accuracy_score": 0.8890955060761765, "balanced_accuracy": 0.9233637296626114, "confusion_matrix": [[200565, 26536], [660, 17459]], "f1_score": 0.5621598995395564, "precision_score": 0.3968405500625071, "recall_score": 0.9635741486837022, "roc_auc_score": 0.9233637296626115, "train_percent": 0.11, "reduced_by": 1}