{"estimator": {"params": {"metric": "manhattan", "shrink_threshold": null}, "runtime": "0:00:00.019525", "classifier": "NearestCentroid(metric='manhattan', shrink_threshold=None)"}, "accuracy_score": 0.9126746641852994, "balanced_accuracy": 0.9392935818219823, "confusion_matrix": [[217807, 22053], [564, 18573]], "f1_score": 0.6215551428141157, "precision_score": 0.4571702850391375, "recall_score": 0.9705282959711553, "roc_auc_score": 0.9392935818219823, "train_percent": 0.06, "reduced_by": 0}