{"estimator": {"params": {"metric": "manhattan", "shrink_threshold": null}, "runtime": "0:00:00.026110", "classifier": "NearestCentroid(metric='manhattan', shrink_threshold=None)"}, "accuracy_score": 0.9148106290313689, "balanced_accuracy": 0.9294610011406664, "confusion_matrix": [[183900, 17685], [858, 15225]], "f1_score": 0.6215173596228033, "precision_score": 0.4626253418413856, "recall_score": 0.9466517440775974, "roc_auc_score": 0.9294610011406665, "train_percent": 0.21, "reduced_by": 3}