{"estimator": {"params": {"metric": "manhattan", "shrink_threshold": null}, "runtime": "0:00:00.022712", "classifier": "NearestCentroid(metric='manhattan', shrink_threshold=None)"}, "accuracy_score": 0.9106190359677024, "balanced_accuracy": 0.9312512393076058, "confusion_matrix": [[205990, 21111], [807, 17312]], "f1_score": 0.6123589544055746, "precision_score": 0.4505634645915207, "recall_score": 0.9554611181632541, "roc_auc_score": 0.9312512393076057, "train_percent": 0.11, "reduced_by": 1}