{"estimator": {"params": {"metric": "manhattan", "shrink_threshold": null}, "runtime": "0:00:00.040305", "classifier": "NearestCentroid(metric='manhattan', shrink_threshold=None)"}, "accuracy_score": 0.5376036848113712, "balanced_accuracy": 0.7440280773297947, "confusion_matrix": [[70426, 69918], [154, 11043]], "f1_score": 0.23965363831680372, "precision_score": 0.13639900692926224, "recall_score": 0.986246315977494, "roc_auc_score": 0.7440280773297947, "train_percent": 0.45, "reduced_by": 4}