{"estimator": {"params": {"metric": "manhattan", "shrink_threshold": null}, "runtime": "0:00:00.045267", "classifier": "NearestCentroid(metric='manhattan', shrink_threshold=None)"}, "accuracy_score": 0.8975906894027837, "balanced_accuracy": 0.9276843606647334, "confusion_matrix": [[136624, 16478], [452, 11763]], "f1_score": 0.5815206644255487, "precision_score": 0.41652207783010514, "recall_score": 0.962996316004912, "roc_auc_score": 0.9276843606647334, "train_percent": 0.4, "reduced_by": 1}