{"estimator": {"params": {"metric": "manhattan", "shrink_threshold": null}, "runtime": "0:00:00.046209", "classifier": "NearestCentroid(metric='manhattan', shrink_threshold=None)"}, "accuracy_score": 0.8784751321424565, "balanced_accuracy": 0.9160215968727954, "confusion_matrix": [[122375, 17969], [447, 10750]], "f1_score": 0.5386311253632629, "precision_score": 0.3743166544796128, "recall_score": 0.9600785924801286, "roc_auc_score": 0.9160215968727954, "train_percent": 0.45, "reduced_by": 4}