{"estimator": {"params": {"metric": "manhattan", "shrink_threshold": null}, "runtime": "0:00:00.016317", "classifier": "NearestCentroid(metric='manhattan', shrink_threshold=None)"}, "accuracy_score": 0.8781990886194748, "balanced_accuracy": 0.9179176528310928, "confusion_matrix": [[220110, 32509], [715, 19439]], "f1_score": 0.5392083437352639, "precision_score": 0.3742011242011242, "recall_score": 0.9645231715788429, "roc_auc_score": 0.917917652831093, "train_percent": 0.01, "reduced_by": 0}