{"estimator": {"params": {"metric": "manhattan", "shrink_threshold": null}, "runtime": "0:00:00.051896", "classifier": "NearestCentroid(metric='manhattan', shrink_threshold=None)"}, "accuracy_score": 0.9118710258122587, "balanced_accuracy": 0.9278301854884337, "confusion_matrix": [[115988, 11597], [544, 9635]], "f1_score": 0.6134793543663047, "precision_score": 0.45379615674453655, "recall_score": 0.9465566362118086, "roc_auc_score": 0.9278301854884337, "train_percent": 0.5, "reduced_by": 2}