{"estimator": {"params": {"metric": "manhattan", "shrink_threshold": null}, "runtime": "0:00:00.053120", "classifier": "NearestCentroid(metric='manhattan', shrink_threshold=None)"}, "accuracy_score": 0.8793227556754599, "balanced_accuracy": 0.9184996694340035, "confusion_matrix": [[133586, 19516], [434, 11781]], "f1_score": 0.5415057915057916, "precision_score": 0.376425855513308, "recall_score": 0.9644699140401146, "roc_auc_score": 0.9184996694340035, "train_percent": 0.4, "reduced_by": 0}