{"estimator": {"params": {"metric": "manhattan", "shrink_threshold": null}, "runtime": "0:00:00.024916", "classifier": "NearestCentroid(metric='manhattan', shrink_threshold=None)"}, "accuracy_score": 0.9152235529977014, "balanced_accuracy": 0.9299343746212152, "confusion_matrix": [[195625, 18718], [903, 16198]], "f1_score": 0.6227963934867448, "precision_score": 0.46391339214113875, "recall_score": 0.9471960704052395, "roc_auc_score": 0.9299343746212151, "train_percent": 0.16, "reduced_by": 3}