{"estimator": {"params": {"metric": "manhattan", "shrink_threshold": null}, "runtime": "0:00:00.020377", "classifier": "NearestCentroid(metric='manhattan', shrink_threshold=None)"}, "accuracy_score": 0.9148234238642852, "balanced_accuracy": 0.929407378566147, "confusion_matrix": [[207183, 19918], [969, 17150]], "f1_score": 0.6215231848080164, "precision_score": 0.4626632135534693, "recall_score": 0.9465202273856174, "roc_auc_score": 0.9294073785661471, "train_percent": 0.11, "reduced_by": 3}