{"estimator": {"params": {"metric": "manhattan", "shrink_threshold": null}, "runtime": "0:00:00.024186", "classifier": "NearestCentroid(metric='manhattan', shrink_threshold=None)"}, "accuracy_score": 0.5500978712992415, "balanced_accuracy": 0.7512355261735442, "confusion_matrix": [[117007, 110094], [231, 17888]], "f1_score": 0.24487169834566497, "precision_score": 0.13976965510774952, "recall_score": 0.9872509520392958, "roc_auc_score": 0.7512355261735442, "train_percent": 0.11, "reduced_by": 0}