{"estimator": {"params": {"metric": "manhattan", "shrink_threshold": null}, "runtime": "0:00:00.049341", "classifier": "NearestCentroid(metric='manhattan', shrink_threshold=None)"}, "accuracy_score": 0.5380590071333831, "balanced_accuracy": 0.7448080997430873, "confusion_matrix": [[70482, 69862], [141, 11056]], "f1_score": 0.24004776637898284, "precision_score": 0.13663214612323588, "recall_score": 0.9874073412521212, "roc_auc_score": 0.7448080997430873, "train_percent": 0.45, "reduced_by": 0}