{"estimator": {"params": {"metric": "manhattan", "shrink_threshold": null}, "runtime": "0:00:00.013615", "classifier": "NearestCentroid(metric='manhattan', shrink_threshold=None)"}, "accuracy_score": 0.8778702248031195, "balanced_accuracy": 0.9158915129144174, "confusion_matrix": [[221213, 32682], [800, 19456]], "f1_score": 0.5375031079923751, "precision_score": 0.3731635275614715, "recall_score": 0.9605055292259084, "roc_auc_score": 0.9158915129144174, "train_percent": 0.005, "reduced_by": 4}