{"estimator": {"params": {"metric": "manhattan", "shrink_threshold": null}, "runtime": "0:00:00.032948", "classifier": "NearestCentroid(metric='manhattan', shrink_threshold=None)"}, "accuracy_score": 0.5401942407703475, "balanced_accuracy": 0.7461189912324977, "confusion_matrix": [[101697, 99888], [197, 15886]], "f1_score": 0.2409580075384697, "precision_score": 0.13721560972239016, "recall_score": 0.9877510414723621, "roc_auc_score": 0.7461189912324978, "train_percent": 0.21, "reduced_by": 2}