{"estimator": {"params": {"metric": "manhattan", "shrink_threshold": null}, "runtime": "0:00:00.025524", "classifier": "NearestCentroid(metric='manhattan', shrink_threshold=None)"}, "accuracy_score": 0.921535489216308, "balanced_accuracy": 0.9369540731782091, "confusion_matrix": [[232122, 20497], [906, 19248]], "f1_score": 0.6426818477770915, "precision_score": 0.4842873317398415, "recall_score": 0.9550461446859184, "roc_auc_score": 0.9369540731782091, "train_percent": 0.01, "reduced_by": 1}