{"estimator": {"params": {"metric": "manhattan", "shrink_threshold": null}, "runtime": "0:00:00.032251", "classifier": "NearestCentroid(metric='manhattan', shrink_threshold=None)"}, "accuracy_score": 0.8778088868149531, "balanced_accuracy": 0.9152395207291839, "confusion_matrix": [[155634, 22985], [582, 13669]], "f1_score": 0.5370395835379628, "precision_score": 0.3729197359087685, "recall_score": 0.9591607606483755, "roc_auc_score": 0.9152395207291839, "train_percent": 0.3, "reduced_by": 4}