{"estimator": {"params": {"metric": "manhattan", "shrink_threshold": null}, "runtime": "0:00:00.036070", "classifier": "NearestCentroid(metric='manhattan', shrink_threshold=None)"}, "accuracy_score": 0.8949654300525657, "balanced_accuracy": 0.9100699876131795, "confusion_matrix": [[136620, 16482], [882, 11333]], "f1_score": 0.5662253310017487, "precision_score": 0.4074420276829049, "recall_score": 0.9277936962750717, "roc_auc_score": 0.9100699876131796, "train_percent": 0.4, "reduced_by": 4}