{"estimator": {"params": {"metric": "manhattan", "shrink_threshold": null}, "runtime": "0:00:00.013865", "classifier": "NearestCentroid(metric='manhattan', shrink_threshold=None)"}, "accuracy_score": 0.9308875878477708, "balanced_accuracy": 0.9388526793607872, "confusion_matrix": [[234811, 17808], [1044, 19110]], "f1_score": 0.6696804037005888, "precision_score": 0.5176336746302617, "recall_score": 0.9481988687109258, "roc_auc_score": 0.9388526793607872, "train_percent": 0.01, "reduced_by": 2}