{"estimator": {"params": {"metric": "manhattan", "shrink_threshold": null}, "runtime": "0:00:00.070808", "classifier": "NearestCentroid(metric='manhattan', shrink_threshold=None)"}, "accuracy_score": 0.8782639681670307, "balanced_accuracy": 0.9170170791659851, "confusion_matrix": [[122316, 18028], [420, 10777]], "f1_score": 0.5388230588470577, "precision_score": 0.3741364346467627, "recall_score": 0.9624899526658927, "roc_auc_score": 0.9170170791659851, "train_percent": 0.45, "reduced_by": 0}