{"estimator": {"params": {"metric": "manhattan", "shrink_threshold": null}, "runtime": "0:00:00.016298", "classifier": "NearestCentroid(metric='manhattan', shrink_threshold=None)"}, "accuracy_score": 0.5498214370052279, "balanced_accuracy": 0.7510703157398647, "confusion_matrix": [[131262, 123653], [260, 20078]], "f1_score": 0.24475068416337026, "precision_score": 0.1396915070513668, "recall_score": 0.9872160487756908, "roc_auc_score": 0.7510703157398646, "train_percent": 0.001, "reduced_by": 0}