{"estimator": {"params": {"metric": "manhattan", "shrink_threshold": null}, "runtime": "0:00:00.052286", "classifier": "NearestCentroid(metric='manhattan', shrink_threshold=None)"}, "accuracy_score": 0.9129608488791812, "balanced_accuracy": 0.9391191778426615, "confusion_matrix": [[127492, 12852], [338, 10859]], "f1_score": 0.6221496505099118, "precision_score": 0.45797309265741637, "recall_score": 0.9698133428596946, "roc_auc_score": 0.9391191778426616, "train_percent": 0.45, "reduced_by": 0}