{"estimator": {"params": {"metric": "manhattan", "shrink_threshold": null}, "runtime": "0:00:00.053757", "classifier": "NearestCentroid(metric='manhattan', shrink_threshold=None)"}, "accuracy_score": 0.9110669719745811, "balanced_accuracy": 0.9302891829408402, "confusion_matrix": [[127395, 12949], [528, 10669]], "f1_score": 0.6128967399109579, "precision_score": 0.4517317300364129, "recall_score": 0.9528445119228365, "roc_auc_score": 0.9302891829408402, "train_percent": 0.45, "reduced_by": 1}