{"estimator": {"params": {"metric": "manhattan", "shrink_threshold": null}, "runtime": "0:00:00.015269", "classifier": "NearestCentroid(metric='manhattan', shrink_threshold=None)"}, "accuracy_score": 0.9148192819670569, "balanced_accuracy": 0.9297666252094179, "confusion_matrix": [[230446, 22173], [1062, 19092]], "f1_score": 0.6216968690470376, "precision_score": 0.46266812068338786, "recall_score": 0.947305745757666, "roc_auc_score": 0.9297666252094178, "train_percent": 0.01, "reduced_by": 3}