{"estimator": {"params": {"metric": "manhattan", "shrink_threshold": null}, "runtime": "0:00:00.035957", "classifier": "NearestCentroid(metric='manhattan', shrink_threshold=None)"}, "accuracy_score": 0.538248377809712, "balanced_accuracy": 0.7445349546750815, "confusion_matrix": [[94881, 93945], [202, 14863]], "f1_score": 0.23997158379953665, "precision_score": 0.1365984118814793, "recall_score": 0.9865914371058745, "roc_auc_score": 0.7445349546750814, "train_percent": 0.26, "reduced_by": 0}