{"estimator": {"params": {"metric": "manhattan", "shrink_threshold": null}, "runtime": "0:00:00.041673", "classifier": "NearestCentroid(metric='manhattan', shrink_threshold=None)"}, "accuracy_score": 0.9248810114486282, "balanced_accuracy": 0.9456546659737991, "confusion_matrix": [[185716, 15869], [482, 15601]], "f1_score": 0.6561520829390365, "precision_score": 0.4957419764855418, "recall_score": 0.9700304669526829, "roc_auc_score": 0.9456546659737991, "train_percent": 0.21, "reduced_by": 0}