{"estimator": {"params": {"metric": "manhattan", "shrink_threshold": null}, "runtime": "0:00:00.014279", "classifier": "NearestCentroid(metric='manhattan', shrink_threshold=None)"}, "accuracy_score": 0.5498174363763035, "balanced_accuracy": 0.7510675938817925, "confusion_matrix": [[130736, 123159], [259, 19997]], "f1_score": 0.24474334810173062, "precision_score": 0.13968677526614323, "recall_score": 0.9872136650868878, "roc_auc_score": 0.7510675938817923, "train_percent": 0.005, "reduced_by": 3}