{"estimator": {"params": {"metric": "manhattan", "shrink_threshold": null}, "runtime": "0:00:00.029730", "classifier": "NearestCentroid(metric='manhattan', shrink_threshold=None)"}, "accuracy_score": 0.8542183508829961, "balanced_accuracy": 0.90447201729317, "confusion_matrix": [[170441, 31144], [588, 15495]], "f1_score": 0.49408501004432254, "precision_score": 0.3322326808036193, "recall_score": 0.9634396567804514, "roc_auc_score": 0.9044720172931701, "train_percent": 0.21, "reduced_by": 2}