{"estimator": {"params": {"metric": "manhattan", "shrink_threshold": null}, "runtime": "0:00:00.039520", "classifier": "NearestCentroid(metric='manhattan', shrink_threshold=None)"}, "accuracy_score": 0.8791265921497271, "balanced_accuracy": 0.917821477343074, "confusion_matrix": [[164735, 24091], [554, 14511]], "f1_score": 0.5407792498183241, "precision_score": 0.37591316512097817, "recall_score": 0.9632260205774975, "roc_auc_score": 0.917821477343074, "train_percent": 0.26, "reduced_by": 0}