{"estimator": {"params": {"metric": "manhattan", "shrink_threshold": null}, "runtime": "0:00:00.035892", "classifier": "NearestCentroid(metric='manhattan', shrink_threshold=None)"}, "accuracy_score": 0.8781645392922153, "balanced_accuracy": 0.9154811315505137, "confusion_matrix": [[144580, 21281], [539, 12694]], "f1_score": 0.5377902050499916, "precision_score": 0.37362766740250186, "recall_score": 0.9592684954280964, "roc_auc_score": 0.9154811315505138, "train_percent": 0.35, "reduced_by": 4}