{"estimator": {"params": {"metric": "manhattan", "shrink_threshold": null}, "runtime": "0:00:00.037439", "classifier": "NearestCentroid(metric='manhattan', shrink_threshold=None)"}, "accuracy_score": 0.912840684483376, "balanced_accuracy": 0.9397800331890903, "confusion_matrix": [[171486, 17340], [431, 14634]], "f1_score": 0.622207104742873, "precision_score": 0.45768436854944644, "recall_score": 0.9713906405575838, "roc_auc_score": 0.9397800331890903, "train_percent": 0.26, "reduced_by": 0}