{"estimator": {"params": {"metric": "manhattan", "shrink_threshold": null}, "runtime": "0:00:00.015392", "classifier": "NearestCentroid(metric='manhattan', shrink_threshold=None)"}, "accuracy_score": 0.8909104836385787, "balanced_accuracy": 0.9241584200696591, "confusion_matrix": [[224734, 29161], [746, 19510]], "f1_score": 0.5661061702961103, "precision_score": 0.40085471841548354, "recall_score": 0.9631714060031595, "roc_auc_score": 0.9241584200696591, "train_percent": 0.005, "reduced_by": 1}