{"estimator": {"params": {"metric": "manhattan", "shrink_threshold": null}, "runtime": "0:00:00.042488", "classifier": "NearestCentroid(metric='manhattan', shrink_threshold=None)"}, "accuracy_score": 0.5384490826046657, "balanced_accuracy": 0.7450058782522431, "confusion_matrix": [[83367, 82494], [167, 13066]], "f1_score": 0.24019927752704678, "precision_score": 0.13673084972791963, "recall_score": 0.9873800347615809, "roc_auc_score": 0.7450058782522431, "train_percent": 0.35, "reduced_by": 1}