{"estimator": {"params": {"metric": "manhattan", "shrink_threshold": null}, "runtime": "0:00:00.034351", "classifier": "NearestCentroid(metric='manhattan', shrink_threshold=None)"}, "accuracy_score": 0.5382646966940479, "balanced_accuracy": 0.7451058554390516, "confusion_matrix": [[101276, 100309], [196, 15887]], "f1_score": 0.24020441642286378, "precision_score": 0.13672587696650487, "recall_score": 0.9878132189268172, "roc_auc_score": 0.7451058554390516, "train_percent": 0.21, "reduced_by": 1}