{"estimator": {"params": {"metric": "manhattan", "shrink_threshold": null}, "runtime": "0:00:00.037930", "classifier": "NearestCentroid(metric='manhattan', shrink_threshold=None)"}, "accuracy_score": 0.9141847298066937, "balanced_accuracy": 0.9299908332257867, "confusion_matrix": [[151173, 14688], [681, 12552]], "f1_score": 0.6202653620932473, "precision_score": 0.46079295154185024, "recall_score": 0.948537746542734, "roc_auc_score": 0.9299908332257867, "train_percent": 0.35, "reduced_by": 3}