{"estimator": {"params": {"metric": "manhattan", "shrink_threshold": null}, "runtime": "0:00:00.026972", "classifier": "NearestCentroid(metric='manhattan', shrink_threshold=None)"}, "accuracy_score": 0.8951498594837438, "balanced_accuracy": 0.9109877218913003, "confusion_matrix": [[168509, 20317], [1061, 14004]], "f1_score": 0.5671242862349655, "precision_score": 0.408030069053932, "recall_score": 0.9295718552937272, "roc_auc_score": 0.9109877218913002, "train_percent": 0.26, "reduced_by": 4}