{"estimator": {"params": {"metric": "manhattan", "shrink_threshold": null}, "runtime": "0:00:00.039164", "classifier": "NearestCentroid(metric='manhattan', shrink_threshold=None)"}, "accuracy_score": 0.550370716026339, "balanced_accuracy": 0.7515986184477423, "confusion_matrix": [[92074, 86545], [175, 14076]], "f1_score": 0.245072776655756, "precision_score": 0.1398912751811252, "recall_score": 0.9877201599887727, "roc_auc_score": 0.7515986184477423, "train_percent": 0.3, "reduced_by": 0}