{"estimator": {"params": {"metric": "manhattan", "shrink_threshold": null}, "runtime": "0:00:00.036360", "classifier": "NearestCentroid(metric='manhattan', shrink_threshold=None)"}, "accuracy_score": 0.5379483053769425, "balanced_accuracy": 0.7445153251097498, "confusion_matrix": [[76877, 76225], [160, 12055]], "f1_score": 0.23991243345440075, "precision_score": 0.13655414589941098, "recall_score": 0.986901350798199, "roc_auc_score": 0.74451532510975, "train_percent": 0.4, "reduced_by": 4}