{"estimator": {"params": {"metric": "manhattan", "shrink_threshold": null}, "runtime": "0:00:00.018283", "classifier": "NearestCentroid(metric='manhattan', shrink_threshold=None)"}, "accuracy_score": 0.5498234795965876, "balanced_accuracy": 0.7510412545640364, "confusion_matrix": [[130082, 122537], [259, 19895]], "f1_score": 0.24473201874700162, "precision_score": 0.13968068973264436, "recall_score": 0.987148953061427, "roc_auc_score": 0.7510412545640365, "train_percent": 0.01, "reduced_by": 1}