{"estimator": {"params": {"metric": "manhattan", "shrink_threshold": null}, "runtime": "0:00:00.015687", "classifier": "NearestCentroid(metric='manhattan', shrink_threshold=None)"}, "accuracy_score": 0.9070455181233266, "balanced_accuracy": 0.9364217786894568, "confusion_matrix": [[229921, 24994], [592, 19746]], "f1_score": 0.6068410215433787, "precision_score": 0.44135002235136345, "recall_score": 0.9708919264431114, "roc_auc_score": 0.9364217786894568, "train_percent": 0.001, "reduced_by": 0}