{"estimator": {"params": {"metric": "manhattan", "shrink_threshold": null}, "runtime": "0:00:00.021595", "classifier": "NearestCentroid(metric='manhattan', shrink_threshold=None)"}, "accuracy_score": 0.918167359921703, "balanced_accuracy": 0.932812544434031, "confusion_matrix": [[207940, 19161], [906, 17213]], "f1_score": 0.6317508670838456, "precision_score": 0.47322263155000827, "recall_score": 0.9499972404658094, "roc_auc_score": 0.9328125444340309, "train_percent": 0.11, "reduced_by": 2}