{"estimator": {"params": {"metric": "manhattan", "shrink_threshold": null}, "runtime": "0:00:00.015920", "classifier": "NearestCentroid(metric='manhattan', shrink_threshold=None)"}, "accuracy_score": 0.8997224798642094, "balanced_accuracy": 0.9289900059865575, "confusion_matrix": [[226005, 26614], [739, 19415]], "f1_score": 0.586706556064246, "precision_score": 0.4217993004410263, "recall_score": 0.9633323409744964, "roc_auc_score": 0.9289900059865575, "train_percent": 0.01, "reduced_by": 1}