{"estimator": {"params": {"metric": "manhattan", "shrink_threshold": null}, "runtime": "0:00:00.063940", "classifier": "NearestCentroid(metric='manhattan', shrink_threshold=None)"}, "accuracy_score": 0.8901155462878033, "balanced_accuracy": 0.9241553012819071, "confusion_matrix": [[124094, 16250], [402, 10795]], "f1_score": 0.5645625228806025, "precision_score": 0.3991495655389166, "recall_score": 0.9640975261230686, "roc_auc_score": 0.9241553012819071, "train_percent": 0.45, "reduced_by": 1}