{"estimator": {"params": {"metric": "manhattan", "shrink_threshold": null}, "runtime": "0:00:00.029516", "classifier": "NearestCentroid(metric='manhattan', shrink_threshold=None)"}, "accuracy_score": 0.537957346053473, "balanced_accuracy": 0.7447623709255449, "confusion_matrix": [[107621, 106722], [215, 16886]], "f1_score": 0.24001307663333546, "precision_score": 0.13660928095268915, "recall_score": 0.9874276358107713, "roc_auc_score": 0.744762370925545, "train_percent": 0.16, "reduced_by": 0}