{"estimator": {"params": {"metric": "manhattan", "shrink_threshold": null}, "runtime": "0:00:00.039390", "classifier": "NearestCentroid(metric='manhattan', shrink_threshold=None)"}, "accuracy_score": 0.5376315653030539, "balanced_accuracy": 0.7447854226908669, "confusion_matrix": [[89615, 89004], [173, 14078]], "f1_score": 0.23996659081417848, "precision_score": 0.1365708853146039, "recall_score": 0.9878605010174725, "roc_auc_score": 0.744785422690867, "train_percent": 0.3, "reduced_by": 1}