{"estimator": {"params": {"metric": "manhattan", "shrink_threshold": null}, "runtime": "0:00:00.048245", "classifier": "NearestCentroid(metric='manhattan', shrink_threshold=None)"}, "accuracy_score": 0.5369381249357296, "balanced_accuracy": 0.7439322695856938, "confusion_matrix": [[76711, 76391], [161, 12054]], "f1_score": 0.23949930458970792, "precision_score": 0.1362880886426593, "recall_score": 0.9868194842406877, "roc_auc_score": 0.7439322695856937, "train_percent": 0.4, "reduced_by": 0}