{"estimator": {"params": {"metric": "manhattan", "shrink_threshold": null}, "runtime": "0:00:00.016614", "classifier": "NearestCentroid(metric='manhattan', shrink_threshold=None)"}, "accuracy_score": 0.5498502649999453, "balanced_accuracy": 0.7510626030178102, "confusion_matrix": [[130746, 123149], [260, 19996]], "f1_score": 0.24474758416411158, "precision_score": 0.13969052359495615, "recall_score": 0.9871642969984202, "roc_auc_score": 0.7510626030178105, "train_percent": 0.005, "reduced_by": 0}