{"estimator": {"params": {"metric": "manhattan", "shrink_threshold": null}, "runtime": "0:00:00.015251", "classifier": "NearestCentroid(metric='manhattan', shrink_threshold=None)"}, "accuracy_score": 0.9129129567282264, "balanced_accuracy": 0.9395808436860196, "confusion_matrix": [[230610, 23285], [590, 19666]], "f1_score": 0.62227284952616, "precision_score": 0.45787059672650227, "recall_score": 0.9708728278041074, "roc_auc_score": 0.9395808436860195, "train_percent": 0.005, "reduced_by": 0}