{"estimator": {"params": {"metric": "manhattan", "shrink_threshold": null}, "runtime": "0:00:00.066142", "classifier": "NearestCentroid(metric='manhattan', shrink_threshold=None)"}, "accuracy_score": 0.8906898754391568, "balanced_accuracy": 0.9232653428926907, "confusion_matrix": [[112918, 14667], [392, 9787]], "f1_score": 0.5651834955100626, "precision_score": 0.4002208227692811, "recall_score": 0.9614893407996856, "roc_auc_score": 0.9232653428926907, "train_percent": 0.5, "reduced_by": 1}