{"estimator": {"params": {"metric": "manhattan", "shrink_threshold": null}, "runtime": "0:00:00.014256", "classifier": "NearestCentroid(metric='manhattan', shrink_threshold=None)"}, "accuracy_score": 0.8543257580479007, "balanced_accuracy": 0.9037502142146547, "confusion_matrix": [[213654, 38965], [771, 19383]], "f1_score": 0.49382181345698195, "precision_score": 0.33219647631452665, "recall_score": 0.9617445668353677, "roc_auc_score": 0.9037502142146548, "train_percent": 0.01, "reduced_by": 2}