{"estimator": {"params": {"metric": "manhattan", "shrink_threshold": null}, "runtime": "0:00:00.014977", "classifier": "NearestCentroid(metric='manhattan', shrink_threshold=None)"}, "accuracy_score": 0.8145417618312663, "balanced_accuracy": 0.8859239809864787, "confusion_matrix": [[202642, 49977], [611, 19543]], "f1_score": 0.43586769855253477, "precision_score": 0.28111334867663984, "recall_score": 0.9696834375310112, "roc_auc_score": 0.8859239809864787, "train_percent": 0.01, "reduced_by": 2}