{"estimator": {"params": {"metric": "manhattan", "shrink_threshold": null}, "runtime": "0:00:00.042101", "classifier": "NearestCentroid(metric='manhattan', shrink_threshold=None)"}, "accuracy_score": 0.8781849125267913, "balanced_accuracy": 0.9163357424863112, "confusion_matrix": [[164575, 24251], [586, 14479]], "f1_score": 0.5383028162468632, "precision_score": 0.37384456493674156, "recall_score": 0.9611018918021905, "roc_auc_score": 0.9163357424863112, "train_percent": 0.26, "reduced_by": 4}