{"estimator": {"params": {"metric": "manhattan", "shrink_threshold": null}, "runtime": "0:00:00.026730", "classifier": "NearestCentroid(metric='manhattan', shrink_threshold=None)"}, "accuracy_score": 0.5373183012661484, "balanced_accuracy": 0.7445376879555765, "confusion_matrix": [[101072, 100513], [198, 15885]], "f1_score": 0.23980797246397595, "precision_score": 0.13647141703465696, "recall_score": 0.9876888640179071, "roc_auc_score": 0.7445376879555765, "train_percent": 0.21, "reduced_by": 3}