{"estimator": {"params": {"metric": "manhattan", "shrink_threshold": null}, "runtime": "0:00:00.023382", "classifier": "NearestCentroid(metric='manhattan', shrink_threshold=None)"}, "accuracy_score": 0.5380882472881494, "balanced_accuracy": 0.7449293826875878, "confusion_matrix": [[114055, 113046], [224, 17895]], "f1_score": 0.24010465584328458, "precision_score": 0.13666460466927852, "recall_score": 0.9876372868259837, "roc_auc_score": 0.7449293826875878, "train_percent": 0.11, "reduced_by": 2}