{"estimator": {"params": {"metric": "manhattan", "shrink_threshold": null}, "runtime": "0:00:00.018502", "classifier": "NearestCentroid(metric='manhattan', shrink_threshold=None)"}, "accuracy_score": 0.9121186731892648, "balanced_accuracy": 0.9294243532682738, "confusion_matrix": [[218061, 21799], [962, 18175]], "f1_score": 0.6149447649337687, "precision_score": 0.4546705358483014, "recall_score": 0.9497308878089564, "roc_auc_score": 0.9294243532682738, "train_percent": 0.06, "reduced_by": 2}