{"estimator": {"params": {"metric": "manhattan", "shrink_threshold": null}, "runtime": "0:00:00.034895", "classifier": "NearestCentroid(metric='manhattan', shrink_threshold=None)"}, "accuracy_score": 0.8999269217375951, "balanced_accuracy": 0.9285932691396641, "confusion_matrix": [[168991, 19835], [569, 14496]], "f1_score": 0.5869301157988501, "precision_score": 0.4222422883108561, "recall_score": 0.9622303352140723, "roc_auc_score": 0.9285932691396641, "train_percent": 0.26, "reduced_by": 1}