{"estimator": {"params": {"metric": "manhattan", "shrink_threshold": null}, "runtime": "0:00:00.013619", "classifier": "NearestCentroid(metric='manhattan', shrink_threshold=None)"}, "accuracy_score": 0.5374727977533397, "balanced_accuracy": 0.7444938798819496, "confusion_matrix": [[127859, 127056], [256, 20082]], "f1_score": 0.23981943681482717, "precision_score": 0.13648411695143334, "recall_score": 0.9874127249483725, "roc_auc_score": 0.7444938798819496, "train_percent": 0.001, "reduced_by": 3}