{"estimator": {"params": {"metric": "manhattan", "shrink_threshold": null}, "runtime": "0:00:00.032797", "classifier": "NearestCentroid(metric='manhattan', shrink_threshold=None)"}, "accuracy_score": 0.9283247783481101, "balanced_accuracy": 0.938057186766484, "confusion_matrix": [[165515, 13104], [720, 13531]], "f1_score": 0.6618891552120529, "precision_score": 0.5080157687253614, "recall_score": 0.9494772296680934, "roc_auc_score": 0.9380571867664839, "train_percent": 0.3, "reduced_by": 2}