{"estimator": {"params": {"metric": "manhattan", "shrink_threshold": null}, "runtime": "0:00:00.038705", "classifier": "NearestCentroid(metric='manhattan', shrink_threshold=None)"}, "accuracy_score": 0.911850759936123, "balanced_accuracy": 0.9292870580184203, "confusion_matrix": [[150739, 15122], [665, 12568]], "f1_score": 0.6142267184712753, "precision_score": 0.453882267966775, "recall_score": 0.9497468450086904, "roc_auc_score": 0.9292870580184203, "train_percent": 0.35, "reduced_by": 2}