{"estimator": {"params": {"metric": "manhattan", "shrink_threshold": null}, "runtime": "0:00:00.042270", "classifier": "NearestCentroid(metric='manhattan', shrink_threshold=None)"}, "accuracy_score": 0.9103599227221459, "balanced_accuracy": 0.9303945036800754, "confusion_matrix": [[150417, 15444], [610, 12623]], "f1_score": 0.6112832929782083, "precision_score": 0.44974525243168134, "recall_score": 0.9539031209854153, "roc_auc_score": 0.9303945036800754, "train_percent": 0.35, "reduced_by": 1}