{"estimator": {"params": {"metric": "manhattan", "shrink_threshold": null}, "runtime": "0:00:00.034239", "classifier": "NearestCentroid(metric='manhattan', shrink_threshold=None)"}, "accuracy_score": 0.9114575925371889, "balanced_accuracy": 0.9287102627586883, "confusion_matrix": [[171542, 17284], [769, 14296]], "f1_score": 0.6129703076428342, "precision_score": 0.45269157694743506, "recall_score": 0.9489545303684036, "roc_auc_score": 0.9287102627586883, "train_percent": 0.26, "reduced_by": 2}