{"estimator": {"params": {"metric": "manhattan", "shrink_threshold": null}, "runtime": "0:00:00.043586", "classifier": "NearestCentroid(metric='manhattan', shrink_threshold=None)"}, "accuracy_score": 0.91521138176957, "balanced_accuracy": 0.9288731127872807, "confusion_matrix": [[139758, 13344], [673, 11542]], "f1_score": 0.6221934718740736, "precision_score": 0.46379490476573176, "recall_score": 0.9449038067949243, "roc_auc_score": 0.9288731127872807, "train_percent": 0.4, "reduced_by": 3}