{"estimator": {"params": {"metric": "manhattan", "shrink_threshold": null}, "runtime": "0:00:00.033330", "classifier": "NearestCentroid(metric='manhattan', shrink_threshold=None)"}, "accuracy_score": 0.9277596308394255, "balanced_accuracy": 0.9381395000848652, "confusion_matrix": [[165394, 13225], [708, 13543]], "f1_score": 0.6603281406177625, "precision_score": 0.5059399282725643, "recall_score": 0.9503192758402919, "roc_auc_score": 0.9381395000848652, "train_percent": 0.3, "reduced_by": 3}