{"estimator": {"params": {"metric": "manhattan", "shrink_threshold": null}, "runtime": "0:00:00.043092", "classifier": "NearestCentroid(metric='manhattan', shrink_threshold=None)"}, "accuracy_score": 0.8542678611395077, "balanced_accuracy": 0.9034283729087732, "confusion_matrix": [[129485, 23617], [475, 11740]], "f1_score": 0.4935676448330951, "precision_score": 0.33204174562321465, "recall_score": 0.9611133851821531, "roc_auc_score": 0.9034283729087733, "train_percent": 0.4, "reduced_by": 2}