{"estimator": {"params": {"metric": "manhattan", "shrink_threshold": null}, "runtime": "0:00:00.049666", "classifier": "NearestCentroid(metric='manhattan', shrink_threshold=None)"}, "accuracy_score": 0.913354343473448, "balanced_accuracy": 0.9394720976990756, "confusion_matrix": [[139143, 13959], [365, 11850]], "f1_score": 0.6232905533347359, "precision_score": 0.45914215971172845, "recall_score": 0.9701187065083913, "roc_auc_score": 0.9394720976990755, "train_percent": 0.4, "reduced_by": 0}