{"estimator": {"params": {"metric": "manhattan", "shrink_threshold": null}, "runtime": "0:00:00.029794", "classifier": "NearestCentroid(metric='manhattan', shrink_threshold=None)"}, "accuracy_score": 0.9130250387407226, "balanced_accuracy": 0.9397112381068942, "confusion_matrix": [[206298, 20803], [525, 17594]], "f1_score": 0.622620142968363, "precision_score": 0.45821288121467824, "recall_score": 0.9710248909983995, "roc_auc_score": 0.939711238106894, "train_percent": 0.11, "reduced_by": 0}