{"estimator": {"params": {"metric": "manhattan", "shrink_threshold": null}, "runtime": "0:00:00.031768", "classifier": "NearestCentroid(metric='manhattan', shrink_threshold=None)"}, "accuracy_score": 0.9154057805396021, "balanced_accuracy": 0.9302004818010665, "confusion_matrix": [[172368, 16458], [790, 14275]], "f1_score": 0.6233896676710774, "precision_score": 0.4644844304168158, "recall_score": 0.9475605708596083, "roc_auc_score": 0.9302004818010665, "train_percent": 0.26, "reduced_by": 3}