{"estimator": {"params": {"metric": "manhattan", "shrink_threshold": null}, "runtime": "0:00:00.017292", "classifier": "NearestCentroid(metric='manhattan', shrink_threshold=None)"}, "accuracy_score": 0.5379560381008274, "balanced_accuracy": 0.7448239541293098, "confusion_matrix": [[120430, 119430], [238, 18899]], "f1_score": 0.24003911955596763, "precision_score": 0.13662355688250474, "recall_score": 0.9875633589381826, "roc_auc_score": 0.7448239541293097, "train_percent": 0.06, "reduced_by": 3}