{"estimator": {"params": {"metric": "manhattan", "shrink_threshold": null}, "runtime": "0:00:00.045313", "classifier": "NearestCentroid(metric='manhattan', shrink_threshold=None)"}, "accuracy_score": 0.9133415971501, "balanced_accuracy": 0.9409401123015508, "confusion_matrix": [[150694, 15167], [353, 12880]], "f1_score": 0.624031007751938, "precision_score": 0.4592291510678504, "recall_score": 0.9733242650948387, "roc_auc_score": 0.9409401123015508, "train_percent": 0.35, "reduced_by": 0}