{"estimator": {"params": {"metric": "manhattan", "shrink_threshold": null}, "runtime": "0:00:00.032981", "classifier": "NearestCentroid(metric='manhattan', shrink_threshold=None)"}, "accuracy_score": 0.539767719189091, "balanced_accuracy": 0.7454867114131271, "confusion_matrix": [[90041, 88578], [187, 14064]], "f1_score": 0.24063032003627247, "precision_score": 0.1370199333606126, "recall_score": 0.9868781138165743, "roc_auc_score": 0.7454867114131271, "train_percent": 0.3, "reduced_by": 3}