{"estimator": {"params": {"metric": "manhattan", "shrink_threshold": null}, "runtime": "0:00:00.027010", "classifier": "NearestCentroid(metric='manhattan', shrink_threshold=None)"}, "accuracy_score": 0.8530141200463179, "balanced_accuracy": 0.9028591139006907, "confusion_matrix": [[180985, 33358], [661, 16440]], "f1_score": 0.49148716722223057, "precision_score": 0.33013374031085585, "recall_score": 0.9613472896321853, "roc_auc_score": 0.9028591139006907, "train_percent": 0.16, "reduced_by": 2}