{"estimator": {"params": {"metric": "manhattan", "shrink_threshold": null}, "runtime": "0:00:00.023873", "classifier": "NearestCentroid(metric='manhattan', shrink_threshold=None)"}, "accuracy_score": 0.9292744681218783, "balanced_accuracy": 0.9388925193111487, "confusion_matrix": [[198826, 15517], [852, 16249]], "f1_score": 0.6650295700575031, "precision_score": 0.5115217528174778, "recall_score": 0.9501783521431495, "roc_auc_score": 0.9388925193111487, "train_percent": 0.16, "reduced_by": 3}