{"estimator": {"params": {"metric": "manhattan", "shrink_threshold": null}, "runtime": "0:00:00.034455", "classifier": "NearestCentroid(metric='manhattan', shrink_threshold=None)"}, "accuracy_score": 0.5385544667392544, "balanced_accuracy": 0.7452514039495721, "confusion_matrix": [[89794, 88825], [174, 14077]], "f1_score": 0.24031821634955997, "precision_score": 0.13680006219509824, "recall_score": 0.9877903305031226, "roc_auc_score": 0.7452514039495721, "train_percent": 0.3, "reduced_by": 2}