{"estimator": {"params": {"metric": "manhattan", "shrink_threshold": null}, "runtime": "0:00:00.058933", "classifier": "NearestCentroid(metric='manhattan', shrink_threshold=None)"}, "accuracy_score": 0.9134171481664295, "balanced_accuracy": 0.9408242026837068, "confusion_matrix": [[115932, 11653], [275, 9904]], "f1_score": 0.6241492311570457, "precision_score": 0.4594331307695876, "recall_score": 0.9729835936732488, "roc_auc_score": 0.9408242026837068, "train_percent": 0.5, "reduced_by": 0}