{"estimator": {"params": {"metric": "manhattan", "shrink_threshold": null}, "runtime": "0:00:00.053320", "classifier": "NearestCentroid(metric='manhattan', shrink_threshold=None)"}, "accuracy_score": 0.5374771348102552, "balanced_accuracy": 0.7445474168514792, "confusion_matrix": [[63993, 63592], [127, 10052]], "f1_score": 0.23983870775324195, "precision_score": 0.13649448699147249, "recall_score": 0.9875233323509186, "roc_auc_score": 0.7445474168514793, "train_percent": 0.5, "reduced_by": 1}