{"estimator": {"params": {"metric": "manhattan", "shrink_threshold": null}, "runtime": "0:00:00.030612", "classifier": "NearestCentroid(metric='manhattan', shrink_threshold=None)"}, "accuracy_score": 0.9293004595592743, "balanced_accuracy": 0.9387710520536084, "confusion_matrix": [[175166, 13660], [755, 14310]], "f1_score": 0.6650400836528407, "precision_score": 0.5116195924204505, "recall_score": 0.9498838367076003, "roc_auc_score": 0.9387710520536084, "train_percent": 0.26, "reduced_by": 3}