{"estimator": {"params": {"metric": "manhattan", "shrink_threshold": null}, "runtime": "0:00:00.016468", "classifier": "NearestCentroid(metric='manhattan', shrink_threshold=None)"}, "accuracy_score": 0.9127296323316457, "balanced_accuracy": 0.9394368948344793, "confusion_matrix": [[229403, 23216], [589, 19565]], "f1_score": 0.6217526018908398, "precision_score": 0.45732918819101936, "recall_score": 0.9707750322516622, "roc_auc_score": 0.9394368948344792, "train_percent": 0.01, "reduced_by": 0}