{"estimator": {"params": {"metric": "manhattan", "shrink_threshold": null}, "runtime": "0:00:00.029052", "classifier": "NearestCentroid(metric='manhattan', shrink_threshold=None)"}, "accuracy_score": 0.9279739375399665, "balanced_accuracy": 0.9475265289312643, "confusion_matrix": [[198178, 16165], [505, 16596]], "f1_score": 0.6656772692631664, "precision_score": 0.5065779432862245, "recall_score": 0.9704695631834396, "roc_auc_score": 0.9475265289312643, "train_percent": 0.16, "reduced_by": 0}