{"estimator": {"params": {"metric": "manhattan", "shrink_threshold": null}, "runtime": "0:00:00.049678", "classifier": "NearestCentroid(metric='manhattan', shrink_threshold=None)"}, "accuracy_score": 0.5383917424000465, "balanced_accuracy": 0.7454480213513068, "confusion_matrix": [[64110, 63475], [118, 10061]], "f1_score": 0.2403631368333035, "precision_score": 0.1368173411662315, "recall_score": 0.9884075056488849, "roc_auc_score": 0.7454480213513069, "train_percent": 0.5, "reduced_by": 2}