{"estimator": {"params": {"metric": "manhattan", "shrink_threshold": null}, "runtime": "0:00:00.024040", "classifier": "NearestCentroid(metric='manhattan', shrink_threshold=None)"}, "accuracy_score": 0.8948298508494495, "balanced_accuracy": 0.9102873684954196, "confusion_matrix": [[191226, 23117], [1224, 15877]], "f1_score": 0.5660754077903557, "precision_score": 0.4071652049033185, "recall_score": 0.9284252382901584, "roc_auc_score": 0.9102873684954196, "train_percent": 0.16, "reduced_by": 4}