{"estimator": {"params": {"metric": "manhattan", "shrink_threshold": null}, "runtime": "0:00:00.019467", "classifier": "NearestCentroid(metric='manhattan', shrink_threshold=None)"}, "accuracy_score": 0.5499137055641571, "balanced_accuracy": 0.7510634177438886, "confusion_matrix": [[123536, 116324], [247, 18890]], "f1_score": 0.24476679775317295, "precision_score": 0.1397044684721996, "recall_score": 0.9870930657887861, "roc_auc_score": 0.7510634177438886, "train_percent": 0.06, "reduced_by": 1}