{"estimator": {"params": {"metric": "manhattan", "shrink_threshold": null}, "runtime": "0:00:00.039773", "classifier": "NearestCentroid(metric='manhattan', shrink_threshold=None)"}, "accuracy_score": 0.8775866970728963, "balanced_accuracy": 0.9154153393134923, "confusion_matrix": [[133356, 19746], [491, 11724]], "f1_score": 0.5367517454503834, "precision_score": 0.37254528122020975, "recall_score": 0.959803520261973, "roc_auc_score": 0.9154153393134922, "train_percent": 0.4, "reduced_by": 4}