{"estimator": {"params": {"metric": "manhattan", "shrink_threshold": null}, "runtime": "0:00:00.013454", "classifier": "NearestCentroid(metric='manhattan', shrink_threshold=None)"}, "accuracy_score": 0.5498429697502472, "balanced_accuracy": 0.7511040938341773, "confusion_matrix": [[130742, 123153], [258, 19998]], "f1_score": 0.24476307624520371, "precision_score": 0.13969863989773038, "recall_score": 0.9872630331753555, "roc_auc_score": 0.7511040938341772, "train_percent": 0.005, "reduced_by": 4}