{"estimator": {"params": {"metric": "manhattan", "shrink_threshold": null}, "runtime": "0:00:00.024033", "classifier": "NearestCentroid(metric='manhattan', shrink_threshold=None)"}, "accuracy_score": 0.8877742435364163, "balanced_accuracy": 0.9228027527336395, "confusion_matrix": [[200235, 26866], [654, 17465]], "f1_score": 0.5593274619695756, "precision_score": 0.39396810358439915, "recall_score": 0.9639052927865777, "roc_auc_score": 0.9228027527336397, "train_percent": 0.11, "reduced_by": 0}