{"estimator": {"params": {"metric": "manhattan", "shrink_threshold": null}, "runtime": "0:00:00.037331", "classifier": "NearestCentroid(metric='manhattan', shrink_threshold=None)"}, "accuracy_score": 0.8587948228304689, "balanced_accuracy": 0.9057537445920631, "confusion_matrix": [[141090, 24771], [518, 12715]], "f1_score": 0.5013900116327215, "precision_score": 0.3391932988315638, "recall_score": 0.9608554371646642, "roc_auc_score": 0.905753744592063, "train_percent": 0.35, "reduced_by": 2}