{"estimator": {"params": {"metric": "manhattan", "shrink_threshold": null}, "runtime": "0:00:00.016638", "classifier": "NearestCentroid(metric='manhattan', shrink_threshold=None)"}, "accuracy_score": 0.5379601353506396, "balanced_accuracy": 0.7447276711427707, "confusion_matrix": [[126842, 125777], [255, 19899]], "f1_score": 0.23999276367364167, "precision_score": 0.1365976550701557, "recall_score": 0.9873474248288181, "roc_auc_score": 0.7447276711427707, "train_percent": 0.01, "reduced_by": 0}