{"estimator": {"params": {"metric": "manhattan", "shrink_threshold": null}, "runtime": "0:00:00.048663", "classifier": "NearestCentroid(metric='manhattan', shrink_threshold=None)"}, "accuracy_score": 0.8980285125286722, "balanced_accuracy": 0.9060277712721723, "confusion_matrix": [[114398, 13187], [861, 9318]], "f1_score": 0.5701872475829152, "precision_score": 0.41404132415018885, "recall_score": 0.9154140878278809, "roc_auc_score": 0.9060277712721722, "train_percent": 0.5, "reduced_by": 4}