{"estimator": {"params": {"metric": "manhattan", "shrink_threshold": null}, "runtime": "0:00:00.039539", "classifier": "NearestCentroid(metric='manhattan', shrink_threshold=None)"}, "accuracy_score": 0.9129880230206875, "balanced_accuracy": 0.939269077461712, "confusion_matrix": [[162263, 16356], [426, 13825]], "f1_score": 0.6222992437882607, "precision_score": 0.45806964646631987, "recall_score": 0.9701073608869553, "roc_auc_score": 0.939269077461712, "train_percent": 0.3, "reduced_by": 0}