{"estimator": {"params": {"metric": "manhattan", "shrink_threshold": null}, "runtime": "0:00:00.012928", "classifier": "NearestCentroid(metric='manhattan', shrink_threshold=None)"}, "accuracy_score": 0.5499334611563461, "balanced_accuracy": 0.7511462919319765, "confusion_matrix": [[130110, 122509], [257, 19897]], "f1_score": 0.2447957677165354, "precision_score": 0.13972023650688875, "recall_score": 0.9872481889451226, "roc_auc_score": 0.7511462919319765, "train_percent": 0.01, "reduced_by": 4}