{"estimator": {"params": {"metric": "manhattan", "shrink_threshold": null}, "runtime": "0:00:00.029668", "classifier": "NearestCentroid(metric='manhattan', shrink_threshold=None)"}, "accuracy_score": 0.5370614691183034, "balanced_accuracy": 0.7440468609489651, "confusion_matrix": [[94634, 94192], [197, 14868]], "f1_score": 0.2395649546827795, "precision_score": 0.1363286264441592, "recall_score": 0.9869233322270162, "roc_auc_score": 0.7440468609489651, "train_percent": 0.26, "reduced_by": 3}