{"estimator": {"params": {"metric": "manhattan", "shrink_threshold": null}, "runtime": "0:00:00.012758", "classifier": "NearestCentroid(metric='manhattan', shrink_threshold=None)"}, "accuracy_score": 0.8899448870675343, "balanced_accuracy": 0.877033913400225, "confusion_matrix": [[227431, 27484], [2809, 17529]], "f1_score": 0.5364569784701075, "precision_score": 0.3894208339812943, "recall_score": 0.8618841577342905, "roc_auc_score": 0.8770339134002249, "train_percent": 0.001, "reduced_by": 4}