{"estimator": {"params": {"metric": "manhattan", "shrink_threshold": null}, "runtime": "0:00:00.040814", "classifier": "NearestCentroid(metric='manhattan', shrink_threshold=None)"}, "accuracy_score": 0.5380087952237217, "balanced_accuracy": 0.744698653004723, "confusion_matrix": [[76883, 76219], [156, 12059]], "f1_score": 0.23999681569860584, "precision_score": 0.1366025510319672, "recall_score": 0.9872288170282439, "roc_auc_score": 0.744698653004723, "train_percent": 0.4, "reduced_by": 2}