{"estimator": {"params": {"metric": "manhattan", "shrink_threshold": null}, "runtime": "0:00:00.016402", "classifier": "NearestCentroid(metric='manhattan', shrink_threshold=None)"}, "accuracy_score": 0.9170363265795468, "balanced_accuracy": 0.9314091151461144, "confusion_matrix": [[233131, 21784], [1052, 19286]], "f1_score": 0.6281266284523189, "precision_score": 0.4695885074263453, "recall_score": 0.9482741665847183, "roc_auc_score": 0.9314091151461145, "train_percent": 0.001, "reduced_by": 2}