{"estimator": {"params": {"metric": "manhattan", "shrink_threshold": null}, "runtime": "0:00:00.031536", "classifier": "NearestCentroid(metric='manhattan', shrink_threshold=None)"}, "accuracy_score": 0.9106529209621993, "balanced_accuracy": 0.9311928558414816, "confusion_matrix": [[182856, 18729], [719, 15364]], "f1_score": 0.612404336734694, "precision_score": 0.45064969348546624, "recall_score": 0.9552944102468445, "roc_auc_score": 0.9311928558414815, "train_percent": 0.21, "reduced_by": 1}