{"estimator": {"params": {"metric": "manhattan", "shrink_threshold": null}, "runtime": "0:00:00.040317", "classifier": "NearestCentroid(metric='manhattan', shrink_threshold=None)"}, "accuracy_score": 0.8892201860475505, "balanced_accuracy": 0.9239881770751406, "confusion_matrix": [[146487, 19374], [466, 12767]], "f1_score": 0.5627451844668753, "precision_score": 0.397218505958122, "recall_score": 0.9647850071790222, "roc_auc_score": 0.9239881770751407, "train_percent": 0.35, "reduced_by": 1}