{"estimator": {"params": {"metric": "manhattan", "shrink_threshold": null}, "runtime": "0:00:00.048025", "classifier": "NearestCentroid(metric='manhattan', shrink_threshold=None)"}, "accuracy_score": 0.5384099969848236, "balanced_accuracy": 0.7449152367359049, "confusion_matrix": [[83362, 82499], [169, 13064]], "f1_score": 0.24015588808412075, "precision_score": 0.1367056287475278, "recall_score": 0.9872288974533363, "roc_auc_score": 0.7449152367359048, "train_percent": 0.35, "reduced_by": 0}