{"estimator": {"params": {"metric": "manhattan", "shrink_threshold": null}, "runtime": "0:00:00.014617", "classifier": "NearestCentroid(metric='manhattan', shrink_threshold=None)"}, "accuracy_score": 0.5539429000806125, "balanced_accuracy": 0.7533630367468833, "confusion_matrix": [[131864, 122031], [256, 20000]], "f1_score": 0.24647692051735506, "precision_score": 0.14081432926614612, "recall_score": 0.9873617693522907, "roc_auc_score": 0.7533630367468833, "train_percent": 0.005, "reduced_by": 2}