{"estimator": {"params": {"metric": "manhattan", "shrink_threshold": null}, "runtime": "0:00:00.022100", "classifier": "NearestCentroid(metric='manhattan', shrink_threshold=None)"}, "accuracy_score": 0.8542859473126172, "balanced_accuracy": 0.9036815506278248, "confusion_matrix": [[192064, 35037], [695, 17424]], "f1_score": 0.4937376027203174, "precision_score": 0.33213244124206553, "recall_score": 0.9616424747502622, "roc_auc_score": 0.9036815506278248, "train_percent": 0.11, "reduced_by": 2}