{"estimator": {"params": {"metric": "manhattan", "shrink_threshold": null}, "runtime": "0:00:00.031020", "classifier": "NearestCentroid(metric='manhattan', shrink_threshold=None)"}, "accuracy_score": 0.5503473179337339, "balanced_accuracy": 0.7513430744246826, "confusion_matrix": [[103916, 97669], [206, 15877]], "f1_score": 0.24496061838014643, "precision_score": 0.13982879185528332, "recall_score": 0.987191444382267, "roc_auc_score": 0.7513430744246826, "train_percent": 0.21, "reduced_by": 0}