{"estimator": {"params": {"metric": "manhattan", "shrink_threshold": null}, "runtime": "0:00:00.035754", "classifier": "NearestCentroid(metric='manhattan', shrink_threshold=None)"}, "accuracy_score": 0.5377120394876433, "balanced_accuracy": 0.745164270763629, "confusion_matrix": [[83219, 82642], [151, 13082]], "f1_score": 0.24013142799452997, "precision_score": 0.13666374159040576, "recall_score": 0.9885891332275372, "roc_auc_score": 0.745164270763629, "train_percent": 0.35, "reduced_by": 3}