{"estimator": {"params": {"metric": "manhattan", "shrink_threshold": null}, "runtime": "0:00:00.019611", "classifier": "NearestCentroid(metric='manhattan', shrink_threshold=None)"}, "accuracy_score": 0.8878133723556644, "balanced_accuracy": 0.9220483559366364, "confusion_matrix": [[211527, 28333], [723, 18414]], "f1_score": 0.5589824540100783, "precision_score": 0.3939076304361777, "recall_score": 0.9622197836651513, "roc_auc_score": 0.9220483559366363, "train_percent": 0.06, "reduced_by": 1}