{"estimator": {"params": {"metric": "manhattan", "shrink_threshold": null}, "runtime": "0:00:00.019548", "classifier": "NearestCentroid(metric='manhattan', shrink_threshold=None)"}, "accuracy_score": 0.5498539126247943, "balanced_accuracy": 0.7510872870620441, "confusion_matrix": [[130746, 123149], [259, 19997]], "f1_score": 0.24475832609147996, "precision_score": 0.13969653360904252, "recall_score": 0.9872136650868878, "roc_auc_score": 0.7510872870620442, "train_percent": 0.005, "reduced_by": 1}