{"estimator": {"params": {"metric": "manhattan", "shrink_threshold": null}, "runtime": "0:00:00.013084", "classifier": "NearestCentroid(metric='manhattan', shrink_threshold=None)"}, "accuracy_score": 0.877879623473677, "balanced_accuracy": 0.9158340135502642, "confusion_matrix": [[222107, 32808], [806, 19532]], "f1_score": 0.5374941522881752, "precision_score": 0.373175391669851, "recall_score": 0.9603697512046415, "roc_auc_score": 0.9158340135502643, "train_percent": 0.001, "reduced_by": 4}